grid_number,longitude,latitude,issue_local,p_h1_0.1mm,flag_h1_0.1mm,p_h3_0.1mm,flag_h3_0.1mm,p_h6_0.1mm,flag_h6_0.1mm,p_h1_1.0mm,flag_h1_1.0mm,p_h3_1.0mm,flag_h3_1.0mm,p_h6_1.0mm,flag_h6_1.0mm,hw_cold235_env_lag1,hw_valid
1,101.030316,5.839305,2026-08-31 16:00:00,0.4058,1,0.6257,1,0.6769,1,0.2191,0,0.3165,1,0.4084,1,0.0007,1
2,101.260838,5.839305,2026-08-31 16:00:00,0.4145,1,0.5864,1,0.642,1,0.193,0,0.3494,1,0.4084,1,0.0,1
3,101.721881,5.839305,2026-08-31 16:00:00,0.4685,1,0.6257,1,0.7343,1,0.2744,1,0.434,1,0.4788,1,0.0,1
4,101.260838,6.065398,2026-08-31 16:00:00,0.585,1,0.6607,1,0.7793,1,0.3731,1,0.5035,1,0.5386,1,0.0626,1
5,101.491359,6.065398,2026-08-31 16:00:00,0.5455,1,0.7034,1,0.7559,1,0.4004,1,0.5371,1,0.5321,1,0.017,1
6,101.721881,6.065398,2026-08-31 16:00:00,0.5455,1,0.6751,1,0.7793,1,0.424,1,0.5567,1,0.5895,1,0.0007,1
7,101.952403,6.065398,2026-08-31 16:00:00,0.4975,1,0.6534,1,0.7487,1,0.3716,1,0.4968,1,0.5158,1,0.0006,1
8,101.030316,6.291491,2026-08-31 16:00:00,0.4709,1,0.6751,1,0.8097,1,0.193,0,0.3165,1,0.4205,1,0.1758,1
9,101.260838,6.291491,2026-08-31 16:00:00,0.513,1,0.7143,1,0.8202,1,0.3405,1,0.4017,1,0.5158,1,0.1623,1
10,101.491359,6.291491,2026-08-31 16:00:00,0.5414,1,0.6908,1,0.8097,1,0.3716,1,0.4017,1,0.483,1,0.0866,1
11,101.721881,6.291491,2026-08-31 16:00:00,0.5017,1,0.6607,1,0.8201,1,0.3855,1,0.4912,1,0.5237,1,0.0358,1
12,101.952403,6.291491,2026-08-31 16:00:00,0.5414,1,0.7034,1,0.8097,1,0.3731,1,0.4746,1,0.5386,1,0.0085,1
13,99.647186,6.517584,2026-08-31 16:00:00,0.15,0,0.3145,0,0.5202,1,0.0462,0,0.1151,0,0.1842,0,0.0034,1
14,100.108229,6.517584,2026-08-31 16:00:00,0.3051,0,0.4325,1,0.6683,1,0.1046,0,0.1648,0,0.2178,0,0.0,1
15,100.569273,6.517584,2026-08-31 16:00:00,0.3376,0,0.6257,1,0.7547,1,0.164,0,0.3047,1,0.3829,1,0.1151,1
16,100.799794,6.517584,2026-08-31 16:00:00,0.3264,0,0.5864,1,0.7487,1,0.1433,0,0.2561,0,0.324,0,0.1595,1
17,101.030316,6.517584,2026-08-31 16:00:00,0.3889,1,0.6257,1,0.7793,1,0.1622,0,0.3047,1,0.3679,1,0.1909,1
18,101.260838,6.517584,2026-08-31 16:00:00,0.4145,1,0.6257,1,0.7793,1,0.2235,0,0.3104,1,0.4084,1,0.1713,1
19,101.491359,6.517584,2026-08-31 16:00:00,0.4685,1,0.6751,1,0.8344,1,0.2744,1,0.4017,1,0.5158,1,0.1001,1
20,101.721881,6.517584,2026-08-31 16:00:00,0.4685,1,0.6534,1,0.7793,1,0.3405,1,0.4392,1,0.5386,1,0.0481,1
21,99.877708,6.743677,2026-08-31 16:00:00,0.2073,0,0.422,1,0.6203,1,0.0621,0,0.1849,0,0.2178,0,0.0,1
22,100.108229,6.743677,2026-08-31 16:00:00,0.2073,0,0.422,1,0.5834,1,0.0691,0,0.1711,0,0.2324,0,0.0,1
23,100.338751,6.743677,2026-08-31 16:00:00,0.2711,0,0.4865,1,0.6423,1,0.1053,0,0.2246,0,0.2856,0,0.0176,1
24,100.569273,6.743677,2026-08-31 16:00:00,0.3376,0,0.5546,1,0.7032,1,0.1433,0,0.2787,0,0.3383,0,0.0915,1
25,100.799794,6.743677,2026-08-31 16:00:00,0.3376,0,0.6053,1,0.7343,1,0.1307,0,0.2872,0,0.3679,1,0.1564,1
26,101.030316,6.743677,2026-08-31 16:00:00,0.3889,1,0.6257,1,0.8202,1,0.164,0,0.3104,1,0.4205,1,0.1803,1
27,101.260838,6.743677,2026-08-31 16:00:00,0.3889,1,0.5864,1,0.7793,1,0.1862,0,0.3047,1,0.4084,1,0.1421,1
28,101.491359,6.743677,2026-08-31 16:00:00,0.4145,1,0.6257,1,0.7559,1,0.2056,0,0.3104,1,0.4205,1,0.0888,1
29,99.877708,6.969769,2026-08-31 16:00:00,0.2073,0,0.3585,0,0.4733,1,0.0462,0,0.1537,0,0.1715,0,0.0,1
30,100.108229,6.969769,2026-08-31 16:00:00,0.1797,0,0.3324,0,0.5216,1,0.0588,0,0.1333,0,0.21,0,0.0,1
31,100.338751,6.969769,2026-08-31 16:00:00,0.1603,0,0.3948,0,0.5703,1,0.0698,0,0.1711,0,0.2178,0,0.0,1
32,100.569273,6.969769,2026-08-31 16:00:00,0.2254,0,0.4597,1,0.6683,1,0.1095,0,0.2177,0,0.2693,0,0.0094,1
33,99.647186,7.195862,2026-08-31 16:00:00,0.2073,0,0.4325,1,0.6203,1,0.0757,0,0.191,0,0.237,0,0.0,1
34,99.877708,7.195862,2026-08-31 16:00:00,0.2073,0,0.4597,1,0.5216,1,0.0698,0,0.2014,0,0.21,0,0.0,1
35,100.108229,7.195862,2026-08-31 16:00:00,0.259,0,0.422,1,0.5834,1,0.0822,0,0.2014,0,0.2178,0,0.0,1
36,100.338751,7.195862,2026-08-31 16:00:00,0.2254,0,0.3948,0,0.6192,1,0.0687,0,0.2014,0,0.237,0,0.0,1
37,100.569273,7.195862,2026-08-31 16:00:00,0.1902,0,0.422,1,0.6192,1,0.0698,0,0.1849,0,0.21,0,0.0,1
38,99.416664,7.421955,2026-08-31 16:00:00,0.2073,0,0.422,1,0.67,1,0.074,0,0.1711,0,0.2541,0,0.0265,1
39,99.647186,7.421955,2026-08-31 16:00:00,0.3051,0,0.4597,1,0.7149,1,0.0757,0,0.1982,0,0.2693,0,0.0194,1
40,99.877708,7.421955,2026-08-31 16:00:00,0.2254,0,0.4597,1,0.5703,1,0.0757,0,0.251,0,0.2464,0,0.0124,1
41,100.108229,7.421955,2026-08-31 16:00:00,0.2818,0,0.3631,0,0.6542,1,0.1112,0,0.191,0,0.237,0,0.028,1
42,100.338751,7.421955,2026-08-31 16:00:00,0.259,0,0.422,1,0.6885,1,0.0691,0,0.1879,0,0.21,0,0.019,1
43,99.186143,7.648048,2026-08-31 16:00:00,0.3264,0,0.5762,1,0.7542,1,0.1119,0,0.2787,0,0.3829,1,0.0267,1
44,99.416664,7.648048,2026-08-31 16:00:00,0.275,0,0.4865,1,0.6683,1,0.0757,0,0.191,0,0.2541,0,0.0286,1
45,99.647186,7.648048,2026-08-31 16:00:00,0.2711,0,0.422,1,0.6192,1,0.0528,0,0.1849,0,0.237,0,0.047,1
46,99.877708,7.648048,2026-08-31 16:00:00,0.2254,0,0.422,1,0.6082,1,0.0621,0,0.1849,0,0.21,0,0.0597,1
47,100.108229,7.648048,2026-08-31 16:00:00,0.3264,0,0.4865,1,0.7343,1,0.1201,0,0.191,0,0.2856,0,0.0744,1
48,100.338751,7.648048,2026-08-31 16:00:00,0.259,0,0.3948,0,0.67,1,0.087,0,0.1711,0,0.21,0,0.0861,1
49,99.186143,7.874141,2026-08-31 16:00:00,0.259,0,0.4865,1,0.6082,1,0.0867,0,0.2293,0,0.3074,0,0.0266,1
50,99.416664,7.874141,2026-08-31 16:00:00,0.2254,0,0.422,1,0.577,1,0.0663,0,0.1879,0,0.2324,0,0.0321,1
51,99.647186,7.874141,2026-08-31 16:00:00,0.2254,0,0.3965,0,0.6192,1,0.0512,0,0.1711,0,0.21,0,0.0546,1
52,99.877708,7.874141,2026-08-31 16:00:00,0.2073,0,0.422,1,0.5477,1,0.0512,0,0.1333,0,0.1715,0,0.0824,1
53,100.108229,7.874141,2026-08-31 16:00:00,0.3051,0,0.4597,1,0.7137,1,0.0951,0,0.191,0,0.21,0,0.0938,1
54,100.338751,7.874141,2026-08-31 16:00:00,0.2874,0,0.4597,1,0.7137,1,0.074,0,0.1648,0,0.1715,0,0.1134,1
55,98.494578,8.100234,2026-08-31 16:00:00,0.3889,1,0.5937,1,0.8097,1,0.1433,0,0.3486,1,0.5386,1,0.0663,1
56,98.955621,8.100234,2026-08-31 16:00:00,0.2874,0,0.4325,1,0.6211,1,0.1112,0,0.2561,0,0.3131,0,0.0444,1
57,99.186143,8.100234,2026-08-31 16:00:00,0.2874,0,0.422,1,0.577,1,0.0698,0,0.2561,0,0.3131,0,0.0273,1
58,99.416664,8.100234,2026-08-31 16:00:00,0.2711,0,0.4325,1,0.6192,1,0.0698,0,0.2014,0,0.2541,0,0.032,1
59,99.647186,8.100234,2026-08-31 16:00:00,0.2874,0,0.4597,1,0.6542,1,0.0698,0,0.191,0,0.237,0,0.0457,1
60,99.877708,8.100234,2026-08-31 16:00:00,0.3312,0,0.5241,1,0.7002,1,0.1095,0,0.2293,0,0.237,0,0.0757,1
61,100.108229,8.100234,2026-08-31 16:00:00,0.3376,0,0.5436,1,0.8097,1,0.1201,0,0.2293,0,0.3081,0,0.0985,1
62,98.264056,8.326327,2026-08-31 16:00:00,0.4685,1,0.6607,1,0.8097,1,0.1862,0,0.3727,1,0.5056,1,0.1511,1
63,98.494578,8.326327,2026-08-31 16:00:00,0.5414,1,0.6542,1,0.8097,1,0.193,0,0.3948,1,0.5056,1,0.2093,1
64,98.725099,8.326327,2026-08-31 16:00:00,0.3264,0,0.5762,1,0.6542,1,0.1201,0,0.306,1,0.3829,1,0.1979,1
65,98.955621,8.326327,2026-08-31 16:00:00,0.3264,0,0.5131,1,0.6192,1,0.1201,0,0.2787,0,0.3131,0,0.1518,1
66,99.186143,8.326327,2026-08-31 16:00:00,0.3264,0,0.475,1,0.6192,1,0.1046,0,0.2561,0,0.3383,0,0.0896,1
67,99.416664,8.326327,2026-08-31 16:00:00,0.3264,0,0.4865,1,0.6192,1,0.087,0,0.2293,0,0.2693,0,0.0369,1
68,99.647186,8.326327,2026-08-31 16:00:00,0.275,0,0.4325,1,0.577,1,0.0757,0,0.2293,0,0.2693,0,0.0097,1
69,99.877708,8.326327,2026-08-31 16:00:00,0.3376,0,0.422,1,0.5834,1,0.1201,0,0.2293,0,0.2856,0,0.0242,1
70,100.108229,8.326327,2026-08-31 16:00:00,0.2874,0,0.3965,0,0.6683,1,0.0912,0,0.191,0,0.21,0,0.0906,1
71,98.264056,8.55242,2026-08-31 16:00:00,0.5017,1,0.7476,1,0.8816,1,0.2235,0,0.4505,1,0.5764,1,0.2124,1
72,98.494578,8.55242,2026-08-31 16:00:00,0.5824,1,0.7034,1,0.8214,1,0.2191,0,0.4392,1,0.5386,1,0.2507,1
73,98.725099,8.55242,2026-08-31 16:00:00,0.4544,1,0.5864,1,0.7137,1,0.193,0,0.3227,1,0.4084,1,0.2434,1
74,98.955621,8.55242,2026-08-31 16:00:00,0.3264,0,0.5864,1,0.6683,1,0.1591,0,0.3165,1,0.3829,1,0.2321,1
75,99.186143,8.55242,2026-08-31 16:00:00,0.3,0,0.5762,1,0.6564,1,0.1622,0,0.3047,1,0.3383,0,0.1564,1
76,99.416664,8.55242,2026-08-31 16:00:00,0.3376,0,0.6053,1,0.7149,1,0.1862,0,0.3047,1,0.4084,1,0.099,1
77,99.647186,8.55242,2026-08-31 16:00:00,0.4145,1,0.5546,1,0.7002,1,0.1741,0,0.2787,0,0.3829,1,0.0541,1
78,99.877708,8.55242,2026-08-31 16:00:00,0.5,1,0.6257,1,0.7137,1,0.2272,0,0.3727,1,0.4084,1,0.0021,1
79,98.264056,8.778513,2026-08-31 16:00:00,0.576,1,0.7476,1,0.8816,1,0.2235,0,0.4968,1,0.5838,1,0.213,1
80,98.494578,8.778513,2026-08-31 16:00:00,0.6011,1,0.7233,1,0.8553,1,0.2707,1,0.4505,1,0.5838,1,0.2667,1
81,98.725099,8.778513,2026-08-31 16:00:00,0.4685,1,0.6607,1,0.7343,1,0.2235,0,0.3523,1,0.4452,1,0.2733,1
82,98.955621,8.778513,2026-08-31 16:00:00,0.4145,1,0.6542,1,0.7487,1,0.2235,0,0.3727,1,0.4452,1,0.2376,1
83,99.186143,8.778513,2026-08-31 16:00:00,0.4145,1,0.6053,1,0.7343,1,0.2272,0,0.3227,1,0.4205,1,0.1693,1
84,99.416664,8.778513,2026-08-31 16:00:00,0.3751,1,0.6257,1,0.7137,1,0.2056,0,0.306,1,0.3829,1,0.1057,1
85,99.647186,8.778513,2026-08-31 16:00:00,0.3751,1,0.5546,1,0.6885,1,0.1862,0,0.3047,1,0.3829,1,0.08,1
86,99.877708,8.778513,2026-08-31 16:00:00,0.3264,0,0.4325,1,0.6683,1,0.1591,0,0.2787,0,0.3383,0,0.0289,1
87,98.264056,9.004606,2026-08-31 16:00:00,0.6409,1,0.8339,1,0.9068,1,0.3111,1,0.5371,1,0.6743,1,0.209,1
88,98.494578,9.004606,2026-08-31 16:00:00,0.6011,1,0.7628,1,0.8792,1,0.3833,1,0.5269,1,0.6116,1,0.1958,1
89,98.725099,9.004606,2026-08-31 16:00:00,0.4865,1,0.6751,1,0.8097,1,0.2707,1,0.434,1,0.5158,1,0.2056,1
90,98.955621,9.004606,2026-08-31 16:00:00,0.4145,1,0.6542,1,0.7793,1,0.2272,0,0.4017,1,0.5202,1,0.1906,1
91,99.186143,9.004606,2026-08-31 16:00:00,0.4685,1,0.6534,1,0.8097,1,0.2707,1,0.434,1,0.5158,1,0.1365,1
92,99.416664,9.004606,2026-08-31 16:00:00,0.4145,1,0.6534,1,0.7645,1,0.2126,0,0.306,1,0.4205,1,0.0949,1
93,99.647186,9.004606,2026-08-31 16:00:00,0.4262,1,0.6298,1,0.7559,1,0.2235,0,0.3486,1,0.4205,1,0.076,1
94,99.877708,9.004606,2026-08-31 16:00:00,0.4685,1,0.5303,1,0.7487,1,0.2056,0,0.3047,1,0.3905,1,0.0305,1
95,98.494578,9.230699,2026-08-31 16:00:00,0.585,1,0.7476,1,0.8816,1,0.3731,1,0.5272,1,0.6422,1,0.1472,1
96,98.725099,9.230699,2026-08-31 16:00:00,0.4145,1,0.5807,1,0.7343,1,0.2235,0,0.3727,1,0.5056,1,0.0407,1
97,98.955621,9.230699,2026-08-31 16:00:00,0.3264,0,0.5546,1,0.7343,1,0.1862,0,0.3165,1,0.4533,1,0.0539,1
98,99.186143,9.230699,2026-08-31 16:00:00,0.4262,1,0.5864,1,0.7793,1,0.2056,0,0.3727,1,0.5158,1,0.1048,1
99,99.647186,9.230699,2026-08-31 16:00:00,0.3889,1,0.5546,1,0.7487,1,0.1862,0,0.3104,1,0.3829,1,0.0412,1
100,98.494578,9.456792,2026-08-31 16:00:00,0.5769,1,0.7233,1,0.8816,1,0.2744,1,0.434,1,0.5895,1,0.2379,1
101,98.725099,9.456792,2026-08-31 16:00:00,0.3264,0,0.5436,1,0.7032,1,0.164,0,0.2872,0,0.4205,1,0.1428,1
102,98.955621,9.456792,2026-08-31 16:00:00,0.4145,1,0.5762,1,0.7343,1,0.193,0,0.3165,1,0.4205,1,0.0476,1
103,99.186143,9.456792,2026-08-31 16:00:00,0.2874,0,0.422,1,0.6192,1,0.1095,0,0.251,0,0.3131,0,0.0226,1
104,98.725099,9.682885,2026-08-31 16:00:00,0.4145,1,0.6053,1,0.7343,1,0.1862,0,0.3104,1,0.4084,1,0.2039,1
105,98.955621,9.682885,2026-08-31 16:00:00,0.3751,1,0.5807,1,0.7137,1,0.1622,0,0.3047,1,0.3905,1,0.1059,1
106,98.725099,9.908978,2026-08-31 16:00:00,0.4685,1,0.6257,1,0.7793,1,0.2191,0,0.3494,1,0.4788,1,0.1711,1
107,98.955621,9.908978,2026-08-31 16:00:00,0.3751,1,0.5762,1,0.7343,1,0.1622,0,0.3047,1,0.3829,1,0.1028,1
108,98.725099,10.13507,2026-08-31 16:00:00,0.3889,1,0.6257,1,0.7149,1,0.1622,0,0.3494,1,0.4205,1,0.127,1
109,98.955621,10.13507,2026-08-31 16:00:00,0.4542,1,0.6257,1,0.7542,1,0.1862,0,0.3165,1,0.4205,1,0.0723,1
110,98.955621,10.361163,2026-08-31 16:00:00,0.3889,1,0.6257,1,0.7542,1,0.164,0,0.3547,1,0.5056,1,0.0351,1
111,98.955621,10.587256,2026-08-31 16:00:00,0.3051,0,0.5864,1,0.6542,1,0.1201,0,0.3165,1,0.4533,1,0.0,1
112,99.186143,10.587256,2026-08-31 16:00:00,0.2874,0,0.5229,1,0.6211,1,0.0867,0,0.2787,0,0.4084,1,0.0,1
113,99.186143,10.813349,2026-08-31 16:00:00,0.2874,0,0.5229,1,0.6885,1,0.1112,0,0.2787,0,0.3466,0,0.0,1
114,99.416664,10.813349,2026-08-31 16:00:00,0.2254,0,0.5229,1,0.6564,1,0.074,0,0.2014,0,0.3013,0,0.0,1
115,99.186143,11.039442,2026-08-31 16:00:00,0.3751,1,0.5864,1,0.7343,1,0.1214,0,0.2787,0,0.3829,1,0.0,1
116,99.416664,11.039442,2026-08-31 16:00:00,0.2874,0,0.4926,1,0.67,1,0.0951,0,0.191,0,0.3131,0,0.0,1
117,99.416664,11.265535,2026-08-31 16:00:00,0.3376,0,0.5762,1,0.7542,1,0.1053,0,0.2177,0,0.3074,0,0.0179,1
118,99.647186,11.717721,2026-08-31 16:00:00,0.7005,1,0.8535,1,0.9156,1,0.2786,1,0.3165,1,0.4452,1,0.1242,1
119,99.647186,11.943814,2026-08-31 16:00:00,0.6731,1,0.7953,1,0.8816,1,0.2191,0,0.3047,1,0.4084,1,0.1829,1
120,99.647186,12.169907,2026-08-31 16:00:00,0.6489,1,0.8082,1,0.8792,1,0.2235,0,0.3104,1,0.4205,1,0.2253,1
121,99.877708,12.169907,2026-08-31 16:00:00,0.513,1,0.7034,1,0.8355,1,0.1622,0,0.2561,0,0.3383,0,0.1511,1
122,102.413446,12.169907,2026-08-31 16:00:00,0.8789,1,0.939,1,0.9736,1,0.5393,1,0.6709,1,0.7598,1,0.5684,1
123,99.647186,12.396,2026-08-31 16:00:00,0.513,1,0.6534,1,0.7793,1,0.164,0,0.2293,0,0.3383,0,0.2717,1
124,99.877708,12.396,2026-08-31 16:00:00,0.4975,1,0.6257,1,0.7793,1,0.1201,0,0.2014,0,0.3081,0,0.2758,1
125,102.182924,12.396,2026-08-31 16:00:00,0.7956,1,0.897,1,0.9608,1,0.424,1,0.5746,1,0.712,1,0.2422,1
126,102.413446,12.396,2026-08-31 16:00:00,0.866,1,0.939,1,0.9777,1,0.5393,1,0.6437,1,0.7875,1,0.3266,1
127,102.643968,12.396,2026-08-31 16:00:00,0.8789,1,0.939,1,0.9777,1,0.5537,1,0.74,1,0.8285,1,0.4339,1
128,99.416664,12.622093,2026-08-31 16:00:00,0.585,1,0.6985,1,0.8202,1,0.1862,0,0.2787,0,0.4084,1,0.1685,1
129,99.647186,12.622093,2026-08-31 16:00:00,0.5377,1,0.6607,1,0.8097,1,0.1201,0,0.2513,0,0.3383,0,0.2703,1
130,99.877708,12.622093,2026-08-31 16:00:00,0.3376,0,0.4865,1,0.6192,1,0.0951,0,0.1849,0,0.21,0,0.3166,1
131,101.952403,12.622093,2026-08-31 16:00:00,0.8676,1,0.9381,1,0.9777,1,0.4999,1,0.6526,1,0.751,1,0.2631,1
132,102.182924,12.622093,2026-08-31 16:00:00,0.8362,1,0.939,1,0.9608,1,0.4551,1,0.6828,1,0.7875,1,0.2412,1
133,102.413446,12.622093,2026-08-31 16:00:00,0.8315,1,0.9239,1,0.9608,1,0.448,1,0.6828,1,0.7598,1,0.2529,1
134,99.416664,12.848186,2026-08-31 16:00:00,0.5455,1,0.7396,1,0.856,1,0.1741,0,0.2787,0,0.4205,1,0.1222,1
135,99.647186,12.848186,2026-08-31 16:00:00,0.4685,1,0.6257,1,0.7793,1,0.1119,0,0.2293,0,0.3383,0,0.2527,1
136,99.877708,12.848186,2026-08-31 16:00:00,0.4145,1,0.5303,1,0.7149,1,0.1052,0,0.191,0,0.237,0,0.3677,1
137,101.030316,12.848186,2026-08-31 16:00:00,0.6731,1,0.8209,1,0.924,1,0.2707,1,0.4912,1,0.5764,1,0.6908,1
138,101.260838,12.848186,2026-08-31 16:00:00,0.7005,1,0.8375,1,0.9403,1,0.3058,1,0.5269,1,0.5764,1,0.7034,1
139,101.491359,12.848186,2026-08-31 16:00:00,0.8167,1,0.8835,1,0.9519,1,0.3855,1,0.5567,1,0.6726,1,0.677,1
140,101.721881,12.848186,2026-08-31 16:00:00,0.8315,1,0.8881,1,0.9519,1,0.4061,1,0.5746,1,0.6878,1,0.6034,1
141,101.952403,12.848186,2026-08-31 16:00:00,0.8789,1,0.939,1,0.9736,1,0.4999,1,0.6176,1,0.7322,1,0.5204,1
142,102.182924,12.848186,2026-08-31 16:00:00,0.8676,1,0.9381,1,0.9736,1,0.4999,1,0.6905,1,0.7875,1,0.4385,1
143,102.413446,12.848186,2026-08-31 16:00:00,0.9377,1,0.9639,1,0.9886,1,0.5953,1,0.7845,1,0.8547,1,0.4009,1
144,99.186143,13.074279,2026-08-31 16:00:00,0.7005,1,0.8375,1,0.9156,1,0.3716,1,0.4392,1,0.6422,1,0.0388,1
145,99.416664,13.074279,2026-08-31 16:00:00,0.513,1,0.7029,1,0.8344,1,0.1622,0,0.2561,0,0.4084,1,0.1126,1
146,99.647186,13.074279,2026-08-31 16:00:00,0.4865,1,0.5807,1,0.7343,1,0.1112,0,0.1982,0,0.2955,0,0.322,1
147,99.877708,13.074279,2026-08-31 16:00:00,0.4685,1,0.5762,1,0.7793,1,0.1095,0,0.2014,0,0.2693,0,0.5226,1
148,101.030316,13.074279,2026-08-31 16:00:00,0.7633,1,0.8644,1,0.9326,1,0.325,1,0.4968,1,0.5764,1,0.8527,1
149,101.260838,13.074279,2026-08-31 16:00:00,0.7741,1,0.8984,1,0.946,1,0.3731,1,0.5567,1,0.6114,1,0.9171,1
150,101.491359,13.074279,2026-08-31 16:00:00,0.8315,1,0.906,1,0.946,1,0.3855,1,0.5746,1,0.67,1,0.9166,1
151,101.721881,13.074279,2026-08-31 16:00:00,0.8676,1,0.9163,1,0.9669,1,0.4511,1,0.6223,1,0.7322,1,0.8591,1
152,101.952403,13.074279,2026-08-31 16:00:00,0.9215,1,0.939,1,0.9777,1,0.5537,1,0.6709,1,0.7875,1,0.7804,1
153,102.182924,13.074279,2026-08-31 16:00:00,0.9377,1,0.9565,1,0.9777,1,0.5537,1,0.7525,1,0.8134,1,0.7035,1
154,102.413446,13.074279,2026-08-31 16:00:00,0.9227,1,0.939,1,0.9736,1,0.6636,1,0.7992,1,0.8547,1,0.6545,1
155,99.416664,13.300372,2026-08-31 16:00:00,0.5824,1,0.7652,1,0.8892,1,0.193,0,0.3104,1,0.4205,1,0.1526,1
156,99.647186,13.300372,2026-08-31 16:00:00,0.513,1,0.6607,1,0.8097,1,0.1201,0,0.222,0,0.3081,0,0.3166,1
157,99.877708,13.300372,2026-08-31 16:00:00,0.5,1,0.7143,1,0.8892,1,0.1328,0,0.2787,0,0.3829,1,0.4878,1
158,101.030316,13.300372,2026-08-31 16:00:00,0.825,1,0.9068,1,0.946,1,0.3536,1,0.5371,1,0.6998,1,0.6932,1
159,101.260838,13.300372,2026-08-31 16:00:00,0.866,1,0.9239,1,0.9608,1,0.3731,1,0.5567,1,0.6878,1,0.758,1
160,101.491359,13.300372,2026-08-31 16:00:00,0.8789,1,0.9239,1,0.9519,1,0.448,1,0.6223,1,0.7598,1,0.823,1
161,101.721881,13.300372,2026-08-31 16:00:00,0.8789,1,0.939,1,0.9777,1,0.4662,1,0.6526,1,0.7837,1,0.8748,1
162,101.952403,13.300372,2026-08-31 16:00:00,0.9227,1,0.9565,1,0.984,1,0.4999,1,0.7263,1,0.8048,1,0.9022,1
163,102.182924,13.300372,2026-08-31 16:00:00,0.9215,1,0.9565,1,0.9777,1,0.5393,1,0.74,1,0.8125,1,0.8482,1
164,99.416664,13.526464,2026-08-31 16:00:00,0.585,1,0.7143,1,0.8355,1,0.1622,0,0.2293,0,0.324,0,0.1639,1
165,99.647186,13.526464,2026-08-31 16:00:00,0.576,1,0.7476,1,0.854,1,0.1433,0,0.2787,0,0.3383,0,0.2669,1
166,99.877708,13.526464,2026-08-31 16:00:00,0.6011,1,0.8082,1,0.9068,1,0.1741,0,0.3523,1,0.4205,1,0.3861,1
167,100.108229,13.526464,2026-08-31 16:00:00,0.576,1,0.7652,1,0.9156,1,0.164,0,0.3047,1,0.4084,1,0.4613,1
168,100.338751,13.526464,2026-08-31 16:00:00,0.5769,1,0.7476,1,0.8892,1,0.1862,0,0.3727,1,0.483,1,0.474,1
169,100.569273,13.526464,2026-08-31 16:00:00,0.6607,1,0.8082,1,0.9068,1,0.193,0,0.3948,1,0.5342,1,0.4478,1
170,100.799794,13.526464,2026-08-31 16:00:00,0.7272,1,0.8209,1,0.9156,1,0.193,0,0.3727,1,0.5321,1,0.4396,1
171,101.030316,13.526464,2026-08-31 16:00:00,0.7633,1,0.8454,1,0.924,1,0.2878,1,0.5035,1,0.6114,1,0.4199,1
172,101.260838,13.526464,2026-08-31 16:00:00,0.8167,1,0.8881,1,0.9519,1,0.3855,1,0.5371,1,0.6998,1,0.4895,1
173,101.491359,13.526464,2026-08-31 16:00:00,0.8362,1,0.9024,1,0.946,1,0.424,1,0.5746,1,0.6998,1,0.5662,1
174,101.721881,13.526464,2026-08-31 16:00:00,0.8434,1,0.939,1,0.957,1,0.4551,1,0.6176,1,0.7322,1,0.634,1
175,101.952403,13.526464,2026-08-31 16:00:00,0.8789,1,0.939,1,0.9736,1,0.4999,1,0.6928,1,0.7908,1,0.6683,1
176,102.182924,13.526464,2026-08-31 16:00:00,0.9215,1,0.9639,1,0.9777,1,0.5393,1,0.74,1,0.7875,1,0.6773,1
177,99.186143,13.752557,2026-08-31 16:00:00,0.5414,1,0.7211,1,0.868,1,0.1741,0,0.2872,0,0.483,1,0.1069,1
178,99.416664,13.752557,2026-08-31 16:00:00,0.5769,1,0.7143,1,0.854,1,0.1328,0,0.2787,0,0.3383,0,0.1363,1
179,99.647186,13.752557,2026-08-31 16:00:00,0.6208,1,0.8082,1,0.8892,1,0.1622,0,0.306,1,0.4084,1,0.1999,1
180,99.877708,13.752557,2026-08-31 16:00:00,0.6409,1,0.8209,1,0.9068,1,0.193,0,0.3727,1,0.4505,1,0.2831,1
181,100.108229,13.752557,2026-08-31 16:00:00,0.6208,1,0.8082,1,0.9068,1,0.193,0,0.3727,1,0.4533,1,0.2818,1
182,100.338751,13.752557,2026-08-31 16:00:00,0.5,1,0.7396,1,0.8816,1,0.1862,0,0.3486,1,0.4205,1,0.2382,1
183,100.569273,13.752557,2026-08-31 16:00:00,0.5,1,0.7167,1,0.8553,1,0.1722,0,0.3104,1,0.4205,1,0.1794,1
184,100.799794,13.752557,2026-08-31 16:00:00,0.5455,1,0.7476,1,0.8892,1,0.1741,0,0.3494,1,0.5056,1,0.1669,1
185,101.030316,13.752557,2026-08-31 16:00:00,0.6011,1,0.8082,1,0.9068,1,0.1862,0,0.3969,1,0.5342,1,0.1771,1
186,101.260838,13.752557,2026-08-31 16:00:00,0.7301,1,0.8339,1,0.924,1,0.2707,1,0.5035,1,0.6114,1,0.2325,1
187,101.491359,13.752557,2026-08-31 16:00:00,0.7633,1,0.8762,1,0.946,1,0.3058,1,0.5272,1,0.6516,1,0.2909,1
188,101.721881,13.752557,2026-08-31 16:00:00,0.7301,1,0.8881,1,0.946,1,0.3716,1,0.5567,1,0.6878,1,0.3612,1
189,101.952403,13.752557,2026-08-31 16:00:00,0.825,1,0.9239,1,0.9669,1,0.448,1,0.6223,1,0.7322,1,0.3849,1
190,102.182924,13.752557,2026-08-31 16:00:00,0.8676,1,0.9417,1,0.9777,1,0.4551,1,0.6828,1,0.7875,1,0.3923,1
191,102.413446,13.752557,2026-08-31 16:00:00,0.866,1,0.939,1,0.9736,1,0.5034,1,0.6709,1,0.7875,1,0.3865,1
192,102.643968,13.752557,2026-08-31 16:00:00,0.8789,1,0.939,1,0.9777,1,0.5537,1,0.74,1,0.7908,1,0.3383,1
193,99.186143,13.97865,2026-08-31 16:00:00,0.585,1,0.7396,1,0.8816,1,0.2272,0,0.3948,1,0.5321,1,0.0815,1
194,99.416664,13.97865,2026-08-31 16:00:00,0.6011,1,0.7476,1,0.8816,1,0.1741,0,0.2561,0,0.3829,1,0.067,1
195,99.647186,13.97865,2026-08-31 16:00:00,0.5455,1,0.7652,1,0.8976,1,0.1741,0,0.3104,1,0.4452,1,0.0907,1
196,99.877708,13.97865,2026-08-31 16:00:00,0.6409,1,0.8209,1,0.9156,1,0.2056,0,0.4017,1,0.5056,1,0.0924,1
197,100.108229,13.97865,2026-08-31 16:00:00,0.5824,1,0.7953,1,0.8892,1,0.193,0,0.3494,1,0.4583,1,0.0678,1
198,100.338751,13.97865,2026-08-31 16:00:00,0.4865,1,0.7143,1,0.856,1,0.2235,0,0.3948,1,0.5056,1,0.0583,1
199,100.569273,13.97865,2026-08-31 16:00:00,0.4685,1,0.7167,1,0.868,1,0.1862,0,0.3494,1,0.4205,1,0.0466,1
200,100.799794,13.97865,2026-08-31 16:00:00,0.4975,1,0.7167,1,0.8816,1,0.1741,0,0.3494,1,0.4452,1,0.0404,1
201,101.030316,13.97865,2026-08-31 16:00:00,0.4262,1,0.7143,1,0.854,1,0.1433,0,0.3047,1,0.4205,1,0.0374,1
202,101.260838,13.97865,2026-08-31 16:00:00,0.5414,1,0.7476,1,0.9068,1,0.164,0,0.3165,1,0.4583,1,0.0295,1
203,101.491359,13.97865,2026-08-31 16:00:00,0.5824,1,0.7476,1,0.9068,1,0.2126,0,0.3948,1,0.5158,1,0.0543,1
204,101.721881,13.97865,2026-08-31 16:00:00,0.6232,1,0.8082,1,0.9156,1,0.2191,0,0.4017,1,0.5237,1,0.1184,1
205,101.952403,13.97865,2026-08-31 16:00:00,0.6409,1,0.7953,1,0.9068,1,0.2707,1,0.4392,1,0.5838,1,0.1516,1
206,102.182924,13.97865,2026-08-31 16:00:00,0.6607,1,0.8375,1,0.9326,1,0.2744,1,0.5269,1,0.6676,1,0.1486,1
207,102.413446,13.97865,2026-08-31 16:00:00,0.6624,1,0.8375,1,0.9432,1,0.3716,1,0.5371,1,0.6726,1,0.1256,1
208,102.643968,13.97865,2026-08-31 16:00:00,0.7633,1,0.8835,1,0.9484,1,0.424,1,0.6176,1,0.712,1,0.0884,1
209,98.955621,14.204743,2026-08-31 16:00:00,0.7741,1,0.8644,1,0.9403,1,0.424,1,0.5269,1,0.6998,1,0.0687,1
210,99.186143,14.204743,2026-08-31 16:00:00,0.7301,1,0.8644,1,0.9403,1,0.3731,1,0.5035,1,0.6726,1,0.054,1
211,99.416664,14.204743,2026-08-31 16:00:00,0.6731,1,0.8082,1,0.8892,1,0.2056,0,0.3104,1,0.4205,1,0.0206,1
212,99.647186,14.204743,2026-08-31 16:00:00,0.6232,1,0.7652,1,0.868,1,0.1741,0,0.2561,0,0.3679,1,0.0315,1
213,99.877708,14.204743,2026-08-31 16:00:00,0.5824,1,0.7167,1,0.8546,1,0.1201,0,0.2293,0,0.3383,0,0.0312,1
214,100.108229,14.204743,2026-08-31 16:00:00,0.5769,1,0.7034,1,0.8344,1,0.1328,0,0.2293,0,0.3383,0,0.0254,1
215,100.338751,14.204743,2026-08-31 16:00:00,0.5414,1,0.7143,1,0.854,1,0.1422,0,0.3047,1,0.3905,1,0.026,1
216,100.569273,14.204743,2026-08-31 16:00:00,0.4685,1,0.6534,1,0.8214,1,0.1622,0,0.3104,1,0.4084,1,0.0207,1
217,100.799794,14.204743,2026-08-31 16:00:00,0.4685,1,0.6751,1,0.8344,1,0.1741,0,0.3494,1,0.4205,1,0.0192,1
218,101.030316,14.204743,2026-08-31 16:00:00,0.4685,1,0.6607,1,0.8202,1,0.1622,0,0.3104,1,0.4084,1,0.0049,1
219,101.260838,14.204743,2026-08-31 16:00:00,0.4262,1,0.6607,1,0.8344,1,0.1201,0,0.2787,0,0.3679,1,0.0,1
220,101.491359,14.204743,2026-08-31 16:00:00,0.4685,1,0.6607,1,0.8214,1,0.1422,0,0.2674,0,0.4084,1,0.0,1
221,101.721881,14.204743,2026-08-31 16:00:00,0.5455,1,0.7143,1,0.8097,1,0.1862,0,0.3165,1,0.4788,1,0.0021,1
222,101.952403,14.204743,2026-08-31 16:00:00,0.5455,1,0.7034,1,0.8546,1,0.2056,0,0.3165,1,0.4583,1,0.0194,1
223,102.182924,14.204743,2026-08-31 16:00:00,0.5769,1,0.7143,1,0.8546,1,0.193,0,0.3227,1,0.4788,1,0.0173,1
224,102.413446,14.204743,2026-08-31 16:00:00,0.3376,0,0.5546,1,0.7559,1,0.1201,0,0.2293,0,0.324,0,0.0082,1
225,102.643968,14.204743,2026-08-31 16:00:00,0.4145,1,0.6534,1,0.8201,1,0.1328,0,0.2561,0,0.3679,1,0.0041,1
226,102.874489,14.204743,2026-08-31 16:00:00,0.6489,1,0.7396,1,0.856,1,0.2744,1,0.434,1,0.5321,1,0.0495,1
227,98.725099,14.430836,2026-08-31 16:00:00,0.8434,1,0.9239,1,0.9736,1,0.4551,1,0.6223,1,0.7898,1,0.0482,1
228,98.955621,14.430836,2026-08-31 16:00:00,0.8167,1,0.906,1,0.9669,1,0.448,1,0.6437,1,0.7598,1,0.0365,1
229,99.186143,14.430836,2026-08-31 16:00:00,0.7272,1,0.8375,1,0.924,1,0.3546,1,0.5269,1,0.6422,1,0.0022,1
230,99.416664,14.430836,2026-08-31 16:00:00,0.6232,1,0.8067,1,0.8892,1,0.2235,0,0.3494,1,0.4452,1,0.0126,1
231,99.647186,14.430836,2026-08-31 16:00:00,0.5769,1,0.7396,1,0.854,1,0.1591,0,0.2561,0,0.3383,0,0.0566,1
232,99.877708,14.430836,2026-08-31 16:00:00,0.6607,1,0.7652,1,0.8892,1,0.1433,0,0.2513,0,0.3679,1,0.0693,1
233,100.108229,14.430836,2026-08-31 16:00:00,0.6607,1,0.7953,1,0.8892,1,0.1328,0,0.2293,0,0.3829,1,0.0711,1
234,100.338751,14.430836,2026-08-31 16:00:00,0.4709,1,0.6751,1,0.8214,1,0.1201,0,0.2513,0,0.3466,0,0.0326,1
235,100.569273,14.430836,2026-08-31 16:00:00,0.4685,1,0.6534,1,0.7542,1,0.1112,0,0.2561,0,0.3383,0,0.0022,1
236,100.799794,14.430836,2026-08-31 16:00:00,0.4432,1,0.6607,1,0.7793,1,0.1433,0,0.3047,1,0.4084,1,0.0014,1
237,101.030316,14.430836,2026-08-31 16:00:00,0.4262,1,0.6607,1,0.8097,1,0.1433,0,0.2787,0,0.4084,1,0.0,1
238,101.260838,14.430836,2026-08-31 16:00:00,0.4058,1,0.6317,1,0.8201,1,0.1214,0,0.2787,0,0.3905,1,0.0,1
239,101.491359,14.430836,2026-08-31 16:00:00,0.3751,1,0.5303,1,0.7487,1,0.1112,0,0.2293,0,0.324,0,0.0,1
240,101.721881,14.430836,2026-08-31 16:00:00,0.3751,1,0.5131,1,0.7002,1,0.1095,0,0.2014,0,0.3383,0,0.0021,1
241,101.952403,14.430836,2026-08-31 16:00:00,0.4145,1,0.5807,1,0.7559,1,0.1201,0,0.2293,0,0.3383,0,0.0069,1
242,102.182924,14.430836,2026-08-31 16:00:00,0.4685,1,0.6257,1,0.7487,1,0.1201,0,0.2787,0,0.3383,0,0.0173,1
243,102.413446,14.430836,2026-08-31 16:00:00,0.3889,1,0.5864,1,0.7137,1,0.1119,0,0.251,0,0.324,0,0.0254,1
244,102.643968,14.430836,2026-08-31 16:00:00,0.4542,1,0.6257,1,0.7793,1,0.1741,0,0.2844,0,0.3829,1,0.0226,1
245,102.874489,14.430836,2026-08-31 16:00:00,0.6208,1,0.7143,1,0.8344,1,0.3058,1,0.4392,1,0.5321,1,0.066,1
246,103.105011,14.430836,2026-08-31 16:00:00,0.7005,1,0.8122,1,0.8976,1,0.3405,1,0.4968,1,0.6422,1,0.1417,1
247,103.335533,14.430836,2026-08-31 16:00:00,0.7815,1,0.906,1,0.946,1,0.424,1,0.6223,1,0.6998,1,0.2237,1
248,103.566054,14.430836,2026-08-31 16:00:00,0.8676,1,0.939,1,0.9736,1,0.5857,1,0.7263,1,0.8048,1,0.3157,1
249,103.796576,14.430836,2026-08-31 16:00:00,0.9384,1,0.9639,1,0.9777,1,0.6894,1,0.7534,1,0.8134,1,0.4184,1
250,104.027098,14.430836,2026-08-31 16:00:00,0.9377,1,0.9639,1,0.9777,1,0.7265,1,0.7964,1,0.8547,1,0.4538,1
251,104.257619,14.430836,2026-08-31 16:00:00,0.9534,1,0.9771,1,0.984,1,0.7635,1,0.8186,1,0.8799,1,0.4993,1
252,104.488141,14.430836,2026-08-31 16:00:00,0.9227,1,0.9639,1,0.984,1,0.6985,1,0.7647,1,0.8547,1,0.5344,1
253,104.718663,14.430836,2026-08-31 16:00:00,0.9377,1,0.9639,1,0.9886,1,0.6894,1,0.8275,1,0.8799,1,0.5632,1
254,104.949184,14.430836,2026-08-31 16:00:00,0.9384,1,0.988,1,0.9955,1,0.7635,1,0.842,1,0.8842,1,0.5765,1
255,105.179706,14.430836,2026-08-31 16:00:00,0.8789,1,0.9771,1,0.9886,1,0.6295,1,0.8186,1,0.8725,1,0.5535,1
256,105.410228,14.430836,2026-08-31 16:00:00,0.866,1,0.9643,1,0.9876,1,0.5953,1,0.7525,1,0.8547,1,0.5138,1
257,98.494578,14.656929,2026-08-31 16:00:00,0.9215,1,0.9565,1,0.9777,1,0.6364,1,0.7525,1,0.8869,1,0.1052,1
258,98.725099,14.656929,2026-08-31 16:00:00,0.8167,1,0.906,1,0.9484,1,0.3855,1,0.5772,1,0.712,1,0.0113,1
259,98.955621,14.656929,2026-08-31 16:00:00,0.8151,1,0.8375,1,0.9156,1,0.3731,1,0.5567,1,0.6878,1,0.0,1
260,99.186143,14.656929,2026-08-31 16:00:00,0.6489,1,0.7652,1,0.8892,1,0.2707,1,0.3969,1,0.5386,1,0.0,1
261,99.416664,14.656929,2026-08-31 16:00:00,0.7005,1,0.7652,1,0.8816,1,0.2538,1,0.3165,1,0.4205,1,0.0214,1
262,99.647186,14.656929,2026-08-31 16:00:00,0.6208,1,0.7143,1,0.8202,1,0.164,0,0.2293,0,0.3131,0,0.0714,1
263,99.877708,14.656929,2026-08-31 16:00:00,0.5769,1,0.7167,1,0.854,1,0.1201,0,0.2246,0,0.3383,0,0.071,1
264,100.108229,14.656929,2026-08-31 16:00:00,0.576,1,0.7233,1,0.8355,1,0.0951,0,0.2014,0,0.3383,0,0.07,1
265,100.338751,14.656929,2026-08-31 16:00:00,0.4145,1,0.6257,1,0.7793,1,0.1046,0,0.2014,0,0.3383,0,0.0587,1
266,100.569273,14.656929,2026-08-31 16:00:00,0.4685,1,0.6542,1,0.7793,1,0.1046,0,0.2293,0,0.3383,0,0.0007,1
267,100.799794,14.656929,2026-08-31 16:00:00,0.4542,1,0.7029,1,0.8097,1,0.1328,0,0.306,1,0.3829,1,0.0007,1
268,101.030316,14.656929,2026-08-31 16:00:00,0.4865,1,0.7476,1,0.8344,1,0.164,0,0.3104,1,0.4084,1,0.0,1
269,101.260838,14.656929,2026-08-31 16:00:00,0.3751,1,0.5762,1,0.7343,1,0.1046,0,0.2561,0,0.3383,0,0.0,1
270,101.491359,14.656929,2026-08-31 16:00:00,0.3376,0,0.5229,1,0.7002,1,0.0757,0,0.1711,0,0.2693,0,0.0,1
271,101.721881,14.656929,2026-08-31 16:00:00,0.3051,0,0.4865,1,0.6542,1,0.0698,0,0.191,0,0.2541,0,0.0056,1
272,101.952403,14.656929,2026-08-31 16:00:00,0.3889,1,0.5436,1,0.7002,1,0.1053,0,0.2293,0,0.3383,0,0.0229,1
273,102.182924,14.656929,2026-08-31 16:00:00,0.3889,1,0.5807,1,0.7343,1,0.1433,0,0.2561,0,0.3679,1,0.057,1
274,102.413446,14.656929,2026-08-31 16:00:00,0.4058,1,0.6257,1,0.7793,1,0.1622,0,0.2787,0,0.4084,1,0.0908,1
275,102.643968,14.656929,2026-08-31 16:00:00,0.3264,0,0.6053,1,0.7547,1,0.1433,0,0.3047,1,0.3829,1,0.1175,1
276,102.874489,14.656929,2026-08-31 16:00:00,0.4685,1,0.7167,1,0.8097,1,0.1862,0,0.3727,1,0.4583,1,0.1663,1
277,103.105011,14.656929,2026-08-31 16:00:00,0.6232,1,0.8122,1,0.8792,1,0.2744,1,0.4912,1,0.5895,1,0.2283,1
278,103.335533,14.656929,2026-08-31 16:00:00,0.7956,1,0.8762,1,0.946,1,0.4511,1,0.6223,1,0.7322,1,0.2828,1
279,103.566054,14.656929,2026-08-31 16:00:00,0.8795,1,0.939,1,0.9608,1,0.5537,1,0.74,1,0.8125,1,0.3977,1
280,103.796576,14.656929,2026-08-31 16:00:00,0.9377,1,0.9639,1,0.9669,1,0.7167,1,0.8275,1,0.8799,1,0.4599,1
281,104.027098,14.656929,2026-08-31 16:00:00,0.9227,1,0.939,1,0.9669,1,0.7635,1,0.7964,1,0.8547,1,0.5226,1
282,104.257619,14.656929,2026-08-31 16:00:00,0.9448,1,0.9565,1,0.9736,1,0.7635,1,0.8186,1,0.8725,1,0.6252,1
283,104.488141,14.656929,2026-08-31 16:00:00,0.9377,1,0.9771,1,0.9777,1,0.7635,1,0.8275,1,0.8984,1,0.7164,1
284,104.718663,14.656929,2026-08-31 16:00:00,0.9227,1,0.9639,1,0.9777,1,0.6636,1,0.7534,1,0.8547,1,0.7686,1
285,104.949184,14.656929,2026-08-31 16:00:00,0.9384,1,0.9771,1,0.9886,1,0.6913,1,0.842,1,0.8984,1,0.8165,1
286,105.179706,14.656929,2026-08-31 16:00:00,0.9215,1,0.9819,1,0.9886,1,0.6636,1,0.842,1,0.8991,1,0.8107,1
287,105.410228,14.656929,2026-08-31 16:00:00,0.9227,1,0.9819,1,0.9886,1,0.5953,1,0.7845,1,0.8869,1,0.7683,1
288,98.264056,14.883022,2026-08-31 16:00:00,0.9227,1,0.9639,1,0.9876,1,0.5953,1,0.74,1,0.8984,1,0.2498,1
289,98.494578,14.883022,2026-08-31 16:00:00,0.9128,1,0.9533,1,0.9736,1,0.5537,1,0.74,1,0.8547,1,0.0762,1
290,98.725099,14.883022,2026-08-31 16:00:00,0.8315,1,0.9068,1,0.9591,1,0.4551,1,0.6437,1,0.7875,1,0.0333,1
291,98.955621,14.883022,2026-08-31 16:00:00,0.6731,1,0.8082,1,0.9068,1,0.2786,1,0.4392,1,0.5895,1,0.0008,1
292,99.186143,14.883022,2026-08-31 16:00:00,0.6208,1,0.7652,1,0.8816,1,0.2191,0,0.3486,1,0.5237,1,0.0,1
293,99.416664,14.883022,2026-08-31 16:00:00,0.6011,1,0.6607,1,0.854,1,0.164,0,0.2787,0,0.3383,0,0.0119,1
294,99.647186,14.883022,2026-08-31 16:00:00,0.5455,1,0.6751,1,0.8201,1,0.1201,0,0.1982,0,0.3074,0,0.0606,1
295,99.877708,14.883022,2026-08-31 16:00:00,0.5455,1,0.7143,1,0.8214,1,0.1201,0,0.1982,0,0.3081,0,0.0683,1
296,100.108229,14.883022,2026-08-31 16:00:00,0.576,1,0.6908,1,0.8214,1,0.1201,0,0.2014,0,0.3081,0,0.0607,1
297,100.338751,14.883022,2026-08-31 16:00:00,0.4262,1,0.6751,1,0.8097,1,0.1095,0,0.2293,0,0.3383,0,0.0528,1
298,100.569273,14.883022,2026-08-31 16:00:00,0.4262,1,0.6542,1,0.7542,1,0.1112,0,0.2293,0,0.3383,0,0.0022,1
299,100.799794,14.883022,2026-08-31 16:00:00,0.4145,1,0.6607,1,0.7542,1,0.1307,0,0.2787,0,0.3383,0,0.0,1
300,101.030316,14.883022,2026-08-31 16:00:00,0.4685,1,0.6542,1,0.7793,1,0.1201,0,0.251,0,0.3383,0,0.0,1
301,101.260838,14.883022,2026-08-31 16:00:00,0.4145,1,0.5864,1,0.7137,1,0.0951,0,0.2014,0,0.2541,0,0.0,1
302,101.491359,14.883022,2026-08-31 16:00:00,0.3376,0,0.5546,1,0.67,1,0.0757,0,0.1711,0,0.237,0,0.0,1
303,101.721881,14.883022,2026-08-31 16:00:00,0.3264,0,0.5227,1,0.67,1,0.074,0,0.1711,0,0.2541,0,0.0063,1
304,101.952403,14.883022,2026-08-31 16:00:00,0.3889,1,0.5303,1,0.67,1,0.0912,0,0.2293,0,0.2693,0,0.0286,1
305,102.182924,14.883022,2026-08-31 16:00:00,0.4685,1,0.6053,1,0.7137,1,0.1201,0,0.2787,0,0.3679,1,0.068,1
306,102.413446,14.883022,2026-08-31 16:00:00,0.4145,1,0.6257,1,0.7542,1,0.1433,0,0.2844,0,0.3466,0,0.1024,1
307,102.643968,14.883022,2026-08-31 16:00:00,0.4685,1,0.7476,1,0.7793,1,0.1862,0,0.3727,1,0.4084,1,0.1652,1
308,102.874489,14.883022,2026-08-31 16:00:00,0.5017,1,0.7476,1,0.8233,1,0.193,0,0.3969,1,0.4583,1,0.202,1
309,103.105011,14.883022,2026-08-31 16:00:00,0.5824,1,0.8082,1,0.8553,1,0.2707,1,0.4505,1,0.5716,1,0.2376,1
310,103.335533,14.883022,2026-08-31 16:00:00,0.7301,1,0.8984,1,0.946,1,0.424,1,0.6127,1,0.7322,1,0.2795,1
311,103.566054,14.883022,2026-08-31 16:00:00,0.8352,1,0.9068,1,0.9305,1,0.5393,1,0.6928,1,0.7598,1,0.3093,1
312,103.796576,14.883022,2026-08-31 16:00:00,0.9128,1,0.939,1,0.9432,1,0.6636,1,0.7697,1,0.7875,1,0.3701,1
313,104.027098,14.883022,2026-08-31 16:00:00,0.9227,1,0.939,1,0.9608,1,0.5953,1,0.7525,1,0.7898,1,0.4287,1
314,104.257619,14.883022,2026-08-31 16:00:00,0.9384,1,0.9565,1,0.9669,1,0.6913,1,0.7992,1,0.8496,1,0.5588,1
315,104.488141,14.883022,2026-08-31 16:00:00,0.9215,1,0.9639,1,0.9777,1,0.6636,1,0.7879,1,0.8799,1,0.6783,1
316,104.718663,14.883022,2026-08-31 16:00:00,0.866,1,0.9565,1,0.9669,1,0.5857,1,0.74,1,0.8547,1,0.7759,1
317,104.949184,14.883022,2026-08-31 16:00:00,0.9128,1,0.9639,1,0.984,1,0.6295,1,0.7879,1,0.8799,1,0.8902,1
318,105.179706,14.883022,2026-08-31 16:00:00,0.9128,1,0.9565,1,0.9777,1,0.5537,1,0.7534,1,0.8285,1,0.9545,1
319,105.410228,14.883022,2026-08-31 16:00:00,0.9215,1,0.9771,1,0.984,1,0.6364,1,0.8275,1,0.8869,1,0.9716,1
320,98.264056,15.109115,2026-08-31 16:00:00,0.9065,1,0.9639,1,0.9777,1,0.5953,1,0.7525,1,0.8869,1,0.1769,1
321,98.494578,15.109115,2026-08-31 16:00:00,0.9018,1,0.9565,1,0.9736,1,0.5857,1,0.7263,1,0.8725,1,0.0777,1
322,98.725099,15.109115,2026-08-31 16:00:00,0.8167,1,0.897,1,0.9519,1,0.4475,1,0.6437,1,0.8125,1,0.0326,1
323,98.955621,15.109115,2026-08-31 16:00:00,0.6409,1,0.7143,1,0.8816,1,0.2538,1,0.3948,1,0.4788,1,0.0,1
324,99.186143,15.109115,2026-08-31 16:00:00,0.576,1,0.6607,1,0.8214,1,0.193,0,0.2787,0,0.4205,1,0.0,1
325,99.416664,15.109115,2026-08-31 16:00:00,0.4262,1,0.5229,1,0.7542,1,0.074,0,0.1537,0,0.2856,0,0.0,1
326,99.647186,15.109115,2026-08-31 16:00:00,0.5414,1,0.6534,1,0.7793,1,0.1095,0,0.1879,0,0.2856,0,0.0394,1
327,99.877708,15.109115,2026-08-31 16:00:00,0.4685,1,0.6542,1,0.7793,1,0.0757,0,0.1648,0,0.2693,0,0.0543,1
328,100.108229,15.109115,2026-08-31 16:00:00,0.5017,1,0.6607,1,0.8344,1,0.1201,0,0.1982,0,0.3081,0,0.0518,1
329,100.338751,15.109115,2026-08-31 16:00:00,0.3264,0,0.5546,1,0.7539,1,0.1046,0,0.2293,0,0.3131,0,0.0189,1
330,100.569273,15.109115,2026-08-31 16:00:00,0.4145,1,0.5937,1,0.7032,1,0.1112,0,0.2014,0,0.3081,0,0.0,1
331,100.799794,15.109115,2026-08-31 16:00:00,0.4,1,0.5807,1,0.7137,1,0.1201,0,0.2293,0,0.3081,0,0.0,1
332,101.030316,15.109115,2026-08-31 16:00:00,0.4058,1,0.5864,1,0.7149,1,0.0951,0,0.2014,0,0.2856,0,0.0,1
333,101.260838,15.109115,2026-08-31 16:00:00,0.3889,1,0.5436,1,0.7002,1,0.0757,0,0.1648,0,0.2856,0,0.0,1
334,101.491359,15.109115,2026-08-31 16:00:00,0.2874,0,0.475,1,0.6564,1,0.0687,0,0.1711,0,0.2464,0,0.0,1
335,101.721881,15.109115,2026-08-31 16:00:00,0.3051,0,0.5229,1,0.6564,1,0.0757,0,0.191,0,0.3013,0,0.0042,1
336,101.952403,15.109115,2026-08-31 16:00:00,0.2959,0,0.4597,1,0.6542,1,0.0698,0,0.1879,0,0.237,0,0.0225,1
337,102.182924,15.109115,2026-08-31 16:00:00,0.3376,0,0.5436,1,0.67,1,0.1112,0,0.2561,0,0.324,0,0.0621,1
338,102.413446,15.109115,2026-08-31 16:00:00,0.3051,0,0.5227,1,0.6564,1,0.1112,0,0.2293,0,0.3081,0,0.1037,1
339,102.643968,15.109115,2026-08-31 16:00:00,0.4262,1,0.6257,1,0.7032,1,0.1622,0,0.3047,1,0.3679,1,0.1783,1
340,102.874489,15.109115,2026-08-31 16:00:00,0.4685,1,0.6542,1,0.7793,1,0.1722,0,0.3165,1,0.4205,1,0.2058,1
341,103.105011,15.109115,2026-08-31 16:00:00,0.5414,1,0.7167,1,0.8097,1,0.2056,0,0.3727,1,0.5056,1,0.2177,1
342,103.335533,15.109115,2026-08-31 16:00:00,0.5824,1,0.8209,1,0.8892,1,0.3058,1,0.5269,1,0.6114,1,0.2246,1
343,103.566054,15.109115,2026-08-31 16:00:00,0.7741,1,0.906,1,0.9403,1,0.4999,1,0.6591,1,0.7322,1,0.2203,1
344,103.796576,15.109115,2026-08-31 16:00:00,0.8789,1,0.9239,1,0.9441,1,0.6364,1,0.7845,1,0.7875,1,0.2547,1
345,104.027098,15.109115,2026-08-31 16:00:00,0.8676,1,0.9239,1,0.946,1,0.6295,1,0.7525,1,0.7875,1,0.2716,1
346,104.257619,15.109115,2026-08-31 16:00:00,0.9128,1,0.939,1,0.9591,1,0.6295,1,0.7697,1,0.8125,1,0.322,1
347,104.488141,15.109115,2026-08-31 16:00:00,0.8789,1,0.9565,1,0.9669,1,0.6636,1,0.7845,1,0.8285,1,0.4403,1
348,104.718663,15.109115,2026-08-31 16:00:00,0.825,1,0.939,1,0.9519,1,0.5537,1,0.74,1,0.8134,1,0.5361,1
349,104.949184,15.109115,2026-08-31 16:00:00,0.8315,1,0.939,1,0.9777,1,0.5953,1,0.7845,1,0.8547,1,0.6724,1
350,105.179706,15.109115,2026-08-31 16:00:00,0.8434,1,0.939,1,0.9736,1,0.5393,1,0.7525,1,0.8285,1,0.7826,1
351,105.410228,15.109115,2026-08-31 16:00:00,0.9215,1,0.9639,1,0.9876,1,0.6295,1,0.7845,1,0.8725,1,0.7952,1
352,98.494578,15.335208,2026-08-31 16:00:00,0.9215,1,0.9565,1,0.9777,1,0.5537,1,0.7263,1,0.8725,1,0.0573,1
353,98.725099,15.335208,2026-08-31 16:00:00,0.8315,1,0.9327,1,0.9608,1,0.4511,1,0.6526,1,0.7908,1,0.0069,1
354,98.955621,15.335208,2026-08-31 16:00:00,0.585,1,0.7034,1,0.8553,1,0.2272,0,0.3727,1,0.5237,1,0.0,1
355,99.186143,15.335208,2026-08-31 16:00:00,0.585,1,0.7476,1,0.8553,1,0.2191,0,0.3104,1,0.4205,1,0.0,1
356,99.416664,15.335208,2026-08-31 16:00:00,0.4145,1,0.5546,1,0.7149,1,0.0698,0,0.1333,0,0.237,0,0.0,1
357,99.647186,15.335208,2026-08-31 16:00:00,0.4685,1,0.6053,1,0.7149,1,0.0757,0,0.1849,0,0.237,0,0.0,1
358,99.877708,15.335208,2026-08-31 16:00:00,0.4145,1,0.5807,1,0.7137,1,0.0621,0,0.1537,0,0.21,0,0.0081,1
359,100.108229,15.335208,2026-08-31 16:00:00,0.4145,1,0.5864,1,0.7149,1,0.0691,0,0.1648,0,0.237,0,0.0037,1
360,100.338751,15.335208,2026-08-31 16:00:00,0.3376,0,0.5546,1,0.6564,1,0.0755,0,0.1849,0,0.237,0,0.0,1
361,100.569273,15.335208,2026-08-31 16:00:00,0.4145,1,0.5864,1,0.6885,1,0.1095,0,0.1982,0,0.2693,0,0.0,1
362,100.799794,15.335208,2026-08-31 16:00:00,0.3264,0,0.5436,1,0.6683,1,0.1015,0,0.191,0,0.2541,0,0.0,1
363,101.030316,15.335208,2026-08-31 16:00:00,0.3264,0,0.4597,1,0.6192,1,0.0462,0,0.135,0,0.21,0,0.0,1
364,101.260838,15.335208,2026-08-31 16:00:00,0.3,0,0.4325,1,0.6192,1,0.0383,0,0.1174,0,0.2178,0,0.0,1
365,101.491359,15.335208,2026-08-31 16:00:00,0.2874,0,0.4597,1,0.6423,1,0.0299,0,0.0979,0,0.1935,0,0.0,1
366,101.721881,15.335208,2026-08-31 16:00:00,0.2254,0,0.3634,0,0.5759,1,0.0347,0,0.109,0,0.1593,0,0.0,1
367,101.952403,15.335208,2026-08-31 16:00:00,0.1955,0,0.3214,0,0.5178,1,0.0299,0,0.109,0,0.1627,0,0.0056,1
368,102.182924,15.335208,2026-08-31 16:00:00,0.259,0,0.3965,0,0.5703,1,0.0528,0,0.1544,0,0.1715,0,0.0328,1
369,102.413446,15.335208,2026-08-31 16:00:00,0.2254,0,0.4325,1,0.577,1,0.0512,0,0.1711,0,0.2178,0,0.0702,1
370,102.643968,15.335208,2026-08-31 16:00:00,0.3376,0,0.5546,1,0.6192,1,0.1119,0,0.2561,0,0.3131,0,0.1432,1
371,102.874489,15.335208,2026-08-31 16:00:00,0.3889,1,0.5864,1,0.67,1,0.1307,0,0.3104,1,0.3466,0,0.1705,1
372,103.105011,15.335208,2026-08-31 16:00:00,0.4542,1,0.6607,1,0.7343,1,0.1741,0,0.3165,1,0.4205,1,0.1713,1
373,103.335533,15.335208,2026-08-31 16:00:00,0.5017,1,0.7167,1,0.7793,1,0.2235,0,0.4505,1,0.5321,1,0.1535,1
374,103.566054,15.335208,2026-08-31 16:00:00,0.6489,1,0.8082,1,0.8553,1,0.3058,1,0.5269,1,0.5838,1,0.0997,1
375,103.796576,15.335208,2026-08-31 16:00:00,0.8167,1,0.8375,1,0.8892,1,0.4511,1,0.6176,1,0.6878,1,0.0931,1
376,104.027098,15.335208,2026-08-31 16:00:00,0.866,1,0.906,1,0.924,1,0.5537,1,0.7263,1,0.7805,1,0.0849,1
377,104.257619,15.335208,2026-08-31 16:00:00,0.8434,1,0.906,1,0.924,1,0.5537,1,0.74,1,0.7875,1,0.1119,1
378,104.488141,15.335208,2026-08-31 16:00:00,0.7272,1,0.8881,1,0.9305,1,0.3833,1,0.6437,1,0.712,1,0.215,1
379,104.718663,15.335208,2026-08-31 16:00:00,0.7633,1,0.9163,1,0.9441,1,0.4315,1,0.6709,1,0.751,1,0.312,1
380,104.949184,15.335208,2026-08-31 16:00:00,0.7541,1,0.8984,1,0.946,1,0.4475,1,0.6709,1,0.7061,1,0.4543,1
381,105.179706,15.335208,2026-08-31 16:00:00,0.6752,1,0.8644,1,0.9403,1,0.3546,1,0.5746,1,0.6516,1,0.5828,1
382,105.410228,15.335208,2026-08-31 16:00:00,0.7005,1,0.8762,1,0.946,1,0.2764,1,0.5567,1,0.6422,1,0.6057,1
383,98.725099,15.561301,2026-08-31 16:00:00,0.8167,1,0.906,1,0.9519,1,0.424,1,0.6091,1,0.7598,1,0.0,1
384,98.955621,15.561301,2026-08-31 16:00:00,0.6409,1,0.8067,1,0.9068,1,0.2744,1,0.4017,1,0.5764,1,0.0,1
385,99.186143,15.561301,2026-08-31 16:00:00,0.5769,1,0.7034,1,0.8553,1,0.1862,0,0.2787,0,0.3905,1,0.0,1
386,99.416664,15.561301,2026-08-31 16:00:00,0.3889,1,0.5436,1,0.67,1,0.0663,0,0.1171,0,0.21,0,0.0,1
387,99.647186,15.561301,2026-08-31 16:00:00,0.3889,1,0.4926,1,0.6542,1,0.0462,0,0.109,0,0.1722,0,0.0,1
388,99.877708,15.561301,2026-08-31 16:00:00,0.3264,0,0.5229,1,0.7137,1,0.0528,0,0.1174,0,0.1935,0,0.0,1
389,100.108229,15.561301,2026-08-31 16:00:00,0.4145,1,0.5864,1,0.7793,1,0.0621,0,0.1379,0,0.2178,0,0.0,1
390,100.338751,15.561301,2026-08-31 16:00:00,0.3889,1,0.5436,1,0.7002,1,0.0588,0,0.1333,0,0.21,0,0.0,1
391,100.569273,15.561301,2026-08-31 16:00:00,0.3051,0,0.4865,1,0.6564,1,0.0256,0,0.0782,0,0.1715,0,0.0,1
392,100.799794,15.561301,2026-08-31 16:00:00,0.3264,0,0.4865,1,0.6192,1,0.0437,0,0.1171,0,0.1842,0,0.0,1
393,101.030316,15.561301,2026-08-31 16:00:00,0.2874,0,0.4325,1,0.5834,1,0.0383,0,0.109,0,0.1935,0,0.0,1
394,101.260838,15.561301,2026-08-31 16:00:00,0.3264,0,0.4597,1,0.6564,1,0.0621,0,0.1544,0,0.21,0,0.0,1
395,101.491359,15.561301,2026-08-31 16:00:00,0.3376,0,0.475,1,0.6683,1,0.0588,0,0.1544,0,0.237,0,0.0,1
396,101.721881,15.561301,2026-08-31 16:00:00,0.3051,0,0.4597,1,0.5834,1,0.0383,0,0.1171,0,0.1842,0,0.0,1
397,101.952403,15.561301,2026-08-31 16:00:00,0.1534,0,0.2877,0,0.48,1,0.016,0,0.0531,0,0.1266,0,0.0,1
398,102.182924,15.561301,2026-08-31 16:00:00,0.2254,0,0.3585,0,0.5032,1,0.0663,0,0.1537,0,0.21,0,0.0035,1
399,102.413446,15.561301,2026-08-31 16:00:00,0.14,0,0.2396,0,0.4231,1,0.0256,0,0.0877,0,0.1266,0,0.0007,1
400,102.643968,15.561301,2026-08-31 16:00:00,0.1534,0,0.3211,0,0.4733,1,0.0362,0,0.0877,0,0.1266,0,0.0021,1
401,102.874489,15.561301,2026-08-31 16:00:00,0.259,0,0.4597,1,0.6082,1,0.0698,0,0.1544,0,0.237,0,0.0475,1
402,103.105011,15.561301,2026-08-31 16:00:00,0.4145,1,0.6053,1,0.7032,1,0.1622,0,0.3104,1,0.3905,1,0.0837,1
403,103.335533,15.561301,2026-08-31 16:00:00,0.4544,1,0.6257,1,0.7343,1,0.1741,0,0.3165,1,0.4583,1,0.0821,1
404,103.566054,15.561301,2026-08-31 16:00:00,0.4194,1,0.6053,1,0.7343,1,0.1741,0,0.3104,1,0.4205,1,0.0603,1
405,103.796576,15.561301,2026-08-31 16:00:00,0.4542,1,0.5762,1,0.7149,1,0.1622,0,0.3104,1,0.4084,1,0.0216,1
406,104.027098,15.561301,2026-08-31 16:00:00,0.4685,1,0.6257,1,0.7542,1,0.2235,0,0.3948,1,0.483,1,0.0181,1
407,104.257619,15.561301,2026-08-31 16:00:00,0.513,1,0.7034,1,0.7834,1,0.2272,0,0.4505,1,0.5321,1,0.0513,1
408,104.488141,15.561301,2026-08-31 16:00:00,0.5455,1,0.8082,1,0.8355,1,0.2744,1,0.5035,1,0.5895,1,0.1484,1
409,104.718663,15.561301,2026-08-31 16:00:00,0.7272,1,0.8762,1,0.9156,1,0.3855,1,0.6437,1,0.7061,1,0.284,1
410,104.949184,15.561301,2026-08-31 16:00:00,0.7005,1,0.8644,1,0.9305,1,0.3833,1,0.6223,1,0.6676,1,0.4236,1
411,105.179706,15.561301,2026-08-31 16:00:00,0.6489,1,0.8614,1,0.924,1,0.3058,1,0.5371,1,0.6676,1,0.519,1
412,105.410228,15.561301,2026-08-31 16:00:00,0.7005,1,0.8614,1,0.946,1,0.3111,1,0.5567,1,0.6878,1,0.5545,1
413,98.725099,15.787394,2026-08-31 16:00:00,0.7956,1,0.906,1,0.9669,1,0.4004,1,0.5772,1,0.7322,1,0.0,1
414,98.955621,15.787394,2026-08-31 16:00:00,0.7272,1,0.8614,1,0.9195,1,0.3716,1,0.5035,1,0.6227,1,0.0,1
415,99.186143,15.787394,2026-08-31 16:00:00,0.5769,1,0.7167,1,0.854,1,0.1862,0,0.2787,0,0.3679,1,0.0,1
416,99.416664,15.787394,2026-08-31 16:00:00,0.4542,1,0.5131,1,0.7002,1,0.0621,0,0.1317,0,0.2178,0,0.0,1
417,99.647186,15.787394,2026-08-31 16:00:00,0.3751,1,0.4926,1,0.7343,1,0.0462,0,0.1174,0,0.1722,0,0.0,1
418,99.877708,15.787394,2026-08-31 16:00:00,0.3714,1,0.5762,1,0.7645,1,0.0462,0,0.1174,0,0.21,0,0.0,1
419,100.108229,15.787394,2026-08-31 16:00:00,0.4145,1,0.5864,1,0.7793,1,0.0462,0,0.1333,0,0.2178,0,0.0,1
420,100.338751,15.787394,2026-08-31 16:00:00,0.4145,1,0.5762,1,0.7149,1,0.0691,0,0.1544,0,0.2324,0,0.0,1
421,100.569273,15.787394,2026-08-31 16:00:00,0.3751,1,0.5241,1,0.67,1,0.0462,0,0.1171,0,0.21,0,0.0,1
422,100.799794,15.787394,2026-08-31 16:00:00,0.3751,1,0.5436,1,0.7032,1,0.0587,0,0.1537,0,0.1935,0,0.0,1
423,101.030316,15.787394,2026-08-31 16:00:00,0.3889,1,0.5131,1,0.6203,1,0.0691,0,0.1376,0,0.2178,0,0.0,1
424,101.260838,15.787394,2026-08-31 16:00:00,0.3264,0,0.5227,1,0.6542,1,0.0867,0,0.1711,0,0.237,0,0.0,1
425,101.491359,15.787394,2026-08-31 16:00:00,0.3889,1,0.5303,1,0.6885,1,0.0698,0,0.1648,0,0.2464,0,0.0,1
426,101.721881,15.787394,2026-08-31 16:00:00,0.3264,0,0.5131,1,0.6192,1,0.0698,0,0.1711,0,0.237,0,0.0007,1
427,101.952403,15.787394,2026-08-31 16:00:00,0.4145,1,0.6257,1,0.7137,1,0.1201,0,0.2787,0,0.3679,1,0.0422,1
428,102.182924,15.787394,2026-08-31 16:00:00,0.3376,0,0.5864,1,0.7343,1,0.1328,0,0.2787,0,0.324,0,0.0966,1
429,102.413446,15.787394,2026-08-31 16:00:00,0.3051,0,0.5762,1,0.7002,1,0.1112,0,0.2293,0,0.3081,0,0.083,1
430,102.643968,15.787394,2026-08-31 16:00:00,0.3264,0,0.5546,1,0.67,1,0.1095,0,0.2293,0,0.2856,0,0.0619,1
431,102.874489,15.787394,2026-08-31 16:00:00,0.2874,0,0.5278,1,0.6542,1,0.0951,0,0.2293,0,0.2856,0,0.0471,1
432,103.105011,15.787394,2026-08-31 16:00:00,0.2959,0,0.5436,1,0.6564,1,0.1052,0,0.2561,0,0.3383,0,0.0357,1
433,103.335533,15.787394,2026-08-31 16:00:00,0.3264,0,0.5546,1,0.7137,1,0.1112,0,0.2293,0,0.3679,1,0.0205,1
434,103.566054,15.787394,2026-08-31 16:00:00,0.2254,0,0.422,1,0.5834,1,0.0698,0,0.191,0,0.2856,0,0.0041,1
435,103.796576,15.787394,2026-08-31 16:00:00,0.2874,0,0.5241,1,0.7137,1,0.1112,0,0.2787,0,0.3679,1,0.0094,1
436,104.027098,15.787394,2026-08-31 16:00:00,0.4544,1,0.6534,1,0.7793,1,0.1622,0,0.3727,1,0.4788,1,0.0433,1
437,104.257619,15.787394,2026-08-31 16:00:00,0.5769,1,0.8082,1,0.856,1,0.2235,0,0.4912,1,0.5716,1,0.1397,1
438,104.488141,15.787394,2026-08-31 16:00:00,0.7005,1,0.8614,1,0.9156,1,0.3058,1,0.5567,1,0.6422,1,0.2765,1
439,104.718663,15.787394,2026-08-31 16:00:00,0.6409,1,0.8454,1,0.924,1,0.3405,1,0.5567,1,0.6422,1,0.4194,1
440,104.949184,15.787394,2026-08-31 16:00:00,0.6489,1,0.8209,1,0.9156,1,0.3405,1,0.5272,1,0.6422,1,0.5036,1
441,105.179706,15.787394,2026-08-31 16:00:00,0.6607,1,0.8375,1,0.9195,1,0.2744,1,0.5269,1,0.5895,1,0.5672,1
442,105.410228,15.787394,2026-08-31 16:00:00,0.6624,1,0.8339,1,0.9156,1,0.2764,1,0.5035,1,0.6114,1,0.6203,1
443,98.725099,16.013487,2026-08-31 16:00:00,0.7633,1,0.8835,1,0.9519,1,0.3111,1,0.3969,1,0.6114,1,0.0,1
444,98.955621,16.013487,2026-08-31 16:00:00,0.6752,1,0.8375,1,0.9156,1,0.2707,1,0.3494,1,0.5321,1,0.0,1
445,99.186143,16.013487,2026-08-31 16:00:00,0.6232,1,0.7652,1,0.8816,1,0.2126,0,0.3494,1,0.4533,1,0.0,1
446,99.416664,16.013487,2026-08-31 16:00:00,0.5,1,0.5864,1,0.7343,1,0.1015,0,0.1982,0,0.2856,0,0.0,1
447,99.647186,16.013487,2026-08-31 16:00:00,0.4145,1,0.6257,1,0.7343,1,0.1095,0,0.2014,0,0.237,0,0.0,1
448,99.877708,16.013487,2026-08-31 16:00:00,0.5017,1,0.6534,1,0.7793,1,0.1095,0,0.191,0,0.237,0,0.0,1
449,100.108229,16.013487,2026-08-31 16:00:00,0.5455,1,0.6751,1,0.8097,1,0.1201,0,0.2014,0,0.2856,0,0.0,1
450,100.338751,16.013487,2026-08-31 16:00:00,0.3889,1,0.6053,1,0.7149,1,0.0951,0,0.2014,0,0.2693,0,0.0,1
451,100.569273,16.013487,2026-08-31 16:00:00,0.2874,0,0.4865,1,0.67,1,0.0698,0,0.1711,0,0.237,0,0.0,1
452,100.799794,16.013487,2026-08-31 16:00:00,0.3264,0,0.5227,1,0.6885,1,0.0698,0,0.1544,0,0.2178,0,0.0,1
453,101.030316,16.013487,2026-08-31 16:00:00,0.3264,0,0.4865,1,0.6542,1,0.0621,0,0.1379,0,0.2178,0,0.0,1
454,101.260838,16.013487,2026-08-31 16:00:00,0.3051,0,0.4662,1,0.642,1,0.074,0,0.1544,0,0.2324,0,0.0,1
455,101.491359,16.013487,2026-08-31 16:00:00,0.3889,1,0.5762,1,0.67,1,0.074,0,0.191,0,0.2541,0,0.0,1
456,101.721881,16.013487,2026-08-31 16:00:00,0.4685,1,0.6257,1,0.7542,1,0.1112,0,0.251,0,0.3679,1,0.0342,1
457,101.952403,16.013487,2026-08-31 16:00:00,0.4685,1,0.6607,1,0.7793,1,0.1328,0,0.2844,0,0.4084,1,0.095,1
458,102.182924,16.013487,2026-08-31 16:00:00,0.3751,1,0.6317,1,0.7343,1,0.1112,0,0.2293,0,0.3131,0,0.1226,1
459,102.413446,16.013487,2026-08-31 16:00:00,0.3051,0,0.5436,1,0.7002,1,0.1095,0,0.191,0,0.2693,0,0.1314,1
460,102.643968,16.013487,2026-08-31 16:00:00,0.3264,0,0.6257,1,0.7343,1,0.1214,0,0.2561,0,0.3081,0,0.1122,1
461,102.874489,16.013487,2026-08-31 16:00:00,0.2874,0,0.5436,1,0.7002,1,0.1046,0,0.2293,0,0.3074,0,0.1116,1
462,103.105011,16.013487,2026-08-31 16:00:00,0.2874,0,0.5546,1,0.7137,1,0.074,0,0.2293,0,0.3081,0,0.1338,1
463,103.335533,16.013487,2026-08-31 16:00:00,0.275,0,0.5436,1,0.7137,1,0.0757,0,0.2014,0,0.324,0,0.1633,1
464,103.566054,16.013487,2026-08-31 16:00:00,0.259,0,0.5131,1,0.6542,1,0.0621,0,0.1711,0,0.3081,0,0.1327,1
465,103.796576,16.013487,2026-08-31 16:00:00,0.3264,0,0.6257,1,0.7487,1,0.1112,0,0.2787,0,0.4084,1,0.0834,1
466,104.027098,16.013487,2026-08-31 16:00:00,0.4145,1,0.6751,1,0.7793,1,0.193,0,0.3227,1,0.4533,1,0.1679,1
467,104.257619,16.013487,2026-08-31 16:00:00,0.5824,1,0.8209,1,0.8816,1,0.2126,0,0.4968,1,0.5764,1,0.3248,1
468,104.488141,16.013487,2026-08-31 16:00:00,0.6624,1,0.8454,1,0.9156,1,0.2786,1,0.5272,1,0.6114,1,0.4977,1
469,104.718663,16.013487,2026-08-31 16:00:00,0.6945,1,0.8375,1,0.9156,1,0.3058,1,0.4912,1,0.6114,1,0.6356,1
470,104.949184,16.013487,2026-08-31 16:00:00,0.7301,1,0.8762,1,0.946,1,0.3058,1,0.5035,1,0.6114,1,0.7605,1
471,105.179706,16.013487,2026-08-31 16:00:00,0.6752,1,0.8375,1,0.9305,1,0.2191,0,0.4912,1,0.5838,1,0.8026,1
472,105.410228,16.013487,2026-08-31 16:00:00,0.7005,1,0.8082,1,0.924,1,0.2272,0,0.5035,1,0.5838,1,0.8168,1
473,98.955621,16.23958,2026-08-31 16:00:00,0.7272,1,0.8644,1,0.9305,1,0.3058,1,0.4392,1,0.5764,1,0.0,1
474,99.186143,16.23958,2026-08-31 16:00:00,0.6409,1,0.8209,1,0.8892,1,0.2744,1,0.434,1,0.5321,1,0.0,1
475,99.416664,16.23958,2026-08-31 16:00:00,0.6011,1,0.6985,1,0.8214,1,0.1741,0,0.3486,1,0.4533,1,0.0,1
476,99.647186,16.23958,2026-08-31 16:00:00,0.5414,1,0.6962,1,0.8201,1,0.1214,0,0.3165,1,0.3905,1,0.0,1
477,99.877708,16.23958,2026-08-31 16:00:00,0.5455,1,0.7143,1,0.8344,1,0.1307,0,0.2787,0,0.4084,1,0.0,1
478,100.108229,16.23958,2026-08-31 16:00:00,0.4975,1,0.7143,1,0.8214,1,0.1622,0,0.3047,1,0.4205,1,0.0,1
479,100.338751,16.23958,2026-08-31 16:00:00,0.4058,1,0.6534,1,0.7793,1,0.1095,0,0.2872,0,0.4205,1,0.0,1
480,100.569273,16.23958,2026-08-31 16:00:00,0.4145,1,0.5864,1,0.7487,1,0.1112,0,0.2561,0,0.3679,1,0.0,1
481,100.799794,16.23958,2026-08-31 16:00:00,0.3376,0,0.5303,1,0.6683,1,0.0951,0,0.191,0,0.2693,0,0.0,1
482,101.030316,16.23958,2026-08-31 16:00:00,0.2874,0,0.4865,1,0.6564,1,0.0621,0,0.1648,0,0.2541,0,0.0,1
483,101.260838,16.23958,2026-08-31 16:00:00,0.2818,0,0.4865,1,0.6683,1,0.074,0,0.1711,0,0.237,0,0.0,1
484,101.491359,16.23958,2026-08-31 16:00:00,0.4058,1,0.5229,1,0.7002,1,0.0698,0,0.1849,0,0.2541,0,0.0,1
485,101.721881,16.23958,2026-08-31 16:00:00,0.4544,1,0.6257,1,0.7793,1,0.1095,0,0.2561,0,0.3679,1,0.0443,1
486,101.952403,16.23958,2026-08-31 16:00:00,0.5,1,0.6751,1,0.7793,1,0.1622,0,0.3486,1,0.4205,1,0.0973,1
487,102.182924,16.23958,2026-08-31 16:00:00,0.3889,1,0.6257,1,0.7539,1,0.1095,0,0.2293,0,0.3081,0,0.1226,1
488,102.413446,16.23958,2026-08-31 16:00:00,0.3,0,0.5762,1,0.7343,1,0.0757,0,0.191,0,0.2541,0,0.1371,1
489,102.643968,16.23958,2026-08-31 16:00:00,0.3264,0,0.6257,1,0.7645,1,0.1201,0,0.2293,0,0.3081,0,0.1421,1
490,102.874489,16.23958,2026-08-31 16:00:00,0.3264,0,0.6053,1,0.7539,1,0.0757,0,0.2177,0,0.3081,0,0.1453,1
491,103.105011,16.23958,2026-08-31 16:00:00,0.2874,0,0.6053,1,0.7343,1,0.0698,0,0.2293,0,0.3383,0,0.1655,1
492,103.335533,16.23958,2026-08-31 16:00:00,0.3264,0,0.6257,1,0.7542,1,0.087,0,0.2293,0,0.3383,0,0.1865,1
493,103.566054,16.23958,2026-08-31 16:00:00,0.3751,1,0.6298,1,0.7487,1,0.1095,0,0.2561,0,0.3829,1,0.1662,1
494,103.796576,16.23958,2026-08-31 16:00:00,0.3889,1,0.6607,1,0.7547,1,0.1201,0,0.2872,0,0.4084,1,0.1383,1
495,104.027098,16.23958,2026-08-31 16:00:00,0.4685,1,0.7167,1,0.8097,1,0.1591,0,0.3104,1,0.4583,1,0.2395,1
496,104.257619,16.23958,2026-08-31 16:00:00,0.5769,1,0.8082,1,0.8816,1,0.193,0,0.434,1,0.5386,1,0.4616,1
497,104.488141,16.23958,2026-08-31 16:00:00,0.6208,1,0.7652,1,0.8816,1,0.193,0,0.3727,1,0.5321,1,0.6783,1
498,104.718663,16.23958,2026-08-31 16:00:00,0.6208,1,0.8229,1,0.9068,1,0.1862,0,0.4017,1,0.5386,1,0.8115,1
499,104.949184,16.23958,2026-08-31 16:00:00,0.7005,1,0.8209,1,0.9305,1,0.2422,0,0.4505,1,0.5764,1,0.8525,1
500,98.725099,16.465673,2026-08-31 16:00:00,0.8167,1,0.8644,1,0.946,1,0.3716,1,0.4968,1,0.6114,1,0.0,1
501,98.955621,16.465673,2026-08-31 16:00:00,0.7633,1,0.8644,1,0.946,1,0.3405,1,0.4912,1,0.5838,1,0.0,1
502,99.186143,16.465673,2026-08-31 16:00:00,0.7272,1,0.8067,1,0.9068,1,0.3405,1,0.4505,1,0.5764,1,0.0,1
503,99.416664,16.465673,2026-08-31 16:00:00,0.6945,1,0.8082,1,0.8892,1,0.2272,0,0.4017,1,0.5158,1,0.0,1
504,99.647186,16.465673,2026-08-31 16:00:00,0.5455,1,0.7476,1,0.8546,1,0.2056,0,0.3727,1,0.483,1,0.0,1
505,99.877708,16.465673,2026-08-31 16:00:00,0.4709,1,0.6607,1,0.8201,1,0.1862,0,0.3727,1,0.4205,1,0.0,1
506,100.108229,16.465673,2026-08-31 16:00:00,0.5,1,0.6751,1,0.8202,1,0.1722,0,0.3494,1,0.4533,1,0.0,1
507,100.338751,16.465673,2026-08-31 16:00:00,0.4145,1,0.5864,1,0.7645,1,0.1201,0,0.2787,0,0.3679,1,0.0,1
508,100.569273,16.465673,2026-08-31 16:00:00,0.4685,1,0.7034,1,0.8201,1,0.1214,0,0.3104,1,0.4205,1,0.0,1
509,100.799794,16.465673,2026-08-31 16:00:00,0.4542,1,0.6542,1,0.7539,1,0.1052,0,0.2293,0,0.3131,0,0.0,1
510,101.030316,16.465673,2026-08-31 16:00:00,0.4544,1,0.5864,1,0.7149,1,0.1112,0,0.2177,0,0.2541,0,0.0,1
511,101.260838,16.465673,2026-08-31 16:00:00,0.2818,0,0.422,1,0.6192,1,0.0621,0,0.135,0,0.21,0,0.0,1
512,101.491359,16.465673,2026-08-31 16:00:00,0.2874,0,0.422,1,0.6192,1,0.0383,0,0.0979,0,0.1935,0,0.0,1
513,101.721881,16.465673,2026-08-31 16:00:00,0.4145,1,0.5864,1,0.7343,1,0.087,0,0.2293,0,0.3383,0,0.0315,1
514,101.952403,16.465673,2026-08-31 16:00:00,0.4145,1,0.5864,1,0.7137,1,0.1053,0,0.2293,0,0.324,0,0.074,1
515,102.182924,16.465673,2026-08-31 16:00:00,0.3264,0,0.5436,1,0.7002,1,0.0822,0,0.1879,0,0.3081,0,0.1113,1
516,102.413446,16.465673,2026-08-31 16:00:00,0.3264,0,0.5762,1,0.7343,1,0.1015,0,0.191,0,0.3013,0,0.1301,1
517,102.643968,16.465673,2026-08-31 16:00:00,0.2959,0,0.5864,1,0.7487,1,0.1052,0,0.2293,0,0.3131,0,0.1128,1
518,102.874489,16.465673,2026-08-31 16:00:00,0.3264,0,0.5807,1,0.7343,1,0.1046,0,0.2293,0,0.324,0,0.1239,1
519,103.105011,16.465673,2026-08-31 16:00:00,0.4145,1,0.6751,1,0.7559,1,0.1095,0,0.2787,0,0.3829,1,0.1644,1
520,103.335533,16.465673,2026-08-31 16:00:00,0.4145,1,0.7167,1,0.8097,1,0.1328,0,0.3165,1,0.4583,1,0.1799,1
521,103.566054,16.465673,2026-08-31 16:00:00,0.4685,1,0.7476,1,0.8214,1,0.1622,0,0.3165,1,0.4788,1,0.1571,1
522,103.796576,16.465673,2026-08-31 16:00:00,0.4145,1,0.6751,1,0.7645,1,0.1433,0,0.3104,1,0.4505,1,0.1491,1
523,104.027098,16.465673,2026-08-31 16:00:00,0.5455,1,0.7183,1,0.8546,1,0.1862,0,0.3165,1,0.4583,1,0.2469,1
524,104.257619,16.465673,2026-08-31 16:00:00,0.5824,1,0.7732,1,0.856,1,0.1622,0,0.3948,1,0.5158,1,0.417,1
525,104.488141,16.465673,2026-08-31 16:00:00,0.6409,1,0.7652,1,0.8816,1,0.1862,0,0.3969,1,0.5237,1,0.5955,1
526,104.718663,16.465673,2026-08-31 16:00:00,0.6409,1,0.7953,1,0.8892,1,0.1622,0,0.3969,1,0.5056,1,0.7327,1
527,98.725099,16.691766,2026-08-31 16:00:00,0.8167,1,0.906,1,0.9519,1,0.3833,1,0.5272,1,0.6422,1,0.0,1
528,98.955621,16.691766,2026-08-31 16:00:00,0.7272,1,0.8535,1,0.9305,1,0.2744,1,0.434,1,0.5386,1,0.0,1
529,99.186143,16.691766,2026-08-31 16:00:00,0.7633,1,0.8375,1,0.9068,1,0.3111,1,0.434,1,0.5342,1,0.0,1
530,99.416664,16.691766,2026-08-31 16:00:00,0.6945,1,0.8082,1,0.8976,1,0.2744,1,0.4017,1,0.5158,1,0.0,1
531,99.647186,16.691766,2026-08-31 16:00:00,0.6624,1,0.7652,1,0.8892,1,0.2272,0,0.3969,1,0.4583,1,0.0,1
532,99.877708,16.691766,2026-08-31 16:00:00,0.5769,1,0.7143,1,0.8201,1,0.2235,0,0.3494,1,0.4205,1,0.0,1
533,100.108229,16.691766,2026-08-31 16:00:00,0.5455,1,0.6985,1,0.8344,1,0.193,0,0.3727,1,0.483,1,0.0,1
534,100.338751,16.691766,2026-08-31 16:00:00,0.5,1,0.6751,1,0.8202,1,0.193,0,0.3727,1,0.4205,1,0.0,1
535,100.569273,16.691766,2026-08-31 16:00:00,0.5455,1,0.7476,1,0.7793,1,0.2056,0,0.3227,1,0.4205,1,0.0,1
536,100.799794,16.691766,2026-08-31 16:00:00,0.4685,1,0.6607,1,0.7542,1,0.1112,0,0.2293,0,0.3131,0,0.0,1
537,101.030316,16.691766,2026-08-31 16:00:00,0.3889,1,0.6257,1,0.7137,1,0.0588,0,0.191,0,0.2856,0,0.0,1
538,101.260838,16.691766,2026-08-31 16:00:00,0.3889,1,0.5937,1,0.7032,1,0.0691,0,0.1849,0,0.2599,0,0.0,1
539,101.491359,16.691766,2026-08-31 16:00:00,0.4145,1,0.5229,1,0.7149,1,0.0587,0,0.1544,0,0.2541,0,0.0,1
540,101.721881,16.691766,2026-08-31 16:00:00,0.3376,0,0.5131,1,0.7032,1,0.0462,0,0.1333,0,0.237,0,0.0007,1
541,101.952403,16.691766,2026-08-31 16:00:00,0.3376,0,0.5241,1,0.6885,1,0.0588,0,0.1849,0,0.2693,0,0.0287,1
542,102.182924,16.691766,2026-08-31 16:00:00,0.3264,0,0.5303,1,0.7343,1,0.0757,0,0.191,0,0.3074,0,0.0382,1
543,102.413446,16.691766,2026-08-31 16:00:00,0.3889,1,0.5864,1,0.779,1,0.1214,0,0.2844,0,0.3905,1,0.0283,1
544,102.643968,16.691766,2026-08-31 16:00:00,0.4058,1,0.6534,1,0.7559,1,0.1112,0,0.2787,0,0.3905,1,0.0084,1
545,102.874489,16.691766,2026-08-31 16:00:00,0.4262,1,0.6607,1,0.7793,1,0.193,0,0.3165,1,0.4583,1,0.0622,1
546,103.105011,16.691766,2026-08-31 16:00:00,0.3889,1,0.6607,1,0.8201,1,0.1622,0,0.3227,1,0.483,1,0.1202,1
547,103.335533,16.691766,2026-08-31 16:00:00,0.4685,1,0.7167,1,0.8214,1,0.193,0,0.434,1,0.5764,1,0.1418,1
548,103.566054,16.691766,2026-08-31 16:00:00,0.513,1,0.6607,1,0.8097,1,0.1862,0,0.3727,1,0.5158,1,0.1244,1
549,103.796576,16.691766,2026-08-31 16:00:00,0.4685,1,0.6607,1,0.7487,1,0.164,0,0.3165,1,0.4583,1,0.1011,1
550,104.027098,16.691766,2026-08-31 16:00:00,0.5414,1,0.7034,1,0.7834,1,0.1591,0,0.3047,1,0.4205,1,0.1963,1
551,104.257619,16.691766,2026-08-31 16:00:00,0.5769,1,0.6797,1,0.854,1,0.164,0,0.3047,1,0.4205,1,0.3092,1
552,104.488141,16.691766,2026-08-31 16:00:00,0.5769,1,0.6751,1,0.8214,1,0.1328,0,0.3047,1,0.4205,1,0.4257,1
553,104.718663,16.691766,2026-08-31 16:00:00,0.6232,1,0.7167,1,0.8546,1,0.1862,0,0.3727,1,0.483,1,0.5208,1
554,98.725099,16.917858,2026-08-31 16:00:00,0.8167,1,0.906,1,0.9519,1,0.3833,1,0.5269,1,0.6422,1,0.0,1
555,98.955621,16.917858,2026-08-31 16:00:00,0.6011,1,0.7652,1,0.8892,1,0.2056,0,0.3727,1,0.5158,1,0.0,1
556,99.186143,16.917858,2026-08-31 16:00:00,0.4709,1,0.7143,1,0.8202,1,0.1722,0,0.2787,0,0.4205,1,0.0,1
557,99.416664,16.917858,2026-08-31 16:00:00,0.6011,1,0.7476,1,0.8344,1,0.193,0,0.2787,0,0.4084,1,0.0,1
558,99.647186,16.917858,2026-08-31 16:00:00,0.5455,1,0.7476,1,0.8214,1,0.1741,0,0.306,1,0.3905,1,0.0,1
559,99.877708,16.917858,2026-08-31 16:00:00,0.4542,1,0.6607,1,0.7834,1,0.1862,0,0.3486,1,0.4205,1,0.0,1
560,100.108229,16.917858,2026-08-31 16:00:00,0.513,1,0.6751,1,0.8201,1,0.1862,0,0.3494,1,0.4205,1,0.0,1
561,100.338751,16.917858,2026-08-31 16:00:00,0.4685,1,0.6053,1,0.7542,1,0.1622,0,0.3047,1,0.4084,1,0.0,1
562,100.569273,16.917858,2026-08-31 16:00:00,0.4685,1,0.7143,1,0.7343,1,0.1622,0,0.3104,1,0.4084,1,0.0,1
563,100.799794,16.917858,2026-08-31 16:00:00,0.3889,1,0.6257,1,0.7149,1,0.0757,0,0.222,0,0.3081,0,0.0,1
564,101.030316,16.917858,2026-08-31 16:00:00,0.3889,1,0.6257,1,0.7032,1,0.0757,0,0.191,0,0.2541,0,0.0,1
565,101.260838,16.917858,2026-08-31 16:00:00,0.3889,1,0.5546,1,0.7343,1,0.0757,0,0.1849,0,0.237,0,0.0,1
566,101.491359,16.917858,2026-08-31 16:00:00,0.3376,0,0.5227,1,0.7032,1,0.0621,0,0.1317,0,0.2464,0,0.0,1
567,101.721881,16.917858,2026-08-31 16:00:00,0.3376,0,0.4597,1,0.6683,1,0.0462,0,0.1174,0,0.2178,0,0.0,1
568,101.952403,16.917858,2026-08-31 16:00:00,0.4145,1,0.5436,1,0.7343,1,0.0621,0,0.135,0,0.237,0,0.0,1
569,102.182924,16.917858,2026-08-31 16:00:00,0.2874,0,0.4325,1,0.6192,1,0.0512,0,0.1174,0,0.1715,0,0.0,1
570,102.413446,16.917858,2026-08-31 16:00:00,0.3376,0,0.5762,1,0.7343,1,0.1112,0,0.2293,0,0.3383,0,0.0,1
571,102.643968,16.917858,2026-08-31 16:00:00,0.3889,1,0.5762,1,0.7137,1,0.1119,0,0.2561,0,0.3383,0,0.0,1
572,102.874489,16.917858,2026-08-31 16:00:00,0.4685,1,0.6751,1,0.8097,1,0.2191,0,0.3227,1,0.4452,1,0.0,1
573,103.105011,16.917858,2026-08-31 16:00:00,0.4685,1,0.7034,1,0.8097,1,0.2744,1,0.4968,1,0.5386,1,0.0063,1
574,103.335533,16.917858,2026-08-31 16:00:00,0.4542,1,0.6534,1,0.8201,1,0.2126,0,0.434,1,0.5716,1,0.018,1
575,103.566054,16.917858,2026-08-31 16:00:00,0.4145,1,0.5864,1,0.7343,1,0.164,0,0.3104,1,0.5158,1,0.0214,1
576,103.796576,16.917858,2026-08-31 16:00:00,0.3376,0,0.5864,1,0.67,1,0.1862,0,0.2787,0,0.3829,1,0.0158,1
577,104.027098,16.917858,2026-08-31 16:00:00,0.4975,1,0.6607,1,0.8097,1,0.1214,0,0.2787,0,0.3829,1,0.074,1
578,104.257619,16.917858,2026-08-31 16:00:00,0.5414,1,0.6751,1,0.8214,1,0.1201,0,0.2844,0,0.4084,1,0.1468,1
579,104.488141,16.917858,2026-08-31 16:00:00,0.4685,1,0.6257,1,0.7542,1,0.0951,0,0.222,0,0.3383,0,0.2322,1
580,104.718663,16.917858,2026-08-31 16:00:00,0.5455,1,0.6985,1,0.8201,1,0.1433,0,0.2872,0,0.4084,1,0.3912,1
581,98.494578,17.143951,2026-08-31 16:00:00,0.7541,1,0.8762,1,0.946,1,0.3716,1,0.5567,1,0.6878,1,0.0,1
582,98.725099,17.143951,2026-08-31 16:00:00,0.7633,1,0.8644,1,0.9326,1,0.2744,1,0.4432,1,0.5386,1,0.0,1
583,98.955621,17.143951,2026-08-31 16:00:00,0.5769,1,0.7652,1,0.8892,1,0.2235,0,0.3727,1,0.4788,1,0.0,1
584,99.186143,17.143951,2026-08-31 16:00:00,0.5769,1,0.7476,1,0.8202,1,0.164,0,0.2787,0,0.3829,1,0.0,1
585,99.416664,17.143951,2026-08-31 16:00:00,0.5414,1,0.704,1,0.8214,1,0.1119,0,0.2787,0,0.3829,1,0.0,1
586,99.647186,17.143951,2026-08-31 16:00:00,0.3889,1,0.5864,1,0.7343,1,0.1095,0,0.2561,0,0.3131,0,0.0,1
587,99.877708,17.143951,2026-08-31 16:00:00,0.4685,1,0.6534,1,0.7793,1,0.1591,0,0.3104,1,0.3905,1,0.0,1
588,100.108229,17.143951,2026-08-31 16:00:00,0.5414,1,0.7034,1,0.8202,1,0.1862,0,0.3727,1,0.4533,1,0.0,1
589,100.338751,17.143951,2026-08-31 16:00:00,0.513,1,0.6607,1,0.779,1,0.1741,0,0.3104,1,0.3829,1,0.0,1
590,100.569273,17.143951,2026-08-31 16:00:00,0.4685,1,0.704,1,0.7793,1,0.164,0,0.3165,1,0.4084,1,0.0,1
591,100.799794,17.143951,2026-08-31 16:00:00,0.4544,1,0.6534,1,0.7542,1,0.1046,0,0.2293,0,0.3131,0,0.0,1
592,101.030316,17.143951,2026-08-31 16:00:00,0.3889,1,0.6257,1,0.67,1,0.0757,0,0.1982,0,0.2541,0,0.0,1
593,101.260838,17.143951,2026-08-31 16:00:00,0.4542,1,0.6257,1,0.7487,1,0.074,0,0.191,0,0.2856,0,0.0,1
594,101.491359,17.143951,2026-08-31 16:00:00,0.3376,0,0.5229,1,0.6683,1,0.0621,0,0.1711,0,0.237,0,0.0,1
595,101.721881,17.143951,2026-08-31 16:00:00,0.3051,0,0.4865,1,0.6564,1,0.0621,0,0.1537,0,0.237,0,0.0,1
596,101.952403,17.143951,2026-08-31 16:00:00,0.3264,0,0.4865,1,0.6192,1,0.0462,0,0.1376,0,0.21,0,0.0,1
597,102.182924,17.143951,2026-08-31 16:00:00,0.3264,0,0.5131,1,0.6542,1,0.0587,0,0.1711,0,0.2464,0,0.0,1
598,102.413446,17.143951,2026-08-31 16:00:00,0.4685,1,0.6607,1,0.7793,1,0.1052,0,0.2787,0,0.3905,1,0.0,1
599,102.643968,17.143951,2026-08-31 16:00:00,0.4432,1,0.6607,1,0.7645,1,0.1214,0,0.306,1,0.4533,1,0.0,1
600,102.874489,17.143951,2026-08-31 16:00:00,0.4685,1,0.6053,1,0.7343,1,0.193,0,0.37,1,0.4533,1,0.0,1
601,103.105011,17.143951,2026-08-31 16:00:00,0.3889,1,0.5864,1,0.7343,1,0.1741,0,0.3227,1,0.4583,1,0.0,1
602,103.335533,17.143951,2026-08-31 16:00:00,0.4145,1,0.6257,1,0.7645,1,0.1622,0,0.3494,1,0.5056,1,0.0154,1
603,103.566054,17.143951,2026-08-31 16:00:00,0.4685,1,0.6534,1,0.7487,1,0.1307,0,0.2787,0,0.4084,1,0.0152,1
604,103.796576,17.143951,2026-08-31 16:00:00,0.4544,1,0.6053,1,0.7487,1,0.1201,0,0.2293,0,0.3383,0,0.0152,1
605,104.027098,17.143951,2026-08-31 16:00:00,0.4262,1,0.5864,1,0.7137,1,0.074,0,0.2014,0,0.3081,0,0.0165,1
606,104.257619,17.143951,2026-08-31 16:00:00,0.4542,1,0.5762,1,0.7032,1,0.0587,0,0.1849,0,0.3013,0,0.0395,1
607,104.488141,17.143951,2026-08-31 16:00:00,0.4542,1,0.6257,1,0.7645,1,0.1201,0,0.2293,0,0.3679,1,0.1483,1
608,104.718663,17.143951,2026-08-31 16:00:00,0.5455,1,0.7183,1,0.8355,1,0.1591,0,0.3165,1,0.4452,1,0.3536,1
609,98.264056,17.370044,2026-08-31 16:00:00,0.8315,1,0.9327,1,0.9519,1,0.3855,1,0.6223,1,0.6878,1,0.0,1
610,98.494578,17.370044,2026-08-31 16:00:00,0.78,1,0.8984,1,0.946,1,0.3716,1,0.5371,1,0.6114,1,0.0,1
611,98.725099,17.370044,2026-08-31 16:00:00,0.6489,1,0.8375,1,0.9156,1,0.2707,1,0.4155,1,0.5342,1,0.0,1
612,98.955621,17.370044,2026-08-31 16:00:00,0.5377,1,0.7476,1,0.8816,1,0.1622,0,0.3486,1,0.4505,1,0.0,1
613,99.186143,17.370044,2026-08-31 16:00:00,0.513,1,0.6751,1,0.8201,1,0.1328,0,0.2674,0,0.3679,1,0.0,1
614,99.416664,17.370044,2026-08-31 16:00:00,0.6011,1,0.6607,1,0.7645,1,0.1328,0,0.2293,0,0.3383,0,0.0,1
615,99.647186,17.370044,2026-08-31 16:00:00,0.5,1,0.6534,1,0.7487,1,0.1112,0,0.2293,0,0.3383,0,0.0,1
616,99.877708,17.370044,2026-08-31 16:00:00,0.3889,1,0.5864,1,0.7343,1,0.1112,0,0.2787,0,0.3383,0,0.0,1
617,100.108229,17.370044,2026-08-31 16:00:00,0.4975,1,0.7143,1,0.8344,1,0.1741,0,0.3494,1,0.4452,1,0.0,1
618,100.338751,17.370044,2026-08-31 16:00:00,0.4685,1,0.7476,1,0.7834,1,0.1862,0,0.3523,1,0.4205,1,0.0,1
619,100.569273,17.370044,2026-08-31 16:00:00,0.4685,1,0.7034,1,0.7793,1,0.1433,0,0.3104,1,0.4084,1,0.0,1
620,100.799794,17.370044,2026-08-31 16:00:00,0.4685,1,0.6607,1,0.7645,1,0.1095,0,0.2293,0,0.3383,0,0.0,1
621,101.030316,17.370044,2026-08-31 16:00:00,0.3376,0,0.5546,1,0.7032,1,0.0587,0,0.1849,0,0.2541,0,0.0,1
622,101.260838,17.370044,2026-08-31 16:00:00,0.275,0,0.4597,1,0.6683,1,0.0299,0,0.0979,0,0.1935,0,0.0,1
623,101.491359,17.370044,2026-08-31 16:00:00,0.3051,0,0.4597,1,0.6542,1,0.0299,0,0.109,0,0.21,0,0.0,1
624,101.721881,17.370044,2026-08-31 16:00:00,0.4145,1,0.4865,1,0.6885,1,0.0698,0,0.1711,0,0.237,0,0.0,1
625,101.952403,17.370044,2026-08-31 16:00:00,0.3376,0,0.5131,1,0.6192,1,0.0698,0,0.1648,0,0.237,0,0.0,1
626,102.182924,17.370044,2026-08-31 16:00:00,0.2959,0,0.4865,1,0.6192,1,0.0588,0,0.1544,0,0.237,0,0.0,1
627,102.413446,17.370044,2026-08-31 16:00:00,0.3051,0,0.4865,1,0.6542,1,0.0512,0,0.1648,0,0.2541,0,0.0,1
628,102.643968,17.370044,2026-08-31 16:00:00,0.3051,0,0.4865,1,0.6192,1,0.0512,0,0.1849,0,0.3013,0,0.0,1
629,102.874489,17.370044,2026-08-31 16:00:00,0.2874,0,0.4865,1,0.6082,1,0.0621,0,0.191,0,0.2856,0,0.0,1
630,103.105011,17.370044,2026-08-31 16:00:00,0.3051,0,0.4597,1,0.6192,1,0.0757,0,0.2014,0,0.3131,0,0.0,1
631,103.335533,17.370044,2026-08-31 16:00:00,0.3889,1,0.5546,1,0.7137,1,0.1112,0,0.2561,0,0.3829,1,0.0154,1
632,103.566054,17.370044,2026-08-31 16:00:00,0.4685,1,0.6134,1,0.7542,1,0.1112,0,0.2561,0,0.3679,1,0.0153,1
633,103.796576,17.370044,2026-08-31 16:00:00,0.4542,1,0.6257,1,0.7343,1,0.1112,0,0.2787,0,0.4084,1,0.0152,1
634,104.027098,17.370044,2026-08-31 16:00:00,0.4145,1,0.5762,1,0.7343,1,0.1201,0,0.3047,1,0.3905,1,0.0151,1
635,104.257619,17.370044,2026-08-31 16:00:00,0.3889,1,0.5436,1,0.7002,1,0.1112,0,0.251,0,0.3383,0,0.0158,1
636,104.488141,17.370044,2026-08-31 16:00:00,0.5455,1,0.7476,1,0.8202,1,0.1741,0,0.3727,1,0.4788,1,0.1526,1
637,104.718663,17.370044,2026-08-31 16:00:00,0.585,1,0.7953,1,0.8553,1,0.2235,0,0.434,1,0.5158,1,0.3875,1
638,98.033534,17.596137,2026-08-31 16:00:00,0.8434,1,0.9327,1,0.9608,1,0.4475,1,0.6223,1,0.7875,1,0.0,1
639,98.264056,17.596137,2026-08-31 16:00:00,0.7741,1,0.906,1,0.957,1,0.3731,1,0.5567,1,0.7322,1,0.0,1
640,98.494578,17.596137,2026-08-31 16:00:00,0.6945,1,0.8375,1,0.946,1,0.2707,1,0.4505,1,0.6422,1,0.0,1
641,98.725099,17.596137,2026-08-31 16:00:00,0.8434,1,0.906,1,0.9519,1,0.4511,1,0.6526,1,0.6878,1,0.0055,1
642,98.955621,17.596137,2026-08-31 16:00:00,0.825,1,0.8984,1,0.946,1,0.4511,1,0.6223,1,0.6743,1,0.0256,1
643,99.186143,17.596137,2026-08-31 16:00:00,0.8362,1,0.906,1,0.946,1,0.4999,1,0.6437,1,0.712,1,0.0139,1
644,99.416664,17.596137,2026-08-31 16:00:00,0.6731,1,0.8082,1,0.8553,1,0.2056,0,0.3969,1,0.4505,1,0.0,1
645,99.647186,17.596137,2026-08-31 16:00:00,0.5769,1,0.7167,1,0.7834,1,0.1328,0,0.2844,0,0.4084,1,0.0,1
646,99.877708,17.596137,2026-08-31 16:00:00,0.585,1,0.7476,1,0.854,1,0.1433,0,0.3104,1,0.4205,1,0.0,1
647,100.108229,17.596137,2026-08-31 16:00:00,0.6489,1,0.8375,1,0.8892,1,0.2126,0,0.434,1,0.5604,1,0.0,1
648,100.338751,17.596137,2026-08-31 16:00:00,0.5824,1,0.8209,1,0.8355,1,0.2235,0,0.4017,1,0.5237,1,0.0,1
649,100.569273,17.596137,2026-08-31 16:00:00,0.4685,1,0.7233,1,0.8097,1,0.1622,0,0.3227,1,0.4533,1,0.0,1
650,100.799794,17.596137,2026-08-31 16:00:00,0.5455,1,0.7167,1,0.8214,1,0.1307,0,0.2787,0,0.4084,1,0.0,1
651,101.260838,17.596137,2026-08-31 16:00:00,0.3,0,0.4662,1,0.6082,1,0.0299,0,0.0877,0,0.1842,0,0.0,1
652,101.491359,17.596137,2026-08-31 16:00:00,0.259,0,0.4325,1,0.6082,1,0.0299,0,0.1009,0,0.21,0,0.0,1
653,101.721881,17.596137,2026-08-31 16:00:00,0.2874,0,0.4597,1,0.6564,1,0.0462,0,0.1537,0,0.237,0,0.0,1
654,101.952403,17.596137,2026-08-31 16:00:00,0.2711,0,0.422,1,0.577,1,0.0462,0,0.1379,0,0.2541,0,0.0,1
655,102.182924,17.596137,2026-08-31 16:00:00,0.2254,0,0.4009,1,0.6192,1,0.0528,0,0.1544,0,0.2541,0,0.0,1
656,102.413446,17.596137,2026-08-31 16:00:00,0.1902,0,0.3948,0,0.6683,1,0.0462,0,0.1544,0,0.2541,0,0.0,1
657,102.643968,17.596137,2026-08-31 16:00:00,0.1797,0,0.3631,0,0.5216,1,0.0383,0,0.1648,0,0.237,0,0.0,1
658,102.874489,17.596137,2026-08-31 16:00:00,0.1902,0,0.3948,0,0.5032,1,0.0462,0,0.1849,0,0.2541,0,0.0,1
659,103.105011,17.596137,2026-08-31 16:00:00,0.3376,0,0.5546,1,0.6542,1,0.0867,0,0.2293,0,0.324,0,0.0,1
660,103.335533,17.596137,2026-08-31 16:00:00,0.3889,1,0.6257,1,0.7547,1,0.1112,0,0.3104,1,0.4205,1,0.0084,1
661,103.566054,17.596137,2026-08-31 16:00:00,0.4145,1,0.5864,1,0.7343,1,0.1328,0,0.2872,0,0.4084,1,0.0153,1
662,103.796576,17.596137,2026-08-31 16:00:00,0.4542,1,0.6607,1,0.7793,1,0.1433,0,0.3727,1,0.4205,1,0.0152,1
663,104.027098,17.596137,2026-08-31 16:00:00,0.5455,1,0.7143,1,0.8201,1,0.1741,0,0.3727,1,0.4788,1,0.0131,1
664,104.257619,17.596137,2026-08-31 16:00:00,0.4542,1,0.6257,1,0.7343,1,0.1722,0,0.3047,1,0.4084,1,0.0152,1
665,104.488141,17.596137,2026-08-31 16:00:00,0.6409,1,0.8375,1,0.8553,1,0.2786,1,0.4505,1,0.5604,1,0.1855,1
666,97.803013,17.82223,2026-08-31 16:00:00,0.8434,1,0.906,1,0.9519,1,0.4511,1,0.5772,1,0.751,1,0.0,1
667,98.033534,17.82223,2026-08-31 16:00:00,0.825,1,0.9163,1,0.9608,1,0.3855,1,0.5567,1,0.6878,1,0.0,1
668,98.264056,17.82223,2026-08-31 16:00:00,0.6409,1,0.8375,1,0.9156,1,0.2235,0,0.434,1,0.5386,1,0.0,1
669,98.494578,17.82223,2026-08-31 16:00:00,0.7741,1,0.906,1,0.9519,1,0.3855,1,0.5567,1,0.6743,1,0.019,1
670,98.725099,17.82223,2026-08-31 16:00:00,0.825,1,0.906,1,0.9519,1,0.4315,1,0.5746,1,0.6726,1,0.0509,1
671,98.955621,17.82223,2026-08-31 16:00:00,0.7741,1,0.8644,1,0.924,1,0.4061,1,0.5746,1,0.6114,1,0.0511,1
672,99.186143,17.82223,2026-08-31 16:00:00,0.78,1,0.8881,1,0.9403,1,0.424,1,0.5746,1,0.67,1,0.0481,1
673,99.416664,17.82223,2026-08-31 16:00:00,0.7741,1,0.8644,1,0.9156,1,0.3731,1,0.5269,1,0.6114,1,0.0192,1
674,99.647186,17.82223,2026-08-31 16:00:00,0.6624,1,0.8082,1,0.8553,1,0.1862,0,0.3948,1,0.4583,1,0.0,1
675,99.877708,17.82223,2026-08-31 16:00:00,0.6208,1,0.8082,1,0.8553,1,0.1862,0,0.3948,1,0.4583,1,0.0,1
676,100.108229,17.82223,2026-08-31 16:00:00,0.6011,1,0.8339,1,0.8892,1,0.2056,0,0.4017,1,0.5158,1,0.0,1
677,100.338751,17.82223,2026-08-31 16:00:00,0.6011,1,0.8375,1,0.8892,1,0.164,0,0.3727,1,0.5056,1,0.0,1
678,100.569273,17.82223,2026-08-31 16:00:00,0.6011,1,0.7953,1,0.854,1,0.164,0,0.3494,1,0.4788,1,0.0,1
679,100.799794,17.82223,2026-08-31 16:00:00,0.5455,1,0.7476,1,0.7793,1,0.1328,0,0.306,1,0.4205,1,0.0,1
680,101.721881,17.82223,2026-08-31 16:00:00,0.2959,0,0.4597,1,0.6683,1,0.0588,0,0.1537,0,0.237,0,0.0,1
681,101.952403,17.82223,2026-08-31 16:00:00,0.2711,0,0.4597,1,0.6683,1,0.0383,0,0.1333,0,0.237,0,0.0,1
682,102.182924,17.82223,2026-08-31 16:00:00,0.3051,0,0.475,1,0.6542,1,0.0383,0,0.1333,0,0.237,0,0.0,1
683,102.413446,17.82223,2026-08-31 16:00:00,0.2874,0,0.4865,1,0.6082,1,0.0437,0,0.1379,0,0.237,0,0.0,1
684,102.643968,17.82223,2026-08-31 16:00:00,0.1797,0,0.3631,0,0.5216,1,0.0437,0,0.1711,0,0.237,0,0.0,1
685,102.874489,17.82223,2026-08-31 16:00:00,0.3051,0,0.5227,1,0.6683,1,0.0698,0,0.2293,0,0.3383,0,0.0,1
686,103.105011,17.82223,2026-08-31 16:00:00,0.3051,0,0.5229,1,0.67,1,0.0951,0,0.2787,0,0.4084,1,0.0014,1
687,103.335533,17.82223,2026-08-31 16:00:00,0.3264,0,0.5229,1,0.6192,1,0.074,0,0.2561,0,0.3383,0,0.0,1
688,103.566054,17.82223,2026-08-31 16:00:00,0.3714,1,0.5762,1,0.6885,1,0.1201,0,0.3227,1,0.4452,1,0.0014,1
689,103.796576,17.82223,2026-08-31 16:00:00,0.4145,1,0.6607,1,0.7834,1,0.1741,0,0.3948,1,0.5321,1,0.0035,1
690,104.027098,17.82223,2026-08-31 16:00:00,0.4865,1,0.6985,1,0.8097,1,0.2056,0,0.3969,1,0.5056,1,0.0,1
691,104.257619,17.82223,2026-08-31 16:00:00,0.4975,1,0.7143,1,0.8097,1,0.2235,0,0.4155,1,0.5386,1,0.0062,1
692,97.803013,18.048323,2026-08-31 16:00:00,0.7815,1,0.8997,1,0.946,1,0.4999,1,0.6526,1,0.7322,1,0.0,1
693,98.033534,18.048323,2026-08-31 16:00:00,0.7633,1,0.8644,1,0.924,1,0.3405,1,0.5269,1,0.6422,1,0.0,1
694,98.264056,18.048323,2026-08-31 16:00:00,0.6208,1,0.7652,1,0.8892,1,0.2272,0,0.3969,1,0.5158,1,0.0,1
695,98.494578,18.048323,2026-08-31 16:00:00,0.7301,1,0.8535,1,0.9156,1,0.4004,1,0.5269,1,0.5838,1,0.0317,1
696,98.725099,18.048323,2026-08-31 16:00:00,0.7301,1,0.8535,1,0.924,1,0.3546,1,0.5269,1,0.5386,1,0.0515,1
697,98.955621,18.048323,2026-08-31 16:00:00,0.76,1,0.8454,1,0.9156,1,0.3855,1,0.5567,1,0.5764,1,0.051,1
698,99.186143,18.048323,2026-08-31 16:00:00,0.7633,1,0.8984,1,0.946,1,0.4061,1,0.5567,1,0.6422,1,0.0506,1
699,99.416664,18.048323,2026-08-31 16:00:00,0.8167,1,0.8835,1,0.9305,1,0.4315,1,0.5567,1,0.6422,1,0.0302,1
700,99.647186,18.048323,2026-08-31 16:00:00,0.6607,1,0.8375,1,0.8816,1,0.2744,1,0.4968,1,0.5321,1,0.0,1
701,99.877708,18.048323,2026-08-31 16:00:00,0.6607,1,0.8209,1,0.8792,1,0.2272,0,0.434,1,0.5158,1,0.0,1
702,100.108229,18.048323,2026-08-31 16:00:00,0.7005,1,0.8614,1,0.9068,1,0.2235,0,0.4392,1,0.5321,1,0.0,1
703,100.338751,18.048323,2026-08-31 16:00:00,0.5455,1,0.8209,1,0.8816,1,0.1741,0,0.3727,1,0.5237,1,0.0,1
704,100.569273,18.048323,2026-08-31 16:00:00,0.5377,1,0.7143,1,0.7793,1,0.1622,0,0.3104,1,0.3905,1,0.0,1
705,100.799794,18.048323,2026-08-31 16:00:00,0.4262,1,0.7167,1,0.7793,1,0.1201,0,0.2872,0,0.4084,1,0.0,1
706,101.030316,18.048323,2026-08-31 16:00:00,0.4262,1,0.7143,1,0.8097,1,0.1307,0,0.2787,0,0.3679,1,0.0,1
707,101.952403,18.048323,2026-08-31 16:00:00,0.2874,0,0.422,1,0.7343,1,0.0512,0,0.1537,0,0.2955,0,0.0007,1
708,102.182924,18.048323,2026-08-31 16:00:00,0.2254,0,0.3697,0,0.7343,1,0.0347,0,0.1009,0,0.1935,0,0.0,1
709,103.105011,18.048323,2026-08-31 16:00:00,0.7815,1,0.8375,1,0.8892,1,0.424,1,0.5746,1,0.6726,1,0.0914,1
710,103.335533,18.048323,2026-08-31 16:00:00,0.7272,1,0.8339,1,0.8892,1,0.3731,1,0.5567,1,0.6516,1,0.048,1
711,103.566054,18.048323,2026-08-31 16:00:00,0.5,1,0.6962,1,0.8214,1,0.1328,0,0.3727,1,0.4788,1,0.0028,1
712,103.796576,18.048323,2026-08-31 16:00:00,0.5455,1,0.7476,1,0.8202,1,0.2191,0,0.3969,1,0.4205,1,0.0,1
713,104.027098,18.048323,2026-08-31 16:00:00,0.5414,1,0.7476,1,0.8553,1,0.2707,1,0.4392,1,0.5716,1,0.0014,1
714,97.803013,18.274416,2026-08-31 16:00:00,0.7633,1,0.8762,1,0.9403,1,0.4061,1,0.5772,1,0.6878,1,0.0008,1
715,98.033534,18.274416,2026-08-31 16:00:00,0.7272,1,0.8535,1,0.9068,1,0.3058,1,0.4746,1,0.6114,1,0.0,1
716,98.264056,18.274416,2026-08-31 16:00:00,0.6409,1,0.8082,1,0.8892,1,0.2191,0,0.434,1,0.4583,1,0.0,1
717,98.494578,18.274416,2026-08-31 16:00:00,0.7633,1,0.8644,1,0.9403,1,0.3833,1,0.5035,1,0.5895,1,0.0255,1
718,98.725099,18.274416,2026-08-31 16:00:00,0.7005,1,0.7732,1,0.8792,1,0.3405,1,0.4912,1,0.5321,1,0.0515,1
719,98.955621,18.274416,2026-08-31 16:00:00,0.6489,1,0.7476,1,0.8355,1,0.3405,1,0.434,1,0.5158,1,0.0511,1
720,99.186143,18.274416,2026-08-31 16:00:00,0.7541,1,0.8209,1,0.9156,1,0.3855,1,0.5269,1,0.5764,1,0.0507,1
721,99.416664,18.274416,2026-08-31 16:00:00,0.8167,1,0.8644,1,0.924,1,0.4061,1,0.5567,1,0.6114,1,0.0235,1
722,99.647186,18.274416,2026-08-31 16:00:00,0.585,1,0.7476,1,0.856,1,0.164,0,0.3104,1,0.4205,1,0.0,1
723,99.877708,18.274416,2026-08-31 16:00:00,0.6232,1,0.8375,1,0.8892,1,0.2744,1,0.4968,1,0.5716,1,0.0,1
724,100.108229,18.274416,2026-08-31 16:00:00,0.7005,1,0.8339,1,0.9068,1,0.3546,1,0.5035,1,0.5764,1,0.0054,1
725,100.338751,18.274416,2026-08-31 16:00:00,0.5414,1,0.7953,1,0.8892,1,0.1741,0,0.3969,1,0.5321,1,0.0084,1
726,100.569273,18.274416,2026-08-31 16:00:00,0.6011,1,0.8067,1,0.8892,1,0.2707,1,0.4392,1,0.5838,1,0.0484,1
727,100.799794,18.274416,2026-08-31 16:00:00,0.576,1,0.7476,1,0.8546,1,0.2235,0,0.434,1,0.5386,1,0.0421,1
728,101.030316,18.274416,2026-08-31 16:00:00,0.5414,1,0.7476,1,0.8546,1,0.2272,0,0.4037,1,0.5716,1,0.0217,1
729,103.335533,18.274416,2026-08-31 16:00:00,0.7633,1,0.8375,1,0.9068,1,0.448,1,0.6127,1,0.6516,1,0.0999,1
730,103.566054,18.274416,2026-08-31 16:00:00,0.7005,1,0.8375,1,0.8892,1,0.4511,1,0.6223,1,0.6878,1,0.0331,1
731,103.796576,18.274416,2026-08-31 16:00:00,0.5769,1,0.7628,1,0.854,1,0.2707,1,0.4432,1,0.5764,1,0.0014,1
732,97.572491,18.500509,2026-08-31 16:00:00,0.7633,1,0.8762,1,0.946,1,0.3716,1,0.5772,1,0.6878,1,0.0008,1
733,97.803013,18.500509,2026-08-31 16:00:00,0.7633,1,0.8454,1,0.924,1,0.3855,1,0.5272,1,0.6422,1,0.0008,1
734,98.033534,18.500509,2026-08-31 16:00:00,0.7633,1,0.8454,1,0.9068,1,0.3716,1,0.5035,1,0.5895,1,0.0008,1
735,98.264056,18.500509,2026-08-31 16:00:00,0.5824,1,0.7183,1,0.854,1,0.1201,0,0.2293,0,0.3081,0,0.0,1
736,98.494578,18.500509,2026-08-31 16:00:00,0.7005,1,0.8209,1,0.9156,1,0.3058,1,0.5269,1,0.5764,1,0.0048,1
737,98.725099,18.500509,2026-08-31 16:00:00,0.7633,1,0.8614,1,0.924,1,0.3716,1,0.5269,1,0.5764,1,0.0293,1
738,98.955621,18.500509,2026-08-31 16:00:00,0.7633,1,0.872,1,0.9326,1,0.424,1,0.5567,1,0.6422,1,0.0505,1
739,99.186143,18.500509,2026-08-31 16:00:00,0.7741,1,0.8614,1,0.924,1,0.424,1,0.5567,1,0.6422,1,0.0339,1
740,99.416664,18.500509,2026-08-31 16:00:00,0.6945,1,0.8209,1,0.8816,1,0.2191,0,0.3727,1,0.4788,1,0.0,1
741,99.647186,18.500509,2026-08-31 16:00:00,0.7005,1,0.8454,1,0.8892,1,0.2272,0,0.4505,1,0.5158,1,0.0,1
742,99.877708,18.500509,2026-08-31 16:00:00,0.6945,1,0.8614,1,0.9068,1,0.3405,1,0.5035,1,0.5838,1,0.0054,1
743,100.108229,18.500509,2026-08-31 16:00:00,0.7633,1,0.8644,1,0.9326,1,0.3405,1,0.4968,1,0.5604,1,0.01,1
744,100.338751,18.500509,2026-08-31 16:00:00,0.7005,1,0.8762,1,0.9305,1,0.2707,1,0.4587,1,0.5716,1,0.0658,1
745,100.569273,18.500509,2026-08-31 16:00:00,0.6945,1,0.8209,1,0.9068,1,0.2235,0,0.4392,1,0.5716,1,0.0871,1
746,100.799794,18.500509,2026-08-31 16:00:00,0.6409,1,0.8339,1,0.9156,1,0.193,0,0.4432,1,0.5716,1,0.0742,1
747,101.030316,18.500509,2026-08-31 16:00:00,0.6409,1,0.8339,1,0.9156,1,0.2126,0,0.4392,1,0.6114,1,0.0419,1
748,97.803013,18.726602,2026-08-31 16:00:00,0.7005,1,0.8122,1,0.9068,1,0.3058,1,0.4505,1,0.5716,1,0.0016,1
749,98.033534,18.726602,2026-08-31 16:00:00,0.6489,1,0.8209,1,0.9068,1,0.2707,1,0.4587,1,0.5386,1,0.0008,1
750,98.264056,18.726602,2026-08-31 16:00:00,0.6208,1,0.6908,1,0.8344,1,0.1112,0,0.2293,0,0.3383,0,0.0,1
751,98.494578,18.726602,2026-08-31 16:00:00,0.7301,1,0.8644,1,0.9305,1,0.1622,0,0.3727,1,0.5158,1,0.0,1
752,98.725099,18.726602,2026-08-31 16:00:00,0.6945,1,0.7652,1,0.8892,1,0.1862,0,0.3104,1,0.3829,1,0.0,1
753,98.955621,18.726602,2026-08-31 16:00:00,0.6607,1,0.8209,1,0.8946,1,0.1862,0,0.3727,1,0.4583,1,0.0,1
754,99.186143,18.726602,2026-08-31 16:00:00,0.7005,1,0.8067,1,0.8892,1,0.2538,1,0.3969,1,0.5158,1,0.0,1
755,99.416664,18.726602,2026-08-31 16:00:00,0.6624,1,0.8082,1,0.8892,1,0.193,0,0.3727,1,0.5056,1,0.0,1
756,99.647186,18.726602,2026-08-31 16:00:00,0.7005,1,0.8454,1,0.9068,1,0.2272,0,0.4392,1,0.5386,1,0.0008,1
757,99.877708,18.726602,2026-08-31 16:00:00,0.7301,1,0.8454,1,0.924,1,0.3405,1,0.5269,1,0.5838,1,0.007,1
758,100.108229,18.726602,2026-08-31 16:00:00,0.7741,1,0.897,1,0.946,1,0.3855,1,0.5567,1,0.6676,1,0.0398,1
759,100.338751,18.726602,2026-08-31 16:00:00,0.7301,1,0.8762,1,0.9068,1,0.2272,0,0.4392,1,0.5604,1,0.0794,1
760,100.569273,18.726602,2026-08-31 16:00:00,0.6945,1,0.8762,1,0.9326,1,0.2235,0,0.5035,1,0.5895,1,0.1222,1
761,100.799794,18.726602,2026-08-31 16:00:00,0.7272,1,0.897,1,0.946,1,0.2707,1,0.5035,1,0.6422,1,0.1423,1
762,101.030316,18.726602,2026-08-31 16:00:00,0.7272,1,0.8644,1,0.946,1,0.325,1,0.5371,1,0.6422,1,0.103,1
763,97.803013,18.952695,2026-08-31 16:00:00,0.7005,1,0.8339,1,0.9195,1,0.325,1,0.4968,1,0.5895,1,0.0295,1
764,98.033534,18.952695,2026-08-31 16:00:00,0.6011,1,0.7652,1,0.8976,1,0.193,0,0.3727,1,0.5321,1,0.0343,1
765,98.264056,18.952695,2026-08-31 16:00:00,0.6489,1,0.7476,1,0.8816,1,0.1622,0,0.3227,1,0.4452,1,0.0,1
766,98.494578,18.952695,2026-08-31 16:00:00,0.6607,1,0.8209,1,0.8892,1,0.1862,0,0.3486,1,0.4084,1,0.0,1
767,98.725099,18.952695,2026-08-31 16:00:00,0.585,1,0.8082,1,0.8892,1,0.1862,0,0.3486,1,0.4205,1,0.0,1
768,98.955621,18.952695,2026-08-31 16:00:00,0.7541,1,0.8762,1,0.924,1,0.325,1,0.5567,1,0.6422,1,0.0008,1
769,99.186143,18.952695,2026-08-31 16:00:00,0.7633,1,0.8339,1,0.924,1,0.2707,1,0.4649,1,0.5764,1,0.0087,1
770,99.416664,18.952695,2026-08-31 16:00:00,0.7272,1,0.8535,1,0.924,1,0.2878,1,0.4746,1,0.5764,1,0.0165,1
771,99.647186,18.952695,2026-08-31 16:00:00,0.744,1,0.8375,1,0.924,1,0.2744,1,0.4746,1,0.5716,1,0.0219,1
772,99.877708,18.952695,2026-08-31 16:00:00,0.7741,1,0.8614,1,0.9441,1,0.3058,1,0.4392,1,0.5716,1,0.0233,1
773,100.108229,18.952695,2026-08-31 16:00:00,0.7741,1,0.8881,1,0.946,1,0.2744,1,0.434,1,0.5604,1,0.0816,1
774,100.338751,18.952695,2026-08-31 16:00:00,0.7741,1,0.8762,1,0.9432,1,0.325,1,0.4912,1,0.5895,1,0.1664,1
775,100.569273,18.952695,2026-08-31 16:00:00,0.7272,1,0.8984,1,0.9305,1,0.2235,0,0.4392,1,0.5764,1,0.2123,1
776,100.799794,18.952695,2026-08-31 16:00:00,0.7815,1,0.906,1,0.946,1,0.325,1,0.5371,1,0.6422,1,0.1764,1
777,101.030316,18.952695,2026-08-31 16:00:00,0.7005,1,0.8984,1,0.9403,1,0.3058,1,0.4968,1,0.6676,1,0.1884,1
778,101.260838,18.952695,2026-08-31 16:00:00,0.576,1,0.8375,1,0.8976,1,0.3058,1,0.4505,1,0.6676,1,0.0901,1
779,98.033534,19.178788,2026-08-31 16:00:00,0.576,1,0.7233,1,0.8816,1,0.1422,0,0.3104,1,0.4205,1,0.0751,1
780,98.264056,19.178788,2026-08-31 16:00:00,0.6011,1,0.7396,1,0.8792,1,0.1591,0,0.3047,1,0.4084,1,0.0781,1
781,98.494578,19.178788,2026-08-31 16:00:00,0.6208,1,0.7732,1,0.8946,1,0.1862,0,0.3227,1,0.4788,1,0.0218,1
782,98.725099,19.178788,2026-08-31 16:00:00,0.6731,1,0.8082,1,0.8892,1,0.2056,0,0.3727,1,0.4533,1,0.0,1
783,98.955621,19.178788,2026-08-31 16:00:00,0.744,1,0.8209,1,0.9403,1,0.3058,1,0.5269,1,0.5838,1,0.012,1
784,99.186143,19.178788,2026-08-31 16:00:00,0.7633,1,0.8835,1,0.946,1,0.3111,1,0.5561,1,0.6516,1,0.0198,1
785,99.416664,19.178788,2026-08-31 16:00:00,0.7005,1,0.8375,1,0.9305,1,0.2707,1,0.4017,1,0.5386,1,0.0275,1
786,99.647186,19.178788,2026-08-31 16:00:00,0.7272,1,0.8339,1,0.924,1,0.2707,1,0.3948,1,0.5342,1,0.0431,1
787,99.877708,19.178788,2026-08-31 16:00:00,0.7633,1,0.8375,1,0.946,1,0.325,1,0.4392,1,0.5838,1,0.0864,1
788,100.108229,19.178788,2026-08-31 16:00:00,0.7815,1,0.8997,1,0.946,1,0.3058,1,0.4392,1,0.5895,1,0.149,1
789,100.338751,19.178788,2026-08-31 16:00:00,0.8789,1,0.9239,1,0.9519,1,0.4061,1,0.5567,1,0.6998,1,0.2903,1
790,100.569273,19.178788,2026-08-31 16:00:00,0.8315,1,0.939,1,0.9591,1,0.4061,1,0.6176,1,0.7322,1,0.348,1
791,100.799794,19.178788,2026-08-31 16:00:00,0.8434,1,0.939,1,0.9669,1,0.3855,1,0.6019,1,0.7265,1,0.3669,1
792,101.030316,19.178788,2026-08-31 16:00:00,0.7815,1,0.9239,1,0.946,1,0.3546,1,0.5269,1,0.6837,1,0.2906,1
793,97.803013,19.404881,2026-08-31 16:00:00,0.6607,1,0.7652,1,0.8976,1,0.2056,0,0.3227,1,0.4505,1,0.124,1
794,98.033534,19.404881,2026-08-31 16:00:00,0.585,1,0.7233,1,0.868,1,0.1433,0,0.3104,1,0.4205,1,0.1371,1
795,98.264056,19.404881,2026-08-31 16:00:00,0.585,1,0.7476,1,0.8816,1,0.164,0,0.2844,0,0.4205,1,0.1045,1
796,98.494578,19.404881,2026-08-31 16:00:00,0.6409,1,0.7953,1,0.9068,1,0.1862,0,0.3486,1,0.5158,1,0.0976,1
797,98.725099,19.404881,2026-08-31 16:00:00,0.6731,1,0.8082,1,0.9068,1,0.2191,0,0.3948,1,0.5716,1,0.0525,1
798,98.955621,19.404881,2026-08-31 16:00:00,0.6011,1,0.7476,1,0.8892,1,0.193,0,0.3165,1,0.5056,1,0.048,1
799,99.186143,19.404881,2026-08-31 16:00:00,0.7005,1,0.8375,1,0.9068,1,0.2744,1,0.4432,1,0.5716,1,0.0495,1
800,99.416664,19.404881,2026-08-31 16:00:00,0.6945,1,0.8122,1,0.8946,1,0.2707,1,0.3727,1,0.5158,1,0.0466,1
801,99.647186,19.404881,2026-08-31 16:00:00,0.7301,1,0.8375,1,0.9156,1,0.2707,1,0.3727,1,0.5604,1,0.0622,1
802,99.877708,19.404881,2026-08-31 16:00:00,0.8167,1,0.8835,1,0.9519,1,0.3111,1,0.4587,1,0.6114,1,0.1048,1
803,100.108229,19.404881,2026-08-31 16:00:00,0.8434,1,0.9381,1,0.9519,1,0.3855,1,0.5772,1,0.6878,1,0.1981,1
804,100.338751,19.404881,2026-08-31 16:00:00,0.8789,1,0.9381,1,0.9519,1,0.424,1,0.6091,1,0.7322,1,0.3083,1
805,100.569273,19.404881,2026-08-31 16:00:00,0.8676,1,0.939,1,0.9591,1,0.4315,1,0.6019,1,0.6878,1,0.4336,1
806,100.799794,19.404881,2026-08-31 16:00:00,0.8881,1,0.9417,1,0.9669,1,0.4999,1,0.7263,1,0.8134,1,0.5023,1
807,101.030316,19.404881,2026-08-31 16:00:00,0.866,1,0.939,1,0.9519,1,0.4551,1,0.6223,1,0.6878,1,0.4087,1
808,98.033534,19.630974,2026-08-31 16:00:00,0.5824,1,0.7396,1,0.8816,1,0.1201,0,0.2787,0,0.4205,1,0.1588,1
809,98.264056,19.630974,2026-08-31 16:00:00,0.6011,1,0.7034,1,0.8546,1,0.1201,0,0.2787,0,0.4505,1,0.1418,1
810,98.494578,19.630974,2026-08-31 16:00:00,0.5824,1,0.7652,1,0.8892,1,0.164,0,0.3047,1,0.5056,1,0.1133,1
811,98.725099,19.630974,2026-08-31 16:00:00,0.6208,1,0.8122,1,0.8892,1,0.2235,0,0.3948,1,0.5386,1,0.0989,1
812,98.955621,19.630974,2026-08-31 16:00:00,0.7272,1,0.8644,1,0.924,1,0.3546,1,0.5269,1,0.6422,1,0.0907,1
813,99.186143,19.630974,2026-08-31 16:00:00,0.7633,1,0.897,1,0.9326,1,0.3833,1,0.5567,1,0.6726,1,0.1154,1
814,99.416664,19.630974,2026-08-31 16:00:00,0.7301,1,0.8375,1,0.8892,1,0.3058,1,0.4432,1,0.5321,1,0.1045,1
815,99.647186,19.630974,2026-08-31 16:00:00,0.7301,1,0.8209,1,0.8892,1,0.2272,0,0.3727,1,0.5056,1,0.0893,1
816,99.877708,19.630974,2026-08-31 16:00:00,0.7005,1,0.8082,1,0.8892,1,0.2235,0,0.3969,1,0.5158,1,0.1083,1
817,100.108229,19.630974,2026-08-31 16:00:00,0.8352,1,0.8644,1,0.9167,1,0.3546,1,0.5567,1,0.6114,1,0.2267,1
818,100.338751,19.630974,2026-08-31 16:00:00,0.8315,1,0.8881,1,0.946,1,0.3716,1,0.5772,1,0.6516,1,0.3146,1
819,99.186143,19.857067,2026-08-31 16:00:00,0.8676,1,0.939,1,0.9591,1,0.5537,1,0.6928,1,0.7322,1,0.1625,1
820,99.416664,19.857067,2026-08-31 16:00:00,0.8434,1,0.9239,1,0.9519,1,0.5409,1,0.6526,1,0.6998,1,0.1567,1
821,99.647186,19.857067,2026-08-31 16:00:00,0.8434,1,0.906,1,0.9484,1,0.4551,1,0.6019,1,0.6743,1,0.1268,1
822,99.877708,19.857067,2026-08-31 16:00:00,0.6752,1,0.7476,1,0.8816,1,0.1741,0,0.3227,1,0.4505,1,0.0852,1
823,100.108229,19.857067,2026-08-31 16:00:00,0.8167,1,0.8614,1,0.9156,1,0.3058,1,0.5371,1,0.6114,1,0.1629,1
824,100.338751,19.857067,2026-08-31 16:00:00,0.7272,1,0.8644,1,0.9068,1,0.3058,1,0.5567,1,0.6422,1,0.2667,1
825,99.186143,20.08316,2026-08-31 16:00:00,0.9215,1,0.9565,1,0.9777,1,0.5953,1,0.74,1,0.8285,1,0.2633,1
826,99.416664,20.08316,2026-08-31 16:00:00,0.8676,1,0.9381,1,0.9736,1,0.5537,1,0.6928,1,0.7837,1,0.2404,1
827,99.647186,20.08316,2026-08-31 16:00:00,0.8362,1,0.8881,1,0.9156,1,0.4511,1,0.5772,1,0.6422,1,0.1786,1
828,99.877708,20.08316,2026-08-31 16:00:00,0.8167,1,0.8375,1,0.8816,1,0.3716,1,0.5272,1,0.5764,1,0.111,1
829,100.108229,20.08316,2026-08-31 16:00:00,0.6731,1,0.7476,1,0.8816,1,0.2191,0,0.3948,1,0.483,1,0.0684,1
830,100.338751,20.08316,2026-08-31 16:00:00,0.7272,1,0.8339,1,0.8816,1,0.2744,1,0.5035,1,0.6114,1,0.0935,1
831,99.647186,20.309252,2026-08-31 16:00:00,0.8167,1,0.8122,1,0.8816,1,0.3716,1,0.4968,1,0.5386,1,0.2048,1
832,99.877708,20.309252,2026-08-31 16:00:00,0.8352,1,0.8644,1,0.924,1,0.3855,1,0.5272,1,0.6114,1,0.1231,1
833,100.338751,20.309252,2026-08-31 16:00:00,0.6409,1,0.7652,1,0.868,1,0.2707,1,0.4505,1,0.5237,1,0.0618,1
