span,regime,target,rows,base_rate,om_roc,hw_roc,om_pr,hw_pr,roc_gain,pr_gain
2024-07..2024-08,wet,h1_0.1mm,308210,0.4553,0.7663,0.8018,0.7227,0.7672,0.0355,0.0445
2024-07..2024-08,wet,h3_0.1mm,308210,0.625,0.7582,0.7964,0.8285,0.858,0.0382,0.0295
2024-07..2024-08,wet,h6_0.1mm,308210,0.7505,0.7637,0.8006,0.8976,0.916,0.0369,0.0184
2024-07..2024-08,wet,h1_1.0mm,308210,0.2117,0.7724,0.8148,0.478,0.5611,0.0424,0.0831
2024-07..2024-08,wet,h3_1.0mm,308210,0.3208,0.7481,0.7819,0.5732,0.6305,0.0338,0.0573
2024-07..2024-08,wet,h6_1.0mm,308210,0.4395,0.731,0.7574,0.6688,0.7035,0.0264,0.0347
2024-09..2024-10,wet,h1_0.1mm,304878,0.3695,0.8316,0.8622,0.7375,0.7829,0.0306,0.0454
2024-09..2024-10,wet,h3_0.1mm,304878,0.5104,0.8244,0.8514,0.8219,0.8494,0.027,0.0275
2024-09..2024-10,wet,h6_0.1mm,304878,0.6265,0.8347,0.8567,0.886,0.9017,0.022,0.0157
2024-09..2024-10,wet,h1_1.0mm,304878,0.1785,0.8242,0.8657,0.5022,0.5998,0.0415,0.0976
2024-09..2024-10,wet,h3_1.0mm,304878,0.2714,0.8014,0.8355,0.5951,0.6579,0.0341,0.0628
2024-09..2024-10,wet,h6_1.0mm,304878,0.373,0.79,0.8151,0.6777,0.7134,0.0251,0.0357
2024-11..2024-12,dry,h1_0.1mm,304878,0.1111,0.9089,0.9228,0.6562,0.7007,0.0139,0.0445
2024-11..2024-12,dry,h3_0.1mm,304878,0.1635,0.8882,0.9036,0.6859,0.7194,0.0154,0.0335
2024-11..2024-12,dry,h6_0.1mm,304878,0.2124,0.8748,0.8874,0.7186,0.7375,0.0126,0.0189
2024-11..2024-12,dry,h1_1.0mm,304878,0.0497,0.9471,0.9612,0.5887,0.6869,0.0141,0.0982
2024-11..2024-12,dry,h3_1.0mm,304878,0.0744,0.9322,0.9441,0.6186,0.6793,0.0119,0.0607
2024-11..2024-12,dry,h6_1.0mm,304878,0.0997,0.9181,0.9267,0.6408,0.682,0.0086,0.0412
2025-01..2025-02,dry,h1_0.1mm,294882,0.0454,0.9368,0.9531,0.5153,0.59,0.0163,0.0747
2025-01..2025-02,dry,h3_0.1mm,294882,0.0705,0.9309,0.9458,0.5924,0.6501,0.0149,0.0577
2025-01..2025-02,dry,h6_0.1mm,294882,0.096,0.9187,0.9344,0.6241,0.6778,0.0157,0.0537
2025-01..2025-02,dry,h1_1.0mm,294882,0.0181,0.9568,0.968,0.3619,0.4592,0.0112,0.0973
2025-01..2025-02,dry,h3_1.0mm,294882,0.0301,0.9512,0.9603,0.4206,0.4857,0.0091,0.0651
2025-01..2025-02,dry,h6_1.0mm,294882,0.0441,0.9447,0.9531,0.4729,0.5079,0.0084,0.035
2025-03..2025-04,dry,h1_0.1mm,304878,0.1495,0.8575,0.8924,0.5385,0.6194,0.0349,0.0809
2025-03..2025-04,dry,h3_0.1mm,304878,0.2243,0.8459,0.8755,0.6286,0.6878,0.0296,0.0592
2025-03..2025-04,dry,h6_0.1mm,304878,0.3033,0.8364,0.8643,0.6893,0.7363,0.0279,0.047
2025-03..2025-04,dry,h1_1.0mm,304878,0.0677,0.8813,0.9123,0.3804,0.4663,0.031,0.0859
2025-03..2025-04,dry,h3_1.0mm,304878,0.1062,0.8607,0.8856,0.451,0.509,0.0249,0.058
2025-03..2025-04,dry,h6_1.0mm,304878,0.1567,0.8436,0.865,0.5142,0.5552,0.0214,0.041
2025-05..2025-06,wet,h1_0.1mm,304878,0.4214,0.7567,0.7951,0.6876,0.7402,0.0384,0.0526
2025-05..2025-06,wet,h3_0.1mm,304878,0.5995,0.7489,0.7915,0.8068,0.8435,0.0426,0.0367
2025-05..2025-06,wet,h6_0.1mm,304878,0.7377,0.7586,0.7958,0.8896,0.9094,0.0372,0.0198
2025-05..2025-06,wet,h1_1.0mm,304878,0.1993,0.781,0.8274,0.4666,0.5539,0.0464,0.0873
2025-05..2025-06,wet,h3_1.0mm,304878,0.3144,0.7573,0.7963,0.5854,0.6427,0.039,0.0573
2025-05..2025-06,wet,h6_1.0mm,304878,0.441,0.7445,0.7742,0.6858,0.719,0.0297,0.0332
2025-07..2025-08,wet,h1_0.1mm,309876,0.4197,0.7887,0.8272,0.7253,0.7776,0.0385,0.0523
2025-07..2025-08,wet,h3_0.1mm,309876,0.5945,0.7718,0.8153,0.824,0.8614,0.0435,0.0374
2025-07..2025-08,wet,h6_0.1mm,309876,0.7236,0.7771,0.8234,0.8938,0.919,0.0463,0.0252
2025-07..2025-08,wet,h1_1.0mm,309876,0.2003,0.7961,0.842,0.4982,0.5955,0.0459,0.0973
2025-07..2025-08,wet,h3_1.0mm,309876,0.3145,0.7682,0.8112,0.6002,0.6707,0.043,0.0705
2025-07..2025-08,wet,h6_1.0mm,309876,0.4336,0.7551,0.7948,0.6923,0.7433,0.0397,0.051
2025-09..2025-10,wet,h1_0.1mm,304878,0.398,0.8045,0.8481,0.7097,0.7792,0.0436,0.0695
2025-09..2025-10,wet,h3_0.1mm,304878,0.551,0.8026,0.8388,0.8183,0.8577,0.0362,0.0394
2025-09..2025-10,wet,h6_0.1mm,304878,0.6705,0.8227,0.8496,0.8925,0.9131,0.0269,0.0206
2025-09..2025-10,wet,h1_1.0mm,304878,0.1981,0.8018,0.8544,0.4797,0.5898,0.0526,0.1101
2025-09..2025-10,wet,h3_1.0mm,304878,0.3061,0.7826,0.8254,0.5979,0.6702,0.0428,0.0723
2025-09..2025-10,wet,h6_1.0mm,304878,0.4229,0.7857,0.8151,0.7082,0.7497,0.0294,0.0415
2025-11..2025-12,dry,h1_0.1mm,304878,0.1577,0.8913,0.9103,0.6522,0.6931,0.019,0.0409
2025-11..2025-12,dry,h3_0.1mm,304878,0.2206,0.8895,0.9095,0.7164,0.7597,0.02,0.0433
2025-11..2025-12,dry,h6_0.1mm,304878,0.2811,0.8881,0.9052,0.772,0.8089,0.0171,0.0369
2025-11..2025-12,dry,h1_1.0mm,304878,0.058,0.9217,0.9381,0.5311,0.5944,0.0164,0.0633
2025-11..2025-12,dry,h3_1.0mm,304878,0.0898,0.9059,0.9237,0.5658,0.6228,0.0178,0.057
2025-11..2025-12,dry,h6_1.0mm,304878,0.1247,0.8972,0.9136,0.6078,0.6604,0.0164,0.0526
2026-01..2026-02,dry,h1_0.1mm,294882,0.0428,0.9018,0.927,0.3453,0.4498,0.0252,0.1045
2026-01..2026-02,dry,h3_0.1mm,294882,0.0672,0.8978,0.9205,0.4149,0.5138,0.0227,0.0989
2026-01..2026-02,dry,h6_0.1mm,294882,0.0951,0.8894,0.911,0.4795,0.5654,0.0216,0.0859
2026-01..2026-02,dry,h1_1.0mm,294882,0.0195,0.9279,0.9517,0.2348,0.3377,0.0238,0.1029
2026-01..2026-02,dry,h3_1.0mm,294882,0.0335,0.9161,0.9395,0.2849,0.3891,0.0234,0.1042
2026-01..2026-02,dry,h6_1.0mm,294882,0.0496,0.9128,0.9309,0.3412,0.4206,0.0181,0.0794
2026-03..2026-04,dry,h1_0.1mm,304878,0.0948,0.8559,0.8972,0.4178,0.5076,0.0413,0.0898
2026-03..2026-04,dry,h3_0.1mm,304878,0.1409,0.8387,0.8761,0.4899,0.5617,0.0374,0.0718
2026-03..2026-04,dry,h6_0.1mm,304878,0.1954,0.8264,0.8549,0.5515,0.6031,0.0285,0.0516
2026-03..2026-04,dry,h1_1.0mm,304878,0.0395,0.8853,0.9236,0.2856,0.3611,0.0383,0.0755
2026-03..2026-04,dry,h3_1.0mm,304878,0.0664,0.869,0.8996,0.3605,0.4207,0.0306,0.0602
2026-03..2026-04,dry,h6_1.0mm,304878,0.0993,0.8518,0.8757,0.4227,0.4627,0.0239,0.04
2026-05..2026-06,wet,h1_0.1mm,303212,0.3642,0.7848,0.8048,0.6626,0.6939,0.02,0.0313
2026-05..2026-06,wet,h3_0.1mm,303212,0.5275,0.7712,0.7929,0.7803,0.8018,0.0217,0.0215
2026-05..2026-06,wet,h6_0.1mm,303212,0.6691,0.7742,0.7938,0.8641,0.8767,0.0196,0.0126
2026-05..2026-06,wet,h1_1.0mm,303212,0.1635,0.8001,0.8241,0.4256,0.4673,0.024,0.0417
2026-05..2026-06,wet,h3_1.0mm,303212,0.2699,0.7774,0.7973,0.5528,0.5822,0.0199,0.0294
2026-05..2026-06,wet,h6_1.0mm,303212,0.3916,0.761,0.7747,0.6568,0.672,0.0137,0.0152
2026-07..2026-07,wet,h1_0.1mm,94962,0.4297,0.751,0.7659,0.6885,0.7116,0.0149,0.0231
2026-07..2026-07,wet,h3_0.1mm,94962,0.6027,0.7577,0.7722,0.8156,0.8284,0.0145,0.0128
2026-07..2026-07,wet,h6_0.1mm,94962,0.7403,0.7802,0.7885,0.902,0.9053,0.0083,0.0033
2026-07..2026-07,wet,h1_1.0mm,94962,0.1648,0.7794,0.7948,0.415,0.4387,0.0154,0.0237
2026-07..2026-07,wet,h3_1.0mm,94962,0.2788,0.7601,0.7724,0.5439,0.5597,0.0123,0.0158
2026-07..2026-07,wet,h6_1.0mm,94962,0.3952,0.7561,0.7597,0.6591,0.6622,0.0036,0.0031
ALL DRY,dry,h1_0.1mm,1809276,0.1008,0.8967,0.9166,0.5639,0.6206,0.0199,0.0567
ALL DRY,dry,h3_0.1mm,1809276,0.1487,0.888,0.9061,0.6281,0.6736,0.0181,0.0455
ALL DRY,dry,h6_0.1mm,1809276,0.1983,0.8809,0.8959,0.6794,0.7137,0.015,0.0343
ALL DRY,dry,h1_1.0mm,1809276,0.0423,0.9217,0.9418,0.4397,0.5214,0.0201,0.0817
ALL DRY,dry,h3_1.0mm,1809276,0.0671,0.9062,0.9238,0.4842,0.5434,0.0176,0.0592
ALL DRY,dry,h6_1.0mm,1809276,0.0962,0.8959,0.9095,0.53,0.5723,0.0136,0.0423
ALL WET,wet,h1_0.1mm,1930894,0.4061,0.7881,0.8219,0.7106,0.7594,0.0338,0.0488
ALL WET,wet,h3_0.1mm,1930894,0.5699,0.7805,0.8144,0.816,0.8478,0.0339,0.0318
ALL WET,wet,h6_0.1mm,1930894,0.6987,0.7918,0.8216,0.8896,0.908,0.0298,0.0184
ALL WET,wet,h1_1.0mm,1930894,0.1906,0.7953,0.8366,0.4767,0.5614,0.0413,0.0847
ALL WET,wet,h3_1.0mm,1930894,0.2986,0.7715,0.8059,0.5848,0.6425,0.0344,0.0577
ALL WET,wet,h6_1.0mm,1930894,0.416,0.7601,0.7864,0.6812,0.716,0.0263,0.0348
ALL,all,h1_0.1mm,3740170,0.2584,0.8701,0.8906,0.6896,0.7385,0.0205,0.0489
ALL,all,h3_0.1mm,3740170,0.3661,0.8774,0.895,0.7903,0.823,0.0176,0.0327
ALL,all,h6_0.1mm,3740170,0.4567,0.8925,0.9057,0.862,0.8817,0.0132,0.0197
ALL,all,h1_1.0mm,3740170,0.1189,0.8705,0.8971,0.4736,0.557,0.0266,0.0834
ALL,all,h3_1.0mm,3740170,0.1866,0.86,0.881,0.5714,0.6286,0.021,0.0572
ALL,all,h6_1.0mm,3740170,0.2613,0.8599,0.8749,0.6611,0.6964,0.015,0.0353
