rain_threshold,strong_threshold,macro_f1,moderate_or_heavy_precision,moderate_or_heavy_recall,horizon_h
0.2,0.05,0.33804450620665666,0.050880497108994505,0.9589645037304997,1
0.2,0.1,0.3827327989370286,0.058907679669131185,0.9403120054261813,1
0.2,0.15000000000000002,0.41305822801514686,0.06689511445728548,0.918042052905268,1
0.2,0.2,0.4343515271615758,0.07493439318449778,0.8909111462808049,1
0.2,0.25,0.4512032855144628,0.08349771337263762,0.8565453312231517,1
0.2,0.3,0.46500049195663684,0.09252637110521526,0.8160750621749944,1
0.2,0.35000000000000003,0.4776717162297727,0.10296364654089954,0.7693872936920642,1
0.2,0.4,0.4896204047144474,0.11550421231514625,0.7222473434320597,1
0.2,0.45,0.5017217063096627,0.13113342898134864,0.6716029843997287,1
0.2,0.5,0.5129325679935329,0.14945876147041046,0.6149672168211621,1
0.2,0.55,0.5241570517439196,0.17215082615449795,0.551209586253674,1
0.2,0.6000000000000001,0.5348922748749204,0.20112073836880767,0.48281709247117344,1
0.2,0.6500000000000001,0.5442400433572283,0.24006611570247935,0.410468008139272,1
0.2,0.7000000000000001,0.5464810866522789,0.2842649691665009,0.3230838797196473,1
0.2,0.7500000000000001,0.5428756508594174,0.3504343550237666,0.2416911598462582,1
0.25,0.05,0.349779810911578,0.05365041070710552,0.9502600045218178,1
0.25,0.1,0.39589739960503284,0.06209571143491848,0.9321727334388424,1
0.25,0.15000000000000002,0.427521811659358,0.07051562636785433,0.9105810535835406,1
0.25,0.2,0.4498168432206948,0.0789197481026966,0.8840153741804205,1
0.25,0.25,0.4675282383661043,0.08782868618934192,0.8503278317883789,1
0.25,0.3,0.4819665944041367,0.09713628054972581,0.8109880171829076,1
0.25,0.35000000000000003,0.4951587932631276,0.10785610685197877,0.764978521365589,1
0.25,0.4,0.50755129953321,0.12064841881477545,0.7185168437711961,1
0.25,0.45,0.5199918703294705,0.13646841862609496,0.6692290300700882,1
0.25,0.5,0.5313073584060707,0.15483428962918558,0.6131584897128646,1
0.25,0.55,0.5424186870613387,0.17722072433141442,0.5498530409224508,1
0.25,0.6000000000000001,0.55296998610847,0.2057107027444171,0.48213881980556184,1
0.25,0.6500000000000001,0.562026590523775,0.24422753281723325,0.4101288718064662,1
0.25,0.7000000000000001,0.5638538505829819,0.28733782560595394,0.3229708342753787,1
0.25,0.7500000000000001,0.5598953533762526,0.3522333937695731,0.2415781144019896,1
0.3,0.05,0.35799672095232976,0.055965514231422604,0.9422337779787474,1
0.3,0.1,0.4053360138178655,0.06460529953007148,0.924711734117115,1
0.3,0.15000000000000002,0.43808278642461773,0.07327471600546442,0.903459190594619,1
0.3,0.2,0.46120199037161463,0.0818785008280678,0.8774587384128419,1
0.3,0.25,0.47957922548582294,0.09094120369806448,0.8439972869093375,1
0.3,0.3,0.4945822000412814,0.10044554734645536,0.8053357449694777,1
0.3,0.35000000000000003,0.5081908556155703,0.11134286849423917,0.7603436581505766,1
0.3,0.4,0.5208594757825977,0.12426733802761497,0.7142211168889894,1
0.3,0.45,0.5335156950171405,0.14017378883466253,0.6656115758534931,1
0.3,0.5,0.5448975826335265,0.15857025375939848,0.6103323536061497,1
0.3,0.55,0.5559908817932956,0.1807768366851983,0.5477051774813475,1
0.3,0.6000000000000001,0.5664026968693616,0.20903232154277562,0.4803300926972643,1
0.3,0.6500000000000001,0.5752939416832612,0.2472993299603446,0.40888537191951163,1
0.3,0.7000000000000001,0.5768799122692322,0.28998778998779,0.3221795161654985,1
0.3,0.7500000000000001,0.5726824923227326,0.35402489626556016,0.24112593262491522,1
0.35,0.05,0.3641417541606296,0.05812653385557673,0.9344336423242143,1
0.35,0.1,0.41235253189398496,0.06687265686153339,0.917476825683925,1
0.35,0.15000000000000002,0.4460289262085461,0.0756930655261952,0.8963373276056975,1
0.35,0.2,0.46993056151066,0.08443743082267592,0.871015148089532,1
0.35,0.25,0.48894683800475663,0.0937223584118881,0.8384580601401763,1
0.35,0.3,0.5044135047464559,0.10330940290667133,0.8003617454216595,1
0.35,0.35000000000000003,0.5183993672866736,0.11440533151059466,0.7568392493782501,1
0.35,0.4,0.5313036046738634,0.1274182112832979,0.7110558444494687,1
0.35,0.45,0.5440850625145882,0.14322375656849567,0.6624463034139724,1
0.35,0.5,0.5555373741682982,0.16163073870298547,0.607732308387972,1
0.35,0.55,0.5666663926837506,0.1839027920618596,0.5457834049287814,1
0.35,0.6000000000000001,0.5770948652860352,0.21239159857636974,0.47897354736604114,1
0.35,0.6500000000000001,0.5858489578011473,0.2504684572142411,0.4079810083653629,1
0.35,0.7000000000000001,0.587053463896416,0.29220645691959696,0.32127515261134976,1
0.35,0.7500000000000001,0.5827156499618803,0.35584155106134047,0.24067375084784084,1
0.39999999999999997,0.05,0.3694472712926031,0.0603416537810176,0.926407415781144,1
0.39999999999999997,0.1,0.418459644236335,0.06915629322268327,0.9100158263621976,1
0.39999999999999997,0.15000000000000002,0.45300576529840414,0.07809799988082707,0.8889893737282387,1
0.39999999999999997,0.2,0.4776099225256533,0.08704163157535338,0.8645715577662221,1
0.39999999999999997,0.25,0.49720719978954464,0.09653293515134845,0.8331449242595523,1
0.39999999999999997,0.3,0.5131831199358002,0.10630622471774437,0.7961790639837214,1
0.39999999999999997,0.35000000000000003,0.5275114213332739,0.11754432389521037,0.753221795161655,1
0.39999999999999997,0.4,0.5406797633328525,0.13062424419331972,0.7082297083427538,1
0.39999999999999997,0.45,0.5536808888943647,0.14657400205735505,0.6604114854171377,1
0.39999999999999997,0.5,0.5651693297627669,0.16495447834645668,0.6062627176124802,1
0.39999999999999997,0.55,0.5762711104618611,0.18709702478054843,0.5445399050418268,1
0.39999999999999997,0.6000000000000001,0.5867062095240279,0.21561735941320292,0.47852136558896674,1
0.39999999999999997,0.6500000000000001,0.5953378499960469,0.25358649789029536,0.4076418720325571,1
0.39999999999999997,0.7000000000000001,0.5962959218176666,0.29493039684188654,0.32093601627854396,1
0.39999999999999997,0.7500000000000001,0.5917872802906005,0.35812857623695726,0.24056070540357224,1
0.44999999999999996,0.05,0.3741055362566828,0.06289064617815401,0.9179290074609994,1
0.44999999999999996,0.1,0.4236408369029366,0.07186658622459546,0.9022156907076645,1
0.44999999999999996,0.15000000000000002,0.45916647714045916,0.08103980301094037,0.8817544652950486,1
0.44999999999999996,0.2,0.48451763689657246,0.09017981293749926,0.8577888311101063,1
0.44999999999999996,0.25,0.5046871655142282,0.09991129307403616,0.8276056974903911,1
0.44999999999999996,0.3,0.5211679112742159,0.10988717852155219,0.7916572462129776,1
0.44999999999999996,0.35000000000000003,0.5358615104114336,0.12123761108876129,0.7494912955007913,1
0.44999999999999996,0.4,0.5493287500695835,0.13441068735186382,0.7051774813475017,1
0.44999999999999996,0.45,0.5625213295910473,0.15044042053057113,0.658376667420303,1
0.44999999999999996,0.5,0.5740823201566237,0.16871610543574223,0.6049061722812571,1
0.44999999999999996,0.55,0.5852083038111114,0.1907386115846648,0.5438616323762152,1
0.44999999999999996,0.6000000000000001,0.5955926357878848,0.21905748316934232,0.478182229256161,1
0.44999999999999996,0.6500000000000001,0.6040619513451608,0.2568049023799344,0.4074157811440199,1
0.44999999999999996,0.7000000000000001,0.6047988064666175,0.29779643231899267,0.32082297083427536,1
0.44999999999999996,0.7500000000000001,0.6000243633155843,0.3600812595226003,0.24044765995930364,1
0.49999999999999994,0.05,0.3781627162808067,0.06571790782317098,0.9083201446981687,1
0.49999999999999994,0.1,0.42813168468553503,0.07487558652068818,0.8929459642776396,1
0.49999999999999994,0.15000000000000002,0.4645143129125146,0.08426911114748731,0.8729369206420982,1
0.49999999999999994,0.2,0.4905678940589023,0.09362269369245911,0.8495365136784988,1
0.49999999999999994,0.25,0.51133306135146,0.10358321075106039,0.8199186072801267,1
0.49999999999999994,0.3,0.5282811264976245,0.11374656008386844,0.7849875650011304,1
0.49999999999999994,0.35000000000000003,0.5434004645431941,0.12526644336175397,0.7440651141758987,1
0.49999999999999994,0.4,0.5571852987056863,0.13857158824186877,0.7007687090210265,1
0.49999999999999994,0.45,0.5705889309612209,0.15462485643313123,0.6544200768709021,1
0.49999999999999994,0.5,0.5821480167526681,0.1726443571683599,0.601288718064662,1
0.49999999999999994,0.55,0.5932644840812885,0.19449526365003864,0.5408094053809631,1
0.49999999999999994,0.6000000000000001,0.6035347865343148,0.22258047465510863,0.47603436581505765,1
0.49999999999999994,0.6500000000000001,0.6118215087628132,0.25991316931982633,0.40605923581279674,1
0.49999999999999994,0.7000000000000001,0.6122717892190025,0.300222858962114,0.319805561835858,1
0.49999999999999994,0.7500000000000001,0.6074388789360351,0.3621953298108062,0.24022156907076644,1
0.5499999999999999,0.05,0.3813753157573511,0.06886643401566053,0.8967895093827719,1
0.5499999999999999,0.1,0.43169140196132566,0.0782832841868769,0.8823196925163916,1
0.5499999999999999,0.15000000000000002,0.46903576788178597,0.08807811724512056,0.8626497852136559,1
0.5499999999999999,0.2,0.4957723469819358,0.09774901001170883,0.8399276509156681,1
0.5499999999999999,0.25,0.5172331393006938,0.10796582636423802,0.8114401989599819,1
0.5499999999999999,0.3,0.5346791361331423,0.11833952912019827,0.777300474790866,1
0.5499999999999999,0.35000000000000003,0.5501831636060517,0.12998784787935533,0.7376215238525887,1
0.5499999999999999,0.4,0.5643137857141584,0.1434032634032634,0.6954555731404024,1
0.5499999999999999,0.45,0.5778835353197005,0.15956029313790807,0.6497852136558897,1
0.5499999999999999,0.5,0.5895807529058832,0.17760241773002014,0.5978973547366041,1
0.5499999999999999,0.55,0.6007216179073055,0.19935516288418056,0.5382093601627854,1
0.5499999999999999,0.6000000000000001,0.6109061196065518,0.22720381199913364,0.4743386841510287,1
0.5499999999999999,0.6500000000000001,0.6189548548114082,0.2641676505312869,0.4047026904815736,1
0.5499999999999999,0.7000000000000001,0.6192328044675084,0.3045542844808979,0.31901424372597786,1
0.5499999999999999,0.7500000000000001,0.6141979061646378,0.36597138424409587,0.23999547818222924,1
0.5999999999999999,0.05,0.3837873398903888,0.07228122856772137,0.88164141985078,1
0.5999999999999999,0.1,0.43402528189845685,0.08196528830348185,0.8680759665385485,1
0.5999999999999999,0.15000000000000002,0.47212236304899896,0.0920926811327694,0.849197377345693,1
0.5999999999999999,0.2,0.49960836744671716,0.1020855130083002,0.8272665611575853,1
0.5999999999999999,0.25,0.5216838719344788,0.11266574343791287,0.8001356545331223,1
0.5999999999999999,0.3,0.5395595322111222,0.12327597172502772,0.7669002939181551,1
0.5999999999999999,0.35000000000000003,0.5553436449319983,0.1349895178197065,0.7278996156454894,1
0.5999999999999999,0.4,0.5698100964110935,0.14860144130939293,0.6876554374858693,1
0.5999999999999999,0.45,0.5837476269630858,0.1650628949046432,0.6437938051096541,1
0.5999999999999999,0.5,0.5956229165494623,0.18321223976526477,0.5929233551887859,1
0.5999999999999999,0.55,0.6067806249804231,0.20476603119584055,0.5342527696133845,1
0.5999999999999999,0.6000000000000001,0.6168993607928083,0.23244026068066617,0.471738638932851,1
0.5999999999999999,0.6500000000000001,0.6247805661901007,0.2691900876397703,0.40278091792900744,1
0.5999999999999999,0.7000000000000001,0.6250195292470422,0.3095944609297725,0.31844901650463486,1
0.5999999999999999,0.7500000000000001,0.6196361226281344,0.37013100436681223,0.23954329640515487,1
0.6499999999999999,0.05,0.3855725202661177,0.07581112427449302,0.8608410581053584,1
0.6499999999999999,0.1,0.43565885820253714,0.0857724320863441,0.848066922903007,1
0.6499999999999999,0.15000000000000002,0.4741987114465147,0.09635440580356557,0.8303187881528374,1
0.6499999999999999,0.2,0.5022070715341366,0.10676326341994245,0.8096314718516844,1
0.6499999999999999,0.25,0.5246768357353555,0.11758120600457976,0.7836310196699073,1
0.6499999999999999,0.3,0.5430251808524181,0.1286020757233142,0.7522043861632376,1
0.6499999999999999,0.35000000000000003,0.5590457719500693,0.14037153904270921,0.7141080714447208,1
0.6499999999999999,0.4,0.5736496768895473,0.1539651837524178,0.674881302283518,1
0.6499999999999999,0.45,0.5878932668088062,0.17074583193635892,0.6332805787926746,1
0.6499999999999999,0.5,0.599981541083944,0.18907655187541128,0.5846710377571784,1
0.6499999999999999,0.55,0.6113457313421072,0.2110589085652331,0.5281483156228804,1
0.6499999999999999,0.6000000000000001,0.6214388840043384,0.2387499277915776,0.46721682116210717,1
0.6499999999999999,0.6500000000000001,0.6289852971916852,0.27487746051505485,0.3993895546009496,1
0.6499999999999999,0.7000000000000001,0.6288779514218544,0.31463963963963965,0.31584897128645717,1
0.6499999999999999,0.7500000000000001,0.6232250676416716,0.3741339491916859,0.23807370562966312,1
0.7,0.05,0.3869320281658763,0.08004570344500496,0.8394754691385937,1
0.7,0.1,0.4360317102949128,0.09024799092836365,0.8277187429346597,1
0.7,0.15000000000000002,0.4748974043358589,0.10128029586550541,0.8111010626271761,1
0.7,0.2,0.5033528663768617,0.11204688100422698,0.7910920189916346,1
0.7,0.25,0.5261787296947293,0.12319038017910014,0.7666742030296179,1
0.7,0.3,0.5448759383171996,0.1345852249277755,0.7372823875197829,1
0.7,0.35000000000000003,0.5610820655031405,0.1465270720582327,0.7008817544652951,1
0.7,0.4,0.57603822978762,0.16040881018746242,0.6635767578566584,1
0.7,0.45,0.5903918382013493,0.1773597041324972,0.6234456251413069,1
0.7,0.5,0.6026891357837965,0.1959142922970586,0.5767578566583766,1
0.7,0.55,0.6140571134953555,0.21792510742786986,0.5217047252995705,1
0.7,0.6000000000000001,0.6240854072926353,0.24570467379550642,0.4623558670585575,1
0.7,0.6500000000000001,0.6315890930775807,0.282082227049642,0.3963373276056975,1
0.7,0.7000000000000001,0.6312147394099057,0.32174719036032906,0.313927198733891,1
0.7,0.7500000000000001,0.6251183646626536,0.3797606093579978,0.23671716029843998,1
0.7499999999999998,0.05,0.3868478015350701,0.08496909677495598,0.8127967442912051,1
0.7499999999999998,0.1,0.4343188169166563,0.0953770438898451,0.8018313361971513,1
0.7499999999999998,0.15000000000000002,0.47304450045384167,0.10689861843217409,0.7863441103323536,1
0.7499999999999998,0.2,0.5017160150037009,0.1181380305691283,0.7680307483608411,1
0.7499999999999998,0.25,0.5247630513165006,0.12970102281667978,0.7454216595071219,1
0.7499999999999998,0.3,0.5437620127150613,0.14138376548160028,0.7174994347727787,1
0.7499999999999998,0.35000000000000003,0.5602360669183185,0.15371514273367395,0.6835858014921998,1
0.7499999999999998,0.4,0.5753824173531937,0.1676560900716479,0.6480895319918607,1
0.7499999999999998,0.45,0.5898189993122332,0.18463856453104133,0.6095410354962695,1
0.7499999999999998,0.5,0.6022847369240178,0.2034587995930824,0.5652272213429799,1
0.7499999999999998,0.55,0.6134958445834399,0.22509573780275527,0.5116436807596654,1
0.7499999999999998,0.6000000000000001,0.6235797746483102,0.25316137150047185,0.4548948677368302,1
0.7499999999999998,0.6500000000000001,0.6309658511241152,0.2896257221803567,0.39102419172507347,1
0.7499999999999998,0.7000000000000001,0.6301501583790442,0.3284208003834172,0.3098575627402216,1
0.7499999999999998,0.7500000000000001,0.6240883028564455,0.3861441307578009,0.23502147863441103,1
0.7999999999999998,0.05,0.38534303676394405,0.09058387126582446,0.7757178385711055,1
0.7999999999999998,0.1,0.4300943868597726,0.10108168593808281,0.7658828849197378,1
0.7999999999999998,0.15000000000000002,0.4684906559646201,0.11303209574323406,0.7516391589418946,1
0.7999999999999998,0.2,0.497056460321556,0.12461638790854687,0.734456251413068,1
0.7999999999999998,0.25,0.5201317080363277,0.13658747300215981,0.714899389554601,1
0.7999999999999998,0.3,0.5392299631620536,0.14852088308397096,0.6890119828170924,1
0.7999999999999998,0.35000000000000003,0.5558752670472001,0.16124031007751938,0.658376667420303,1
0.7999999999999998,0.4,0.571055171456719,0.1751688278748296,0.6245760795839927,1
0.7999999999999998,0.45,0.5856163228048754,0.19242273180458624,0.5890798100836536,1
0.7999999999999998,0.5,0.5979405202938346,0.21086804950322469,0.5470269048157359,1
0.7999999999999998,0.55,0.609251721320627,0.23277595512752672,0.4972869093375537,1
0.7999999999999998,0.6000000000000001,0.6191485538976644,0.26058350501761146,0.4432511869771648,1
0.7999999999999998,0.6500000000000001,0.6262864494575902,0.2965499078219647,0.3818675107393172,1
0.7999999999999998,0.7000000000000001,0.6254311557043802,0.3349925335988054,0.30431833597106034,1
0.7999999999999998,0.7500000000000001,0.6191118879794526,0.39176245210727967,0.23117793352927876,1
0.2,0.05,0.25433688973135243,0.036917109889915714,0.9447207777526566,2
0.2,0.1,0.2892289660917783,0.03995458371669636,0.9229030070088176,2
0.2,0.15000000000000002,0.3183815758301717,0.043113211656575334,0.8950938277187429,2
0.2,0.2,0.34058068146781334,0.045908906968176025,0.859258421885598,2
0.2,0.25,0.3576567641226301,0.04874231866656773,0.8168663802848746,2
0.2,0.3,0.37175428211499634,0.05140244182662112,0.7586479764865476,2
0.2,0.35000000000000003,0.38347097511796596,0.054222899626935106,0.6917250734795388,2
0.2,0.4,0.39332039645250605,0.05709899261814128,0.6138367623784762,2
0.2,0.45,0.40146113168196096,0.06024111987361278,0.5258874067375084,2
0.2,0.5,0.4084753411115451,0.06435967576820448,0.4335292787700656,2
0.2,0.55,0.4137605568662924,0.07026375002899626,0.3424146506895772,2
0.2,0.6000000000000001,0.41894821565970425,0.08091821095165111,0.2626045670359485,2
0.2,0.6500000000000001,0.422775091973969,0.09820796981843904,0.1883337101514809,2
0.2,0.7000000000000001,0.42388227560558117,0.12876066457117197,0.1296631245760796,2
0.2,0.7500000000000001,0.4167188508233622,0.17717797969000534,0.07494912955007914,2
0.25,0.05,0.27133820864133457,0.03903971067596183,0.9274248247795613,2
0.25,0.1,0.30652066054937815,0.04225790128402454,0.9062853267013339,2
0.25,0.15000000000000002,0.33657735110146175,0.045707600688994314,0.8789283291883337,2
0.25,0.2,0.3596605356486136,0.04877395061809101,0.8434320596879946,2
0.25,0.25,0.37762986956848305,0.05186447371307801,0.8017182907528827,2
0.25,0.3,0.39263201078010024,0.054784951601636565,0.7447433868415103,2
0.25,0.35000000000000003,0.40511562428036924,0.0577962297592787,0.6782726656115758,2
0.25,0.4,0.4156863405552534,0.06096849141038994,0.6021930816188108,2
0.25,0.45,0.42443826081855995,0.0645165849315262,0.5160524530861407,2
0.25,0.5,0.4320304973019636,0.06925706723523141,0.42595523400406965,2
0.25,0.55,0.43778654526243926,0.07584891262876764,0.3371015148089532,2
0.25,0.6000000000000001,0.4434381829235565,0.08798373796647874,0.2593262491521592,2
0.25,0.6500000000000001,0.4472796849746057,0.10690192008303062,0.18629889215464618,2
0.25,0.7000000000000001,0.44787453770643043,0.139469157041042,0.12830657924485644,2
0.25,0.7500000000000001,0.4397449061335359,0.18728620296465223,0.07427085688446755,2
0.3,0.05,0.2856108423088262,0.04125277070848042,0.9088853719195117,2
0.3,0.1,0.3210560254152233,0.044633073101490416,0.8886502373954329,2
0.3,0.15000000000000002,0.35191362016551514,0.04833614554127602,0.8614062853267014,2
0.3,0.2,0.3757986809800535,0.051695232975163936,0.8261361067148993,2
0.3,0.25,0.3946564642674271,0.05508807271054573,0.7852136558896676,2
0.3,0.3,0.4105123701504059,0.05840485471136715,0.7300474790865928,2
0.3,0.35000000000000003,0.4238590867111047,0.0617881907963858,0.664820257743613,2
0.3,0.4,0.4352014678816937,0.06541716746794872,0.590662446303414,2
0.3,0.45,0.44463098037314674,0.06951855068867105,0.5066696812118472,2
0.3,0.5,0.45282973635391727,0.07490901738778812,0.4188333710151481,2
0.3,0.55,0.4591928924960005,0.08258502637782018,0.33269274248247793,2
0.3,0.6000000000000001,0.46528144792009635,0.09637274889568467,0.2565001130454443,2
0.3,0.6500000000000001,0.46916420567230904,0.11739786027141523,0.18482930137915443,2
0.3,0.7000000000000001,0.4690080623071382,0.15182186234817813,0.12717612480217047,2
0.3,0.7500000000000001,0.4599651007099894,0.2,0.07381867510739318,2
0.35,0.05,0.2962233463729106,0.04313193005216952,0.886954555731404,2
0.35,0.1,0.3315150164943839,0.04659093667322022,0.8679629210942799,2
0.35,0.15000000000000002,0.363124817119435,0.05050888858732528,0.8415102871354284,2
0.35,0.2,0.38780614795011736,0.054067982871651064,0.8064661994121637,2
0.35,0.25,0.4074617683299948,0.05771735521712111,0.7664481121410807,2
0.35,0.3,0.42404448780189624,0.06126895505257322,0.7120732534478861,2
0.35,0.35000000000000003,0.4380529278301543,0.06499258101419235,0.6486547592132037,2
0.35,0.4,0.4500462769266254,0.06900285594401809,0.5763056748813022,2
0.35,0.45,0.4600034530704921,0.07350840936203101,0.4945738186751074,2
0.35,0.5,0.46872225836168196,0.0794232541807488,0.40911146280804883,2
0.35,0.55,0.47556300006396923,0.08787961862986993,0.3261361067148994,2
0.35,0.6000000000000001,0.48186447605567695,0.10271764163979732,0.25209134071896905,2
0.35,0.6500000000000001,0.4856234820481933,0.12520413718018508,0.1820031652724395,2
0.35,0.7000000000000001,0.485040751257052,0.16125290023201855,0.12570653402667872,2
0.35,0.7500000000000001,0.47557434375442836,0.21209150326797385,0.07336649333031879,2
0.39999999999999997,0.05,0.3042017118425548,0.04463063391246614,0.858693194664255,2
0.39999999999999997,0.1,0.3387013362320765,0.04806462035541195,0.8408320144698168,2
0.39999999999999997,0.15000000000000002,0.3708707954166905,0.052123524226528516,0.8155098349536514,2
0.39999999999999997,0.2,0.3963613431817985,0.055897709454762946,0.7818222925616097,2
0.39999999999999997,0.25,0.4167226143298865,0.05971342643491218,0.7429346597332127,2
0.39999999999999997,0.3,0.43402029659572583,0.06341818181818182,0.6900293918155098,2
0.39999999999999997,0.35000000000000003,0.44877724034785643,0.06737747622220876,0.6286457155776622,2
0.39999999999999997,0.4,0.46136655527081194,0.0716139226743596,0.5584444946868641,2
0.39999999999999997,0.45,0.4718239782052127,0.07642783718959081,0.47908659281030974,2
0.39999999999999997,0.5,0.4808575330034641,0.08260797773217277,0.3958851458286231,2
0.39999999999999997,0.55,0.488000879493931,0.09146221786064769,0.31607506217499437,2
0.39999999999999997,0.6000000000000001,0.49443021000182014,0.10692815610525279,0.24530861406285326,2
0.39999999999999997,0.6500000000000001,0.4982053972893415,0.13078136676907748,0.17804657472303867,2
0.39999999999999997,0.7000000000000001,0.497221986491809,0.16797657574356603,0.12321953425276962,2
0.39999999999999997,0.7500000000000001,0.4874604966392695,0.21928620452985587,0.07223603888763283,2
0.44999999999999996,0.05,0.3106128444914403,0.04631105866402199,0.8340492878137011,2
0.44999999999999996,0.1,0.34407207553823854,0.049728012323689404,0.8174316075062175,2
0.44999999999999996,0.15000000000000002,0.37654880541747643,0.053916370845050944,0.7932398824327379,2
0.44999999999999996,0.2,0.402813297585767,0.057864177884822156,0.7604567035948451,2
0.44999999999999996,0.25,0.4239072305952283,0.061820468175662606,0.7224734343205969,2
0.44999999999999996,0.3,0.441959821919816,0.06572541382667965,0.67148993895546,2
0.44999999999999996,0.35000000000000003,0.45730068714422667,0.0698634733011588,0.6120280352701786,2
0.44999999999999996,0.4,0.47034703637030084,0.07424059825098112,0.5431833597106036,2
0.44999999999999996,0.45,0.4812233084744065,0.07924753313200869,0.4657472303866154,2
0.44999999999999996,0.5,0.490617489460792,0.08575094985280426,0.3852588740673751,2
0.44999999999999996,0.55,0.4980781217687189,0.09516174010039041,0.30861406285326703,2
0.44999999999999996,0.6000000000000001,0.5046146388252907,0.11122170997485331,0.23999547818222924,2
0.44999999999999996,0.6500000000000001,0.5084460903973761,0.13617245005257625,0.17567262039339815,2
0.44999999999999996,0.7000000000000001,0.5071337946134894,0.17389202256244965,0.12197603436581506,2
0.44999999999999996,0.7500000000000001,0.4972012064063606,0.22625400213447172,0.07189690255482704,2
0.49999999999999994,0.05,0.3162215043026773,0.048183110643946286,0.8083879719647298,2
0.49999999999999994,0.1,0.3484685254775624,0.051612855798635615,0.7936920642098123,2
0.49999999999999994,0.15000000000000002,0.38107163736685323,0.0559216735467669,0.770291657246213,2
0.49999999999999994,0.2,0.40804740368008047,0.06007206809699778,0.7387519782952747,2
0.49999999999999994,0.25,0.42993488507403543,0.06426982566861518,0.7022382997965182,2
0.49999999999999994,0.3,0.4485152814895497,0.06828055637762652,0.6520461225412616,2
0.49999999999999994,0.35000000000000003,0.46448447538245885,0.07262407821691938,0.5945059914085462,2
0.49999999999999994,0.4,0.47816225117543754,0.0773518126488489,0.5287135428442233,2
0.49999999999999994,0.45,0.48937232561519917,0.08244390976206634,0.45319918607280124,2
0.49999999999999994,0.5,0.49915363696843734,0.08927657970546267,0.37485869319466425,2
0.49999999999999994,0.55,0.5068838039514149,0.09907696888491886,0.3009269726430025,2
0.49999999999999994,0.6000000000000001,0.5135066150265947,0.11574487065120428,0.23468234230160526,2
0.49999999999999994,0.6500000000000001,0.5174538726818461,0.14203543928008164,0.17307257517522043,2
0.49999999999999994,0.7000000000000001,0.5157754726342673,0.18023354205449316,0.12039339814605471,2
0.49999999999999994,0.7500000000000001,0.5055678744578992,0.23389199255121043,0.07099253900067827,2
0.5499999999999999,0.05,0.32141265354078546,0.05046663350984465,0.7800135654533122,2
0.5499999999999999,0.1,0.35186284938021783,0.053844567149022596,0.7672394302509609,2
0.5499999999999999,0.15000000000000002,0.3845121215717879,0.058286330604522874,0.7453086140628533,2
0.5499999999999999,0.2,0.41219009445601534,0.0626318447871171,0.714899389554601,2
0.5499999999999999,0.25,0.4347440142165448,0.0670091604074264,0.6797422563870676,2
0.5499999999999999,0.3,0.45407105383893337,0.07116286180187525,0.6314718516843771,2
0.5499999999999999,0.35000000000000003,0.47077955414514144,0.0757890982583368,0.5765317657698394,2
0.5499999999999999,0.4,0.48522083157273826,0.08101125997719498,0.5140176350893059,2
0.5499999999999999,0.45,0.4967909807348799,0.08630464632147761,0.4405380963147185,2
0.5499999999999999,0.5,0.5070387454878179,0.09362601720193449,0.36547592132037077,2
0.5499999999999999,0.55,0.514900917471259,0.10362859766077202,0.29346597332127516,2
0.5499999999999999,0.6000000000000001,0.5216218253556962,0.1208477199666627,0.22948225186524984,2
0.5499999999999999,0.6500000000000001,0.5253842275117848,0.1474767270945615,0.17013339362423693,2
0.5499999999999999,0.7000000000000001,0.5233534101415617,0.18564356435643564,0.11869771648202578,2
0.5499999999999999,0.7500000000000001,0.5127989219893465,0.2382420971472629,0.06986208455799231,2
0.5999999999999999,0.05,0.325612448763795,0.05269876442110841,0.742030296179064,2
0.5999999999999999,0.1,0.3540833437628838,0.056047095489568,0.7318562061948903,2
0.5999999999999999,0.15000000000000002,0.38655291453768165,0.060596437541499466,0.7118471625593489,2
0.5999999999999999,0.2,0.41482159330209517,0.06514872192934226,0.6831336197151254,2
0.5999999999999999,0.25,0.4380717805864441,0.0697171986891613,0.6493330318788153,2
0.5999999999999999,0.3,0.45800841624915517,0.07418508804795804,0.6043409450599141,2
0.5999999999999999,0.35000000000000003,0.4754339247411943,0.07915076644460255,0.5533574496947773,2
0.5999999999999999,0.4,0.49036691432115953,0.08467616981716765,0.4942346823423016,2
0.5999999999999999,0.45,0.5024707916791781,0.09040173201828242,0.4248247795613837,2
0.5999999999999999,0.5,0.5131521687077876,0.09835601798007104,0.3537191951164368,2
0.5999999999999999,0.55,0.5210822212074744,0.10855021796365834,0.2843092923355189,2
0.5999999999999999,0.6000000000000001,0.527720036905223,0.12603860411606801,0.22292561609767125,2
0.5999999999999999,0.6500000000000001,0.5311824003961583,0.15267810712428498,0.1659507121862989,2
0.5999999999999999,0.7000000000000001,0.5287621528524481,0.19000925069380203,0.11609767126384807,2
0.5999999999999999,0.7500000000000001,0.5180553312658904,0.24161341853035143,0.06839249378250056,2
0.6499999999999999,0.05,0.3286222031614268,0.05540506601607348,0.6982817092471173,2
0.6499999999999999,0.1,0.3542094279282881,0.05858756465744748,0.6901424372597784,2
0.6499999999999999,0.15000000000000002,0.3860610963285145,0.06322480521275126,0.6723943025096089,2
0.6499999999999999,0.2,0.41491468675116777,0.06802575362681043,0.6461677594392946,2
0.6499999999999999,0.25,0.4388589100619797,0.07286240374958151,0.6150802622654307,2
0.6499999999999999,0.3,0.45950726413169196,0.07758396250976309,0.5726882206647073,2
0.6499999999999999,0.35000000000000003,0.47766610781537366,0.08305399044290707,0.52656567940312,2
0.6499999999999999,0.4,0.4930412766142609,0.08889741621898184,0.4713995026000452,2
0.6499999999999999,0.45,0.505749209644053,0.09509827262386583,0.40639837214560254,2
0.6499999999999999,0.5,0.5169557850034662,0.1037534435261708,0.34060592358127967,2
0.6499999999999999,0.55,0.5251168939011596,0.1143099068585944,0.2747004295726882,2
0.6499999999999999,0.6000000000000001,0.5318123078737679,0.13225250086236634,0.2167081166628985,2
0.6499999999999999,0.6500000000000001,0.5350897853328713,0.1589352772255357,0.1626723943025096,2
0.6499999999999999,0.7000000000000001,0.5324838714589354,0.1958663318524242,0.11462808048835632,2
0.6499999999999999,0.7500000000000001,0.5215957015320957,0.2461981093300452,0.06771422111688899,2
0.7,0.05,0.33083134309371437,0.058576331093438544,0.6444720777752656,2
0.7,0.1,0.35258134363503363,0.061520534070984394,0.6385937146732986,2
0.7,0.15000000000000002,0.38303662153369644,0.06626354245401865,0.6243499886954555,2
0.7,0.2,0.4118530345420574,0.0712944584517998,0.6009495817318562,2
0.7,0.25,0.4362711353267004,0.07642514409874158,0.5725751752204387,2
0.7,0.3,0.4574861094540905,0.08155550952775477,0.534139724169116,2
0.7,0.35000000000000003,0.4761078337359312,0.0872236612252274,0.4910694099027809,2
0.7,0.4,0.49202277189916055,0.09362334828173338,0.44132941442459866,2
0.7,0.45,0.5051413040605859,0.10016615238547354,0.38164141985078004,2
0.7,0.5,0.516660943890061,0.10932154526234865,0.32150124349988696,2
0.7,0.55,0.5252731702934429,0.1208900005210776,0.2622654307031427,2
0.7,0.6000000000000001,0.531752557313868,0.13892034730086825,0.20800361745421658,2
0.7,0.6500000000000001,0.5346090984597821,0.16471006759160442,0.1570201220890798,2
0.7,0.7000000000000001,0.5316520788271966,0.1999187322226737,0.11123671716029844,2
0.7,0.7500000000000001,0.5210273143661293,0.24936170212765957,0.06624463034139724,2
0.7499999999999998,0.05,0.33251346899069395,0.0623917231018984,0.5821840379832692,2
0.7499999999999998,0.1,0.35041883011769764,0.06515263385696464,0.5785665837666742,2
0.7499999999999998,0.15000000000000002,0.377800009520097,0.06991351336295142,0.5674881302283518,2
0.7499999999999998,0.2,0.4057584575884834,0.07516928620239796,0.5471399502600045,2
0.7499999999999998,0.25,0.429994368904671,0.08063700266871326,0.5226090888537192,2
0.7499999999999998,0.3,0.45142522117147504,0.08632648993422364,0.48959981912728917,2
0.7499999999999998,0.35000000000000003,0.47028098597047957,0.09240137062418967,0.45116436807596655,2
0.7499999999999998,0.4,0.48653880974100594,0.09927887261917868,0.4077549174768257,2
0.7499999999999998,0.45,0.4999318819142373,0.10629734848484848,0.35530183133619714,2
0.7499999999999998,0.5,0.5119359060559301,0.11625881738221719,0.30183133619715125,2
0.7499999999999998,0.55,0.5207883941707633,0.12857728097383977,0.24836084105810535,2
0.7499999999999998,0.6000000000000001,0.5272719308545526,0.14721873693015475,0.19895998191272893,2
0.7499999999999998,0.6500000000000001,0.5299270365369124,0.1732283464566929,0.1517069862084558,2
0.7499999999999998,0.7000000000000001,0.5271966419901444,0.20921678926871484,0.1093149446077323,2
0.7499999999999998,0.7500000000000001,0.5164542706503404,0.2565352237483385,0.06545331223151707,2
0.7999999999999998,0.05,0.3336429892910296,0.06657938196479847,0.505878363101967,2
0.7999999999999998,0.1,0.34703693389756496,0.06896498319627066,0.5033913633280579,2
0.7999999999999998,0.15000000000000002,0.37026438409288703,0.07349804329935,0.494686864119376,2
0.7999999999999998,0.2,0.39581984925919617,0.07892433469281337,0.47908659281030974,2
0.7999999999999998,0.25,0.4190854765544239,0.08459145106391865,0.4579470947320823,2
0.7999999999999998,0.3,0.4402167488723195,0.09097185848292938,0.43194664255030524,2
0.7999999999999998,0.35000000000000003,0.45891457366992205,0.09763362568260797,0.40018087271082975,2
0.7999999999999998,0.4,0.47519064026309515,0.1052150940934738,0.3646846032104906,2
0.7999999999999998,0.45,0.4888787797823723,0.11310257123554425,0.32172733438842416,2
0.7999999999999998,0.5,0.5009159663541308,0.12351688469729237,0.2753787022382998,2
0.7999999999999998,0.55,0.5102349961705386,0.13707774256624639,0.22982138819805562,2
0.7999999999999998,0.6000000000000001,0.5166901067763815,0.15638328120557293,0.18652498304318335,2
0.7999999999999998,0.6500000000000001,0.519409194616632,0.18309254756115004,0.14469816866380286,2
0.7999999999999998,0.7000000000000001,0.5166784863344663,0.2185089974293059,0.10569749039113724,2
0.7999999999999998,0.7500000000000001,0.5064461644801713,0.26588785046728974,0.06432285778883111,2
0.2,0.05,0.23128234161468042,0.034318901795142555,0.9405380963147185,3
0.2,0.1,0.2630735270629326,0.03656569197100629,0.9198507800135655,3
0.2,0.15000000000000002,0.2925830548364769,0.03915218431122449,0.8883111010626272,3
0.2,0.2,0.31448547589706893,0.041640389019816114,0.8508930590097219,3
0.2,0.25,0.3315001794546896,0.04392274949348501,0.8013791544200769,3
0.2,0.3,0.3445935140255865,0.046046793345822824,0.7390911146280805,3
0.2,0.35000000000000003,0.3563488162913874,0.04850182524969579,0.6713768935111915,3
0.2,0.4,0.36656923955742937,0.05068184467151016,0.5898711281935338,3
0.2,0.45,0.3752152737160573,0.05350909810601063,0.5042957268822067,3
0.2,0.5,0.38256335378035367,0.057262261472953796,0.410468008139272,3
0.2,0.55,0.388563152832184,0.06282227376100516,0.31539678950938277,3
0.2,0.6000000000000001,0.39252847516514705,0.07077924374801033,0.22620393398146055,3
0.2,0.6500000000000001,0.39468599602833465,0.08545197740112995,0.15046348632150125,3
0.2,0.7000000000000001,0.3911522737295579,0.10685625791918907,0.08580149219986434,3
0.2,0.7500000000000001,0.3790218105400985,0.13008130081300814,0.036174542165950715,3
0.25,0.05,0.24734555602897776,0.035728087124538906,0.9197377345692969,3
0.25,0.1,0.279089629679447,0.03799294109780735,0.899276509156681,3
0.25,0.15000000000000002,0.3092205037579956,0.04072230263123015,0.8683020574270857,3
0.25,0.2,0.3319821849108488,0.043302332977977774,0.8311101062627176,3
0.25,0.25,0.34980299309088564,0.045645835806915475,0.7822744743386841,3
0.25,0.3,0.3635761909894069,0.04780610676722167,0.7208907981008366,3
0.25,0.35000000000000003,0.37584576848955026,0.05030555386527813,0.6541939859823649,3
0.25,0.4,0.38647398654217047,0.05248518813396338,0.5738186751073932,3
0.25,0.45,0.3956370087944186,0.055458342380544874,0.4908433190142437,3
0.25,0.5,0.40331252141277507,0.059325880474069094,0.3989373728238752,3
0.25,0.55,0.4095871098695451,0.06522052811312587,0.3065792448564323,3
0.25,0.6000000000000001,0.4135518504026458,0.07344418772016212,0.21919511643680759,3
0.25,0.6500000000000001,0.41539253959663996,0.08837113117805198,0.14492425955234003,3
0.25,0.7000000000000001,0.41127951512397964,0.10940556809631302,0.08218403798326927,3
0.25,0.7500000000000001,0.3993516798320694,0.13307659392383397,0.03515713316753335,3
0.3,0.05,0.2614360805862824,0.037400494420182104,0.9013113271535157,3
0.3,0.1,0.2929266623666738,0.03970580750241767,0.8818675107393172,3
0.3,0.15000000000000002,0.32369486587812396,0.042590613212082136,0.8513452407867963,3
0.3,0.2,0.347251184195098,0.04533526320757685,0.8143793805109654,3
0.3,0.25,0.3658001148785098,0.047816915815984594,0.7662220212525436,3
0.3,0.3,0.38028618273730214,0.0500886133810215,0.7060818449016505,3
0.3,0.35000000000000003,0.3932403048475324,0.0527906976744186,0.6415328962242821,3
0.3,0.4,0.40440417625626573,0.05507808173662643,0.5621749943477278,3
0.3,0.45,0.41406705258702403,0.058255485850478045,0.4807822744743387,3
0.3,0.5,0.42217616034969846,0.06241531930268268,0.3905720099479991,3
0.3,0.55,0.4287571901325591,0.06882958582950803,0.3000226090888537,3
0.3,0.6000000000000001,0.43288449132302004,0.07771723544594207,0.21444720777752657,3
0.3,0.6500000000000001,0.4346855767576401,0.09380134428678118,0.14198507800135654,3
0.3,0.7000000000000001,0.4301725558045006,0.1157332470055034,0.08082749265204613,3
0.3,0.7500000000000001,0.41789845806513903,0.13999088007295943,0.03470495139045896,3
0.35,0.05,0.27361076569545,0.03896928090419611,0.874632602306127,3
0.35,0.1,0.30472853199932903,0.041301599755895556,0.8568844675559575,3
0.35,0.15000000000000002,0.33618230598422466,0.04435933485237795,0.8274926520461225,3
0.35,0.2,0.3605891185258257,0.047317887283022185,0.7916572462129776,3
0.35,0.25,0.3799169350185514,0.05005350678132044,0.7455347049513905,3
0.35,0.3,0.39505284667323254,0.05249246344012646,0.6869771648202577,3
0.35,0.35000000000000003,0.40868248098935395,0.05537393955195443,0.624236943251187,3
0.35,0.4,0.4204335253920998,0.05793197572100708,0.5470269048157359,3
0.35,0.45,0.43058084006969294,0.06138122613901392,0.46710377571783857,3
0.35,0.5,0.43920693610038714,0.06603625211339598,0.3797196472982139,3
0.35,0.55,0.4462624693984878,0.07326194118646949,0.2923355188785892,3
0.35,0.6000000000000001,0.45055950034854725,0.08302665828920204,0.20913407189690256,3
0.35,0.6500000000000001,0.45219679630335624,0.10052519284424749,0.13848066922903007,3
0.35,0.7000000000000001,0.4471168457032862,0.12340876944837341,0.07890572009947999,3
0.35,0.7500000000000001,0.43438989376982545,0.1495983935742972,0.0336875423920416,3
0.39999999999999997,0.05,0.2843506588496285,0.040747269008138576,0.8467103775717839,3
0.39999999999999997,0.1,0.3146487577333677,0.043082862490392455,0.8300926972643002,3
0.39999999999999997,0.15000000000000002,0.3466032177913741,0.04630451815095325,0.8017182907528827,3
0.39999999999999997,0.2,0.37175985868847805,0.04946249106582844,0.7666742030296179,3
0.39999999999999997,0.25,0.39188711556614586,0.05238372617709555,0.7217951616549853,3
0.39999999999999997,0.3,0.4078158887901107,0.05508312050368125,0.6656115758534931,3
0.39999999999999997,0.35000000000000003,0.42220512908297975,0.05823900740095777,0.6049061722812571,3
0.39999999999999997,0.4,0.43448576872175493,0.06098562360700181,0.5289396337327605,3
0.39999999999999997,0.45,0.4452570390152688,0.06486889927310488,0.4519556861858467,3
0.39999999999999997,0.5,0.4543905439568561,0.06993759414676134,0.3673976938729369,3
0.39999999999999997,0.55,0.4617780686013957,0.07771393073458611,0.28283970156002713,3
0.39999999999999997,0.6000000000000001,0.46622599509060025,0.08822661552080259,0.20280352701786117,3
0.39999999999999997,0.6500000000000001,0.46769773644783036,0.10688324508660145,0.1346371241238978,3
0.39999999999999997,0.7000000000000001,0.46201756413071476,0.13010938399539435,0.07664481121410807,3
0.39999999999999997,0.7500000000000001,0.44918103007989535,0.15980230642504117,0.03289622428216143,3
0.44999999999999996,0.05,0.2928535007274175,0.04233450093762162,0.8115532444042505,3
0.44999999999999996,0.1,0.3220139673193857,0.04464364903389294,0.7966312457607958,3
0.44999999999999996,0.15000000000000002,0.35432654681671777,0.048026742644362325,0.7698394754691386,3
0.44999999999999996,0.2,0.37997888420964493,0.05129842486164325,0.735586705855754,3
0.44999999999999996,0.25,0.4008325052164907,0.05434985220887812,0.6921772552566131,3
0.44999999999999996,0.3,0.41737693786162033,0.057175274023947974,0.6380284874519557,3
0.44999999999999996,0.35000000000000003,0.43248740641368966,0.06058745024860932,0.5799231290978973,3
0.44999999999999996,0.4,0.4452792363320704,0.06343447513498958,0.5059914085462356,3
0.44999999999999996,0.45,0.45640883540731353,0.06744214824897908,0.43126836988469364,3
0.44999999999999996,0.5,0.46598464916974147,0.07302631578947369,0.3513452407867963,3
0.44999999999999996,0.55,0.47380279770406813,0.08130521612564737,0.27153515713316756,3
0.44999999999999996,0.6000000000000001,0.47823620832905234,0.09214396491791005,0.19477730047479086,3
0.44999999999999996,0.6500000000000001,0.4796079905025111,0.11165095714702167,0.12988921546461676,3
0.44999999999999996,0.7000000000000001,0.47362379435722896,0.13560371517027864,0.07427085688446755,3
0.44999999999999996,0.7500000000000001,0.46104660910336887,0.16832261835184104,0.03255708794935564,3
0.49999999999999994,0.05,0.2998555758547844,0.04388938562579201,0.7713090662446304,3
0.49999999999999994,0.1,0.32728496029173254,0.04612368439155259,0.757969703820936,3
0.49999999999999994,0.15000000000000002,0.3595082890116665,0.049549273787477616,0.7319692516391589,3
0.49999999999999994,0.2,0.38594695345479185,0.052959101569856025,0.6994121636898033,3
0.49999999999999994,0.25,0.407361026657634,0.05604350047723263,0.6571331675333484,3
0.49999999999999994,0.3,0.42455529215226023,0.05894905894905895,0.6058105358354058,3
0.49999999999999994,0.35000000000000003,0.44028717842933224,0.062516852201379,0.5504182681437938,3
0.49999999999999994,0.4,0.4535494695816607,0.06543916781133764,0.47931268369884694,3
0.49999999999999994,0.45,0.4650001058418247,0.06949129672109026,0.4075288265882885,3
0.49999999999999994,0.5,0.47504795600862515,0.07541126428534822,0.33269274248247793,3
0.49999999999999994,0.55,0.4832002626849483,0.08411387270447673,0.25785665837666744,3
0.49999999999999994,0.6000000000000001,0.48787697792086143,0.09583309118382054,0.18641193759891475,3
0.49999999999999994,0.6500000000000001,0.4891178140581594,0.1160012574662056,0.12514130680533575,3
0.49999999999999994,0.7000000000000001,0.4830520875826038,0.14071790354547456,0.07223603888763283,3
0.49999999999999994,0.7500000000000001,0.47052415769198225,0.17461300309597524,0.03187881528374407,3
0.5499999999999999,0.05,0.3054790757869051,0.04576490649609781,0.7311779335292787,3
0.5499999999999999,0.1,0.3308657776723635,0.04791307425284067,0.7193081618810762,3
0.5499999999999999,0.15000000000000002,0.3627132810022746,0.051376990262860966,0.6948903459190595,3
0.5499999999999999,0.2,0.389706073202055,0.05494433591011488,0.6644811214108072,3
0.5499999999999999,0.25,0.4116886451839883,0.058121421353991246,0.624236943251187,3
0.5499999999999999,0.3,0.42950056859200925,0.06118797136955373,0.5759665385484964,3
0.5499999999999999,0.35000000000000003,0.44578798837185857,0.0648227328165085,0.5227221342979878,3
0.5499999999999999,0.4,0.4596953224277991,0.06804269742500127,0.45613836762378474,3
0.5499999999999999,0.45,0.4716790545982595,0.07241517471162565,0.3881980556183586,3
0.5499999999999999,0.5,0.48204822823930943,0.07861617630607451,0.31777074383902326,3
0.5499999999999999,0.55,0.4905953966093671,0.08789931460178765,0.24790865928103098,3
0.5499999999999999,0.6000000000000001,0.49530853139859027,0.10003145643284052,0.1797422563870676,3
0.5499999999999999,0.6500000000000001,0.4964465112853773,0.12101408450704225,0.12141080714447208,3
0.5499999999999999,0.7000000000000001,0.4902914419755131,0.14657598499061913,0.07065340266787248,3
0.5499999999999999,0.7500000000000001,0.47765733308147446,0.1786407766990291,0.03120054261813249,3
0.5999999999999999,0.05,0.3105991079586224,0.04798562794985541,0.6884467555957495,3
0.5999999999999999,0.1,0.333406078281272,0.050012922158584064,0.6781596201673072,3
0.5999999999999999,0.15000000000000002,0.36457857890507456,0.053598930234702816,0.6570201220890798,3
0.5999999999999999,0.2,0.3918869057919152,0.05732392189190582,0.6288718064661994,3
0.5999999999999999,0.25,0.41435405800247543,0.0606598043306904,0.5915668098575627,3
0.5999999999999999,0.3,0.4326522464087817,0.06385424373744847,0.5463486321501243,3
0.5999999999999999,0.35000000000000003,0.4495046772266862,0.06758297636290794,0.49581731856206196,3
0.5999999999999999,0.4,0.46394388838970263,0.07106307241647818,0.4333031878815284,3
0.5999999999999999,0.45,0.4764126980939493,0.07571197036351007,0.36965860275830886,3
0.5999999999999999,0.5,0.4869768641173216,0.08202230029020925,0.3035270178611802,3
0.5999999999999999,0.55,0.49566446109992507,0.09143977346983229,0.23728238751978295,3
0.5999999999999999,0.6000000000000001,0.5003853535084177,0.10385635584574576,0.17262039339814605,3
0.5999999999999999,0.6500000000000001,0.5013677160225812,0.12486466979429808,0.11734117115080263,3
0.5999999999999999,0.7000000000000001,0.495335111027648,0.15148514851485148,0.06918381189238074,3
0.5999999999999999,0.7500000000000001,0.48272692743786516,0.18181818181818182,0.030748360841058104,3
0.6499999999999999,0.05,0.3148928802836128,0.050665288261873144,0.6426633506669681,3
0.6499999999999999,0.1,0.3343941187707838,0.05264439968145407,0.6352023513452408,3
0.6499999999999999,0.15000000000000002,0.3643439712000445,0.056367819887119905,0.6175672620393398,3
0.6499999999999999,0.2,0.391549533131547,0.060195895629754956,0.5912276735247569,3
0.6499999999999999,0.25,0.41426006960423595,0.06364294767336592,0.5562966312457608,3
0.6499999999999999,0.3,0.4329748646112399,0.06693266979784744,0.5139045896450373,3
0.6499999999999999,0.35000000000000003,0.4502480061901473,0.070700483920788,0.4657472303866154,3
0.6499999999999999,0.4,0.4652386268117961,0.07455516381105544,0.40877232647524303,3
0.6499999999999999,0.45,0.478196888285693,0.07962282572390227,0.35032783178837895,3
0.6499999999999999,0.5,0.48921220672907023,0.08648101265822784,0.28962242821614287,3
0.6499999999999999,0.55,0.49810985580474715,0.09626409325434741,0.2277865702012209,3
0.6499999999999999,0.6000000000000001,0.5028717825674149,0.10903587774988927,0.16696812118471627,3
0.6499999999999999,0.6500000000000001,0.503470525363203,0.12983318246476142,0.11349762604567036,3
0.6499999999999999,0.7000000000000001,0.4976044589352049,0.15760585467851543,0.06816640289396338,3
0.6499999999999999,0.7500000000000001,0.4850479774545944,0.18651066758430832,0.03063531539678951,3
0.7,0.05,0.3189654093856499,0.053796257021963355,0.587836310196699,3
0.7,0.1,0.3351819828378502,0.05576083668265699,0.5834275378702238,3
0.7,0.15000000000000002,0.3626045656006062,0.05952732818651502,0.5691838118923808,3
0.7,0.2,0.3888810140213361,0.06360767814882987,0.5469138593714673,3
0.7,0.25,0.4113009446887869,0.06720473658629984,0.5158263621976035,3
0.7,0.3,0.430320197013582,0.07085467510294266,0.47852136558896674,3
0.7,0.35000000000000003,0.44788603640908264,0.07481073506801861,0.43454668776848293,3
0.7,0.4,0.46337445554254547,0.07904132925719354,0.3828849197377346,3
0.7,0.45,0.4768375419141326,0.0846321288637353,0.32964051548722584,3
0.7,0.5,0.48803843072219283,0.09162244124336619,0.27323083879719645,3
0.7,0.55,0.4969071167122698,0.1012113484220593,0.21535157133167535,3
0.7,0.6000000000000001,0.5014639209043266,0.11372867587327376,0.15826362197603436,3
0.7,0.6500000000000001,0.5019731837699615,0.13439731205375893,0.10852362649785213,3
0.7,0.7000000000000001,0.4962804907701608,0.16321388577827547,0.06590549400859146,3
0.7,0.7500000000000001,0.48395315997963,0.1896921975662133,0.029957042731177934,3
0.7499999999999998,0.05,0.321842655355664,0.05715320355131551,0.5174089984173638,3
0.7499999999999998,0.1,0.33431047473391623,0.05892940384316569,0.5144698168663803,3
0.7499999999999998,0.15000000000000002,0.35804189160646155,0.0627414076435805,0.5049739995478182,3
0.7499999999999998,0.2,0.3821098902091795,0.06695880533930042,0.4871128193533801,3
0.7499999999999998,0.25,0.403483550944598,0.07075946292891094,0.461112367171603,3
0.7499999999999998,0.3,0.4220674516426602,0.07466112168232733,0.4302509608862763,3
0.7499999999999998,0.35000000000000003,0.43989725898363474,0.07903067847951352,0.392267691612028,3
0.7499999999999998,0.4,0.4556954770132468,0.08356250170174531,0.34693646846032106,3
0.7499999999999998,0.45,0.46920843118602384,0.08918163134665275,0.29923129097897355,3
0.7499999999999998,0.5,0.480533075685651,0.09628886659979939,0.24960434094505993,3
0.7499999999999998,0.55,0.4894769131663435,0.10572207084468666,0.19737734569296858,3
0.7499999999999998,0.6000000000000001,0.49405501701619,0.11806504509428806,0.14650689577210038,3
0.7499999999999998,0.6500000000000001,0.49454624208811593,0.13849475632325725,0.10151480895319918,3
0.7499999999999998,0.7000000000000001,0.48893274387939617,0.16580937972768534,0.061948903459190595,3
0.7499999999999998,0.7500000000000001,0.4775044187079942,0.19376899696048633,0.028826588288491974,3
0.7999999999999998,0.05,0.3238621800732721,0.06128810524801381,0.433416233325797,3
0.7999999999999998,0.1,0.33239756734515585,0.06287848867825171,0.43194664255030524,3
0.7999999999999998,0.15000000000000002,0.35089106960494965,0.06639839034205232,0.42527696133845805,3
0.7999999999999998,0.2,0.37152866189754347,0.07055060100814269,0.4113723716934208,3
0.7999999999999998,0.25,0.39081012619509675,0.07443511943189154,0.39102419172507347,3
0.7999999999999998,0.3,0.4082555036896043,0.07851589934852632,0.36649333031878817,3
0.7999999999999998,0.35000000000000003,0.42528342448975875,0.08329602686066033,0.33653628758761023,3
0.7999999999999998,0.4,0.44059273473538324,0.08805930456751546,0.29945738186751075,3
0.7999999999999998,0.45,0.454001698230522,0.09392986896354656,0.26011756726203933,3
0.7999999999999998,0.5,0.4648658795884664,0.10086756559004913,0.21817770743839024,3
0.7999999999999998,0.55,0.47372434276729897,0.11054773977004928,0.17499434772778658,3
0.7999999999999998,0.6000000000000001,0.4784933753414629,0.12325165632558628,0.13248926068279449,3
0.7999999999999998,0.6500000000000001,0.47936955024624855,0.14377496093071715,0.09360162785439746,3
0.7999999999999998,0.7000000000000001,0.47456578848624403,0.17157999337528984,0.058557540131132714,3
0.7999999999999998,0.7500000000000001,0.46386466615632965,0.19886363636363635,0.027696133845806013,3
0.2,0.05,0.22195584983760627,0.03346802073466582,0.9457872148181613,4
0.2,0.1,0.25063570948220365,0.035415894256718886,0.9278292297266773,4
0.2,0.15000000000000002,0.2781602583523103,0.037493132258492316,0.8940591822904902,4
0.2,0.2,0.29880836143273987,0.039498668731136,0.8528348768918003,4
0.2,0.25,0.3159202682931443,0.04161051900853444,0.8056245764626158,4
0.2,0.3,0.32913082620320316,0.04390189197034066,0.7516376778857013,4
0.2,0.35000000000000003,0.3404957793969799,0.04619468084297307,0.6860176191551841,4
0.2,0.4,0.350550901304759,0.048853926488539264,0.610232663203072,4
0.2,0.45,0.3591328732172425,0.05234488424701473,0.5252992997515248,4
0.2,0.5,0.3669563109011233,0.0560428704008622,0.422859724418342,4
0.2,0.55,0.3739745429413371,0.06193261173184358,0.3205330923876214,4
0.2,0.6000000000000001,0.37766376803930884,0.06831961888263317,0.21380167156087643,4
0.2,0.6500000000000001,0.3758125862476323,0.07294960995150748,0.11723514795572623,4
0.2,0.7000000000000001,0.368483256245669,0.0781378516203323,0.0536480686695279,4
0.2,0.7500000000000001,0.35918825576633046,0.0856353591160221,0.021007454257962504,4
0.25,0.05,0.2374279156605532,0.03469986164059558,0.9262480234922069,4
0.25,0.1,0.2660633135852067,0.03666969018783815,0.9086288683081093,4
0.25,0.15000000000000002,0.2940891385720019,0.03881347108761813,0.8757623672916196,4
0.25,0.2,0.31538514973963616,0.04087994693787309,0.8353286650101649,4
0.25,0.25,0.3331729436769347,0.04300221076810336,0.7886830810932912,4
0.25,0.3,0.34700600867368436,0.04531833383161715,0.7361644454483849,4
0.25,0.35000000000000003,0.35885870500066774,0.04765182866794208,0.6723514795572623,4
0.25,0.4,0.36936465471401503,0.05039124523422421,0.5985995030494692,4
0.25,0.45,0.37838535969004666,0.05401444324937653,0.5161508922520894,4
0.25,0.5,0.38662046919821264,0.057947591401223915,0.4170996159927716,4
0.25,0.55,0.39388549126806777,0.06401498709191017,0.31646713349898353,4
0.25,0.6000000000000001,0.3975693089111059,0.07046663397336754,0.21097808899932233,4
0.25,0.6500000000000001,0.39550425397397776,0.07526564344746163,0.11520216851140727,4
0.25,0.7000000000000001,0.38793064523502857,0.08093994778067885,0.052518635644906254,4
0.25,0.7500000000000001,0.3784825525360321,0.08898721730580138,0.020442737745651682,4
0.3,0.05,0.25099660677880326,0.035998724277801986,0.9051276259317822,4
0.3,0.1,0.27963202464351433,0.03798893479258776,0.8879602439575334,4
0.3,0.15000000000000002,0.3081313879999244,0.040207563988284734,0.8558843460582788,4
0.3,0.2,0.32988060985178463,0.04235554748076213,0.8162412468940592,4
0.3,0.25,0.3482785585159483,0.04457155543366831,0.7709509826067314,4
0.3,0.3,0.3627428826571995,0.04694199289829235,0.7196747232889089,4
0.3,0.35000000000000003,0.37512549838584913,0.049381564780983225,0.6578947368421053,4
0.3,0.4,0.3860630305040545,0.05222181935379905,0.5856110232663203,4
0.3,0.45,0.39551989374474267,0.05594956658786446,0.5051953919132596,4
0.3,0.5,0.4042068116020477,0.06011073903385166,0.40953241472780666,4
0.3,0.55,0.4118128432895483,0.06646889998311747,0.31127174158572396,4
0.3,0.6000000000000001,0.415545799694363,0.07310278960563492,0.20747684662299526,4
0.3,0.6500000000000001,0.4132948925868644,0.07811768378336195,0.11305624576462615,4
0.3,0.7000000000000001,0.4054673056524373,0.08436632747456059,0.05150214592274678,4
0.3,0.7500000000000001,0.396014011240583,0.09521276595744681,0.020216851140727354,4
0.35,0.05,0.26349107784326914,0.03756957551134099,0.8835554551615089,4
0.35,0.1,0.2917384256627832,0.03957689748892476,0.8667269030946465,4
0.35,0.15000000000000002,0.3206975910964966,0.041913726023208,0.8358933815224757,4
0.35,0.2,0.3429925664623819,0.04415629928158402,0.7969279421730291,4
0.35,0.25,0.36200529451646246,0.04645275571331934,0.7523153377004743,4
0.35,0.3,0.3770740890245409,0.048922062906536834,0.7025073413146601,4
0.35,0.35000000000000003,0.38997503347577206,0.051447701773434676,0.6421956177998644,4
0.35,0.4,0.40136060563139203,0.054354134869623164,0.5711542805511634,4
0.35,0.45,0.4113220884432683,0.058211725123165865,0.49243279873503504,4
0.35,0.5,0.4203448316381438,0.06243036273278744,0.3986898576914389,4
0.35,0.55,0.4283044526043846,0.06902486642005755,0.30347865371583466,4
0.35,0.6000000000000001,0.43208777680558463,0.07589077164819298,0.20182968149988706,4
0.35,0.6500000000000001,0.42955995146744513,0.08095914445651266,0.10944206008583691,4
0.35,0.7000000000000001,0.42153024618127105,0.08791866028708134,0.04980799638581432,4
0.35,0.7500000000000001,0.41206996508228483,0.1,0.019539191325954372,4
0.39999999999999997,0.05,0.2754119563996143,0.03937477627968023,0.8572396656878247,4
0.39999999999999997,0.1,0.30291558373159133,0.04140077821011673,0.8412017167381974,4
0.39999999999999997,0.15000000000000002,0.3322547787427122,0.043829711892449615,0.8108199683758753,4
0.39999999999999997,0.2,0.3552104467452086,0.04618292271346608,0.7727580754461261,4
0.39999999999999997,0.25,0.37486535475670735,0.04858555527961529,0.7291619606957307,4
0.39999999999999997,0.3,0.39064487247469337,0.05117795933619826,0.6805963406370003,4
0.39999999999999997,0.35000000000000003,0.4041667004623864,0.05395346111013422,0.6237858594985317,4
0.39999999999999997,0.4,0.41604669292077734,0.05706685870928774,0.5548904449966117,4
0.39999999999999997,0.45,0.4264260025086635,0.061115840198525485,0.47842782922972665,4
0.39999999999999997,0.5,0.4359651723407955,0.06576731725985457,0.38818613056245765,4
0.39999999999999997,0.55,0.4441910538654347,0.07262321498027449,0.29523379263609667,4
0.39999999999999997,0.6000000000000001,0.4481273386201057,0.07971380085309361,0.19629545967924103,4
0.39999999999999997,0.6500000000000001,0.445404525587088,0.08531278331822303,0.10627964761689632,4
0.39999999999999997,0.7000000000000001,0.43683257399151104,0.09223724378543392,0.04777501694149537,4
0.39999999999999997,0.7500000000000001,0.42743690073198687,0.10553083280356007,0.018748588208719223,4
0.44999999999999996,0.05,0.2855160326317008,0.041024567201851735,0.8187259995482268,4
0.44999999999999996,0.1,0.31194945083719317,0.04302128688921142,0.8034786537158346,4
0.44999999999999996,0.15000000000000002,0.34144517027454163,0.04553002125398512,0.7742263383781341,4
0.44999999999999996,0.2,0.36494650017019753,0.0479860126503236,0.7377456516828552,4
0.44999999999999996,0.25,0.3852740310198141,0.05050058169067165,0.6961825163767789,4
0.44999999999999996,0.3,0.40177305918655115,0.05323046181172291,0.6498757623672916,4
0.44999999999999996,0.35000000000000003,0.4160170492004081,0.056198910081743866,0.5963406370002259,4
0.44999999999999996,0.4,0.42830699978906567,0.05935830231203627,0.5294782019426248,4
0.44999999999999996,0.45,0.4392764965305234,0.06366929133858268,0.456629771854529,4
0.44999999999999996,0.5,0.4492471115562508,0.06846308219750816,0.36988931556358706,4
0.44999999999999996,0.55,0.457760654858651,0.07556148273876277,0.2815676530381748,4
0.44999999999999996,0.6000000000000001,0.4620349869747153,0.08334583270836458,0.18827648520442739,4
0.44999999999999996,0.6500000000000001,0.45911287668305273,0.08909718796250617,0.10198780212333408,4
0.44999999999999996,0.7000000000000001,0.45036010345828376,0.09644549763033175,0.045967924102100745,4
0.44999999999999996,0.7500000000000001,0.4409344475408769,0.11087719298245614,0.01784504178902191,4
0.49999999999999994,0.05,0.2938600022246838,0.04298334504174619,0.7808899932234018,4
0.49999999999999994,0.1,0.3191548887470597,0.04492975379051328,0.7660944206008584,4
0.49999999999999994,0.15000000000000002,0.3485356581518071,0.04750065427898456,0.7379715382877795,4
0.49999999999999994,0.2,0.37243161700665345,0.050016079755587715,0.7026202846171222,4
0.49999999999999994,0.25,0.3933217825560273,0.052620244077530506,0.6622995256381297,4
0.49999999999999994,0.3,0.41038411774385736,0.0554581479492039,0.6180257510729614,4
0.49999999999999994,0.35000000000000003,0.42518149820645523,0.05859639299129745,0.5673142082674497,4
0.49999999999999994,0.4,0.4378314742383757,0.06180819485671484,0.5032753557714028,4
0.49999999999999994,0.45,0.449323016176743,0.0664228287498706,0.4348317144793314,4
0.49999999999999994,0.5,0.4596467738727779,0.07130772748056699,0.3522701603794895,4
0.49999999999999994,0.55,0.46844482570197404,0.0787469368832373,0.268579173255026,4
0.49999999999999994,0.6000000000000001,0.47274116963517937,0.08672190123187616,0.17969279421730291,4
0.49999999999999994,0.6500000000000001,0.46978129878250635,0.09310085028522226,0.09769595662977186,4
0.49999999999999994,0.7000000000000001,0.4606077628945921,0.09994807892004154,0.043483171447933136,4
0.49999999999999994,0.7500000000000001,0.4512094303437229,0.11468970934799685,0.016489722159475945,4
0.5499999999999999,0.05,0.30070444077950986,0.04517384374417818,0.7394398012197877,4
0.5499999999999999,0.1,0.32443043751538064,0.04706709330677816,0.7259995482267901,4
0.5499999999999999,0.15000000000000002,0.3530628480360786,0.04960778966618008,0.6985543257284843,4
0.5499999999999999,0.2,0.37692438428316916,0.0520860096924808,0.6639936751750621,4
0.5499999999999999,0.25,0.3983031167540471,0.054739837559038,0.6257058956403885,4
0.5499999999999999,0.3,0.4160144131820966,0.05764170717566784,0.5839168737293878,4
0.5499999999999999,0.35000000000000003,0.43134484493191305,0.06091884752977984,0.5365936299977412,4
0.5499999999999999,0.4,0.44447923219575225,0.06413536811965032,0.4756042466681726,4
0.5499999999999999,0.45,0.45646698538715214,0.06880890200976496,0.41066184775242826,4
0.5499999999999999,0.5,0.46715658894578865,0.07376926155693415,0.3330697989609216,4
0.5499999999999999,0.55,0.47657500582408074,0.0818639342481625,0.2553648068669528,4
0.5499999999999999,0.6000000000000001,0.48082289154849095,0.08996621821845552,0.17144793313756496,4
0.5499999999999999,0.6500000000000001,0.47791073795198,0.09689832089552239,0.09385588434605828,4
0.5499999999999999,0.7000000000000001,0.46859234574982683,0.10361243349201904,0.04178902191100068,4
0.5499999999999999,0.7500000000000001,0.4593115271358296,0.12034632034632034,0.015699119042240795,4
0.5999999999999999,0.05,0.30648389260905995,0.047374256627356115,0.690083578043822,4
0.5999999999999999,0.1,0.328112679104774,0.04920247609065898,0.6786763044951435,4
0.5999999999999999,0.15000000000000002,0.3557281616499446,0.05176977696696536,0.6538287779534674,4
0.5999999999999999,0.2,0.3794299377510671,0.054285827066927195,0.6213011068443641,4
0.5999999999999999,0.25,0.4010145975828763,0.056870266764857826,0.5843686469392365,4
0.5999999999999999,0.3,0.41922028940960293,0.059917713832503036,0.546080867404563,4
0.5999999999999999,0.35000000000000003,0.4350197489660886,0.0633554335144979,0.5029365258640163,4
0.5999999999999999,0.4,0.44836785164001536,0.06661718315086287,0.4460131014230856,4
0.5999999999999999,0.45,0.46073502973395525,0.07147036696480816,0.38626609442060084,4
0.5999999999999999,0.5,0.4717019862155358,0.07649731515902519,0.31375649423989155,4
0.5999999999999999,0.55,0.4811920470330147,0.0843622216046687,0.2400045177320985,4
0.5999999999999999,0.6000000000000001,0.4853976161023224,0.09214686713557463,0.16128303591597018,4
0.5999999999999999,0.6500000000000001,0.48269405751469613,0.09991158267020336,0.08933815224757172,4
0.5999999999999999,0.7000000000000001,0.47375243012174767,0.10820559062218214,0.040659588886379036,4
0.5999999999999999,0.7500000000000001,0.46460300281639993,0.12420091324200913,0.015360289134854304,4
0.6499999999999999,0.05,0.31137698483032694,0.049772953029658014,0.6338378134176643,4
0.6499999999999999,0.1,0.3300633882553729,0.05147298366454135,0.6245764626157669,4
0.6499999999999999,0.15000000000000002,0.3559429531944471,0.05396040607079897,0.6015360289134855,4
0.6499999999999999,0.2,0.37916476462402465,0.05655702023640768,0.572283713575785,4
0.6499999999999999,0.25,0.400491846798778,0.05910883965564294,0.5381748362322114,4
0.6499999999999999,0.3,0.41896186257124285,0.06220783388917572,0.5035012423763271,4
0.6499999999999999,0.35000000000000003,0.43499631189589927,0.0656776954522228,0.4645358030268805,4
0.6499999999999999,0.4,0.44837230845858217,0.06866273482692996,0.4115653941721256,4
0.6499999999999999,0.45,0.46119264886901373,0.0737116157976708,0.35814321210752204,4
0.6499999999999999,0.5,0.47239493283057676,0.07860887588393074,0.29128077704992095,4
0.6499999999999999,0.55,0.4823514306987753,0.0867873382301504,0.22419245538739552,4
0.6499999999999999,0.6000000000000001,0.48721335805424276,0.09567487476187117,0.15315111813869436,4
0.6499999999999999,0.6500000000000001,0.48449414398936946,0.10344356381525006,0.08549807996385814,4
0.6499999999999999,0.7000000000000001,0.4752601701985424,0.10989010989010989,0.038400722837135755,4
0.6499999999999999,0.7500000000000001,0.4666329672029175,0.12572533849129594,0.01468262932008132,4
0.7,0.05,0.31551589657695484,0.052816276227975814,0.5711542805511634,4
0.7,0.1,0.3309698612413601,0.05443139988238113,0.5644906257058956,4
0.7,0.15000000000000002,0.3537491250585206,0.056884215985572674,0.5450643776824035,4
0.7,0.2,0.37599839182193545,0.05948234562945891,0.5188615315111814,4
0.7,0.25,0.39666632772396815,0.06203798067951828,0.4881409532414728,4
0.7,0.3,0.414991018833333,0.06512608422780451,0.4570815450643777,4
0.7,0.35000000000000003,0.4307304426401524,0.0685577028860611,0.4222950079060312,4
0.7,0.4,0.44402813187402584,0.07114096849902031,0.3731646713349898,4
0.7,0.45,0.45703622402075345,0.07605916005378187,0.3258414276033431,4
0.7,0.5,0.4684058742886908,0.08058042605742513,0.2653038174836232,4
0.7,0.55,0.47869705022778053,0.08883038369655306,0.2057826970860628,4
0.7,0.6000000000000001,0.48384802645530106,0.09768057285180573,0.14174384459001582,4
0.7,0.6500000000000001,0.48122401176771956,0.1050983899821109,0.07962502823582561,4
0.7,0.7000000000000001,0.47275608841156136,0.11363636363636363,0.0367065733002033,4
0.7,0.7500000000000001,0.4646167310841846,0.131551901336074,0.01445674271515699,4
0.7499999999999998,0.05,0.31913587988312386,0.0567195277231161,0.49807996385814324,4
0.7499999999999998,0.1,0.3308690487391465,0.05834897559806702,0.49503049469166477,4
0.7499999999999998,0.15000000000000002,0.35023481058732514,0.06081854607899256,0.480009035464197,4
0.7499999999999998,0.2,0.37011937221699204,0.06321443111709624,0.45595211203975605,4
0.7499999999999998,0.25,0.38922276222895064,0.06577831617201696,0.42929749265868533,4
0.7499999999999998,0.3,0.4066226106575363,0.06869771844753975,0.40162638355545516,4
0.7499999999999998,0.35000000000000003,0.42169047728727455,0.07199282260005689,0.37158346510051954,4
0.7499999999999998,0.4,0.434800744587802,0.0745385948812073,0.3302462163993675,4
0.7499999999999998,0.45,0.4478528533982735,0.07927036636265265,0.28958662751298847,4
0.7499999999999998,0.5,0.4588892558786441,0.08319803587692551,0.23729387847300656,4
0.7499999999999998,0.55,0.4693110442535451,0.09110556940980881,0.1856787892477976,4
0.7499999999999998,0.6000000000000001,0.4753391375463744,0.1009907874152616,0.13124011746103456,4
0.7499999999999998,0.6500000000000001,0.47320008360866267,0.10868502525664005,0.07533318274226339,4
0.7499999999999998,0.7000000000000001,0.4654293022357572,0.11852963240810202,0.03569008357804382,4
0.7499999999999998,0.7500000000000001,0.4574755003217717,0.13616557734204793,0.0141179128077705,4
0.7999999999999998,0.05,0.3213834728244135,0.061119609494508516,0.40162638355545516,4
0.7999999999999998,0.1,0.32860796297623523,0.06245705526876795,0.40038400722837136,4
0.7999999999999998,0.15000000000000002,0.34251252562174095,0.06478050971146289,0.3910097131240117,4
0.7999999999999998,0.2,0.3593124399440472,0.06715581371649852,0.37214818161283036,4
0.7999999999999998,0.25,0.37583392860752873,0.06966680120184762,0.3509148407499435,4
0.7999999999999998,0.3,0.3912077527993742,0.07265883995114535,0.32922972667720807,4
0.7999999999999998,0.35000000000000003,0.4048792919423219,0.07597178110683268,0.3052857465552293,4
0.7999999999999998,0.4,0.4169033040487751,0.07832381199688393,0.27253218884120173,4
0.7999999999999998,0.45,0.42919259858107117,0.08301930771920282,0.24135983736164446,4
0.7999999999999998,0.5,0.43999975839884403,0.08692880957050401,0.20024847526541675,4
0.7999999999999998,0.55,0.450980124070911,0.09606575047157101,0.16105714931104587,4
0.7999999999999998,0.6000000000000001,0.45737119435275436,0.10673234811165845,0.11746103456065056,4
0.7999999999999998,0.6500000000000001,0.45565560644094777,0.11398485128394606,0.06968601761915519,4
0.7999999999999998,0.7000000000000001,0.4481778566121022,0.11985324092947411,0.03320533092387622,4
0.7999999999999998,0.7500000000000001,0.441413667598843,0.14121699196326062,0.01389202620284617,4
0.2,0.05,0.21354170064388447,0.032574786865708846,0.9446577817935397,5
0.2,0.1,0.24361014449961838,0.03458938012090065,0.9273774565168286,5
0.2,0.15000000000000002,0.27031871055333107,0.03673895085628845,0.8991416309012875,5
0.2,0.2,0.2917510091316942,0.03898979362254812,0.8611926812740005,5
0.2,0.25,0.3076293862430622,0.04137417265980917,0.8154506437768241,5
0.2,0.3,0.32034209386563106,0.043360096399428935,0.7477976056019878,5
0.2,0.35000000000000003,0.33176194268462705,0.04587191004369481,0.6782245312852948,5
0.2,0.4,0.34128620785040353,0.04868057714463361,0.6013101423085611,5
0.2,0.45,0.3497527874900719,0.05207573824279985,0.5162638355545516,5
0.2,0.5,0.35662584656915497,0.05598687972074268,0.42026202846171223,5
0.2,0.55,0.36327085533753545,0.0621234611018947,0.3214366388073187,5
0.2,0.6000000000000001,0.36841617768178975,0.07078171412011881,0.22069121301106845,5
0.2,0.6500000000000001,0.36700114045889903,0.07671486573117743,0.12163993675175062,5
0.2,0.7000000000000001,0.3584676212644009,0.08060542062653996,0.05172803252767111,5
0.2,0.7500000000000001,0.34629987602461904,0.07297605473204105,0.01445674271515699,5
0.25,0.05,0.22905765425522281,0.03381376318440693,0.9287327761463745,5
0.25,0.1,0.25910932203893206,0.035876871643489704,0.9114524508696634,5
0.25,0.15000000000000002,0.2863578157781143,0.03806061667834618,0.8833295685565846,5
0.25,0.2,0.30847722481017986,0.04033730190782353,0.8460582787440705,5
0.25,0.25,0.3250665258305166,0.04270304110182755,0.8012197876665914,5
0.25,0.3,0.3383394267462518,0.04465100952197881,0.7345832392139147,5
0.25,0.35000000000000003,0.3501898884685062,0.047143942119358836,0.666026654619381,5
0.25,0.4,0.36011926881884954,0.05000191102277939,0.5910323017845042,5
0.25,0.45,0.36886414096134734,0.053505622785953735,0.5083578043822001,5
0.25,0.5,0.37600816746624227,0.05758728072234481,0.4156313530607635,5
0.25,0.55,0.3827721684534348,0.06380187719099853,0.31861305624576464,5
0.25,0.6000000000000001,0.388018361864469,0.07267823024763047,0.21911000677659814,5
0.25,0.6500000000000001,0.3865900014041224,0.07918669131238447,0.12096227693697764,5
0.25,0.7000000000000001,0.37769672766707013,0.08314977973568281,0.05116331601536029,5
0.25,0.7500000000000001,0.36540515798742995,0.07585791691751957,0.014230856110232663,5
0.3,0.05,0.24345751730837742,0.03502903803327365,0.9060311723514796,5
0.3,0.1,0.27352257824814413,0.037139082845819966,0.8890896769821549,5
0.3,0.15000000000000002,0.3011386217748267,0.03939594265173739,0.8615315111813869,5
0.3,0.2,0.3237182456369858,0.04173518797679412,0.8255025976959566,5
0.3,0.25,0.34095450229859053,0.04408633680533422,0.7811158798283262,5
0.3,0.3,0.3547800031084783,0.04600371747211896,0.7156087644002711,5
0.3,0.35000000000000003,0.36710103475257294,0.048468978333403724,0.648068669527897,5
0.3,0.4,0.3774984830644401,0.05146257817228162,0.5762367291619607,5
0.3,0.45,0.38659911362895616,0.05518711214191688,0.49717641743844593,5
0.3,0.5,0.39394720699257024,0.05945714473944265,0.40772532188841204,5
0.3,0.55,0.4011091551936898,0.06618992183602196,0.3146600406595889,5
0.3,0.6000000000000001,0.4066118704562813,0.0755213446962259,0.21718997063474135,5
0.3,0.6500000000000001,0.4051427366742703,0.08255813953488372,0.12028461712220466,5
0.3,0.7000000000000001,0.3958974028585689,0.08697332817935834,0.0508244861079738,5
0.3,0.7500000000000001,0.38341293539467197,0.08095854922279792,0.0141179128077705,5
0.35,0.05,0.25751511685177386,0.036614053548462526,0.8842331149762819,5
0.35,0.1,0.2873830892045423,0.03880833619418809,0.8681951660266546,5
0.35,0.15000000000000002,0.31516864303191655,0.04115760959699265,0.8408628868308109,5
0.35,0.2,0.3382541913719939,0.04359493144739818,0.8055116331601536,5
0.35,0.25,0.3560549553780508,0.04598869208787162,0.7615766885023718,5
0.35,0.3,0.37054752549123776,0.04790651478940997,0.6973119494014005,5
0.35,0.35000000000000003,0.3833989044204727,0.05044328399938671,0.6316918906708833,5
0.35,0.4,0.3942745636911266,0.0535128213405645,0.5616670431443416,5
0.35,0.45,0.4038432889787494,0.057478632478632476,0.4861079737971538,5
0.35,0.5,0.41163862693692566,0.06194643794853842,0.3997063474135984,5
0.35,0.55,0.4192101353213547,0.06909411616479778,0.3096905353512537,5
0.35,0.6000000000000001,0.42493113108771724,0.07900761769970445,0.21436638807318725,5
0.35,0.6500000000000001,0.42321981106041173,0.08618848081505218,0.11847752428281003,5
0.35,0.7000000000000001,0.4133953993330788,0.09008638420403127,0.04946916647842783,5
0.35,0.7500000000000001,0.400790177634224,0.08339173090399439,0.013440252992997516,5
0.39999999999999997,0.05,0.27024609810872596,0.038426525327722935,0.858143212107522,5
0.39999999999999997,0.1,0.2992826812050833,0.040653064783328974,0.8425570363677434,5
0.39999999999999997,0.15000000000000002,0.3271581879139916,0.04312525353759515,0.8164671334989835,5
0.39999999999999997,0.2,0.35078311217084873,0.04566158876225256,0.78235825615541,5
0.39999999999999997,0.25,0.36926328559288274,0.04817284295491469,0.7401174610345607,5
0.39999999999999997,0.3,0.38437708515243657,0.050153753593154625,0.6778857013779083,5
0.39999999999999997,0.35000000000000003,0.39780805544538383,0.05286249538933432,0.6150892252089452,5
0.39999999999999997,0.4,0.40930146694095965,0.05619056433513038,0.5485656200587306,5
0.39999999999999997,0.45,0.4193536738081112,0.06025512397878745,0.4748136435509374,5
0.39999999999999997,0.5,0.42759556351052935,0.06490145704802446,0.3908967698215496,5
0.39999999999999997,0.55,0.43567579964212716,0.07261064093579861,0.3042692568330698,5
0.39999999999999997,0.6000000000000001,0.441695232422811,0.08326287214632193,0.21131691890670884,5
0.39999999999999997,0.6500000000000001,0.43978266013296524,0.0911254075967216,0.11678337474587756,5
0.39999999999999997,0.7000000000000001,0.4293281531853876,0.09503672379256621,0.048226790151344026,5
0.39999999999999997,0.7500000000000001,0.4166141305014391,0.08928571428571429,0.012988479783148859,5
0.44999999999999996,0.05,0.2812070624781182,0.04026830816794104,0.8238084481590242,5
0.44999999999999996,0.1,0.30923888241326447,0.04251264515209802,0.8087869889315563,5
0.44999999999999996,0.15000000000000002,0.33701437875783175,0.04509413010020196,0.7842782922972668,5
0.44999999999999996,0.2,0.3608176015075215,0.0477596960355581,0.7524282810029366,5
0.44999999999999996,0.25,0.37974785089326474,0.05037632432605187,0.712107522023944,5
0.44999999999999996,0.3,0.3954393832826922,0.0524868147529525,0.6530381748362322,5
0.44999999999999996,0.35000000000000003,0.4093504752910189,0.055305215725084754,0.5932911678337475,5
0.44999999999999996,0.4,0.42129565712783545,0.05883828564977987,0.5298170318500113,5
0.44999999999999996,0.45,0.43191404209605916,0.06309353857612811,0.4592274678111588,5
0.44999999999999996,0.5,0.440519974611802,0.06778424178541746,0.3776824034334764,5
0.44999999999999996,0.55,0.4490630900783998,0.07587610876835829,0.29466907612378584,5
0.44999999999999996,0.6000000000000001,0.4553862762038121,0.08709832134292567,0.20510503727128981,5
0.44999999999999996,0.6500000000000001,0.45336512020119873,0.09567371831522775,0.11339507567201265,5
0.44999999999999996,0.7000000000000001,0.44246318465982687,0.09949164851125636,0.0464196973119494,5
0.44999999999999996,0.7500000000000001,0.42992121709991366,0.09702797202797203,0.012536706573300204,5
0.49999999999999994,0.05,0.29015118439786974,0.042228846036863554,0.7840524056923425,5
0.49999999999999994,0.1,0.3171725505806796,0.04443110568861689,0.7691438897673368,5
0.49999999999999994,0.15000000000000002,0.34458984438337764,0.047056895741012524,0.7459905127625932,5
0.49999999999999994,0.2,0.36858923960631707,0.04977770097246006,0.7157217077027332,5
0.49999999999999994,0.25,0.38787217740880026,0.05247920511497319,0.677659814772984,5
0.49999999999999994,0.3,0.40397328855909254,0.05464524260860072,0.621865823356675,5
0.49999999999999994,0.35000000000000003,0.41844134429500274,0.0575943325704691,0.5656200587305172,5
0.49999999999999994,0.4,0.4308616229479471,0.061252411377597786,0.5056471651231081,5
0.49999999999999994,0.45,0.44198165367884207,0.06574610847262832,0.43934944657781794,5
0.49999999999999994,0.5,0.4509537561107179,0.07048302900817163,0.3614185678789248,5
0.49999999999999994,0.55,0.45978744802683186,0.07876744698950817,0.28235825615541,5
0.49999999999999994,0.6000000000000001,0.46607881435087917,0.09007839676029282,0.19595662977185452,5
0.49999999999999994,0.6500000000000001,0.46374040216134893,0.09866583928017375,0.10774791054890445,5
0.49999999999999994,0.7000000000000001,0.45261664375490485,0.10257773053414829,0.0435961147503953,5
0.49999999999999994,0.7500000000000001,0.4403852473885921,0.10019646365422397,0.011520216851140727,5
0.5499999999999999,0.05,0.2978031036182325,0.04451874010205877,0.7429410435961148,5
0.5499999999999999,0.1,0.32334102310487145,0.046620063470950115,0.7283713575784956,5
0.5499999999999999,0.15000000000000002,0.3501503804923342,0.04923789128928639,0.7063474135983736,5
0.5499999999999999,0.2,0.3739939056927402,0.05197798864768838,0.6774339281680596,5
0.5499999999999999,0.25,0.39347391528639397,0.054689757469515134,0.6412920713801672,5
0.5499999999999999,0.3,0.4096812848197722,0.05687369155617585,0.5891122656426474,5
0.5499999999999999,0.35000000000000003,0.4245826507069053,0.05991097211888879,0.5365936299977412,5
0.5499999999999999,0.4,0.4374558817029803,0.06374728647353844,0.4809125818838943,5
0.5499999999999999,0.45,0.44895024756094376,0.06824098521076051,0.4174384459001581,5
0.5499999999999999,0.5,0.4582373466104357,0.072979913124865,0.3434605827874407,5
0.5499999999999999,0.55,0.46732460764683487,0.08130805882151304,0.267901513440253,5
0.5499999999999999,0.6000000000000001,0.47358772413653877,0.09257375381485249,0.18500112943302463,5
0.5499999999999999,0.6500000000000001,0.47107082151504676,0.10126582278481013,0.10119719900609894,5
0.5499999999999999,0.7000000000000001,0.4598192273857094,0.10394889663182347,0.04043370228145471,5
0.5499999999999999,0.7500000000000001,0.4479574779313444,0.10033444816053512,0.010164897221594759,5
0.5999999999999999,0.05,0.3046829856615685,0.04713694337925304,0.69832843912356,5
0.5999999999999999,0.1,0.32776333346574255,0.049108914097861556,0.6850011294330246,5
0.5999999999999999,0.15000000000000002,0.3535250764209848,0.051657827262828845,0.6644454483849108,5
0.5999999999999999,0.2,0.3771564945435282,0.054407268448413884,0.6371131691890671,5
0.5999999999999999,0.25,0.3967546796504749,0.057155999614895,0.6034560650553422,5
0.5999999999999999,0.3,0.41321210705166456,0.059396135265700485,0.5554551615089225,5
0.5999999999999999,0.35000000000000003,0.4285087699399525,0.06255914936257863,0.5076801445674272,5
0.5999999999999999,0.4,0.4418689116053489,0.06659199841879004,0.456629771854529,5
0.5999999999999999,0.45,0.4536874208199689,0.07113919948144547,0.3966568782471199,5
0.5999999999999999,0.5,0.4633915615321969,0.0760134249305155,0.3274226338378134,5
0.5999999999999999,0.55,0.47289746030851615,0.0846422988163478,0.2568330697989609,5
0.5999999999999999,0.6000000000000001,0.4794115847563894,0.09657244466245632,0.1778857013779083,5
0.5999999999999999,0.6500000000000001,0.477000185017818,0.10673396528376215,0.09792184323469619,5
0.5999999999999999,0.7000000000000001,0.465414303396207,0.10990415335463259,0.03885249604698442,5
0.5999999999999999,0.7500000000000001,0.45353174987146727,0.10349127182044887,0.009374294104359611,5
0.6499999999999999,0.05,0.3106369414802283,0.050074424306102795,0.6459227467811158,5
0.6499999999999999,0.1,0.33049279683223076,0.051862869178822504,0.6340637000225886,5
0.6499999999999999,0.15000000000000002,0.3541407150467229,0.05423715304760197,0.6148633386040208,5
0.6499999999999999,0.2,0.376975254715845,0.05693344676395524,0.5895640388524961,5
0.6499999999999999,0.25,0.3963267353696831,0.05963308285187017,0.5583916873729388,5
0.6499999999999999,0.3,0.4126174483895126,0.061728729896124324,0.5141179128077705,5
0.6499999999999999,0.35000000000000003,0.4281398468102429,0.06490474411654837,0.47097357126722383,5
0.6499999999999999,0.4,0.44202359443775224,0.0690862432407662,0.4256833069798961,5
0.6499999999999999,0.45,0.45422646484517215,0.07370263175607458,0.3710187485882087,5
0.6499999999999999,0.5,0.46436097561643236,0.07853963114991039,0.30686695278969955,5
0.6499999999999999,0.55,0.4744335697389503,0.08743726794238851,0.24203749717641743,5
0.6499999999999999,0.6000000000000001,0.4814856209958522,0.10030110404817665,0.16930201039078382,5
0.6499999999999999,0.6500000000000001,0.4790274532823388,0.11079736452870781,0.09306528122882313,5
0.6499999999999999,0.7000000000000001,0.46751298754267784,0.1145760336370007,0.036932459905127626,5
0.6499999999999999,0.7500000000000001,0.45559682452272215,0.1020979020979021,0.008244861079737972,5
0.7,0.05,0.3160477904394709,0.05365374363691478,0.5797379715382878,5
0.7,0.1,0.33211297111183286,0.05527676732261033,0.5697989609216173,5
0.7,0.15000000000000002,0.3527252296262747,0.05747963944482965,0.5524056923424441,5
0.7,0.2,0.3736834712334099,0.06012013781267211,0.5301558617573978,5
0.7,0.25,0.3921740239464693,0.06274072715472848,0.5022588660492433,5
0.7,0.3,0.4081116219873459,0.06469547637098812,0.4626157668850237,5
0.7,0.35000000000000003,0.423618064501542,0.06779813703763761,0.4250056471651231,5
0.7,0.4,0.43775254184231865,0.07181551822263443,0.3847978314885927,5
0.7,0.45,0.45015687178542313,0.07620974972462023,0.33600632482493786,5
0.7,0.5,0.4607350971779254,0.08119602198377388,0.28032527671109103,5
0.7,0.55,0.4712641451942292,0.09055154120552455,0.22362773887508472,5
0.7,0.6000000000000001,0.4784914789463717,0.10334864424359164,0.15755590693471877,5
0.7,0.6500000000000001,0.47560547967297095,0.11226457066587572,0.08549807996385814,5
0.7,0.7000000000000001,0.46436332646407014,0.11488862837045721,0.03320533092387622,5
0.7,0.7500000000000001,0.45287088138588,0.0898876404494382,0.006324824937881184,5
0.7499999999999998,0.05,0.3202353018173503,0.0579030350808041,0.4977411339507567,5
0.7499999999999998,0.1,0.33163430715901016,0.05911336772855076,0.4891574429636323,5
0.7499999999999998,0.15000000000000002,0.34839411540654885,0.06129655733654978,0.47639484978540775,5
0.7499999999999998,0.2,0.3663130198355697,0.06375348025104997,0.45775920487915067,5
0.7499999999999998,0.25,0.3834907132494622,0.0664196467040069,0.43528348768918,5
0.7499999999999998,0.3,0.39866866709540894,0.06824726435016318,0.401513440252993,5
0.7499999999999998,0.35000000000000003,0.41371048888688694,0.07137884523343341,0.3705669753783601,5
0.7499999999999998,0.4,0.42749506619261796,0.0751765893037336,0.3365710413372487,5
0.7499999999999998,0.45,0.4398829163815386,0.07951543856453229,0.2957985091484075,5
0.7499999999999998,0.5,0.4503622335740061,0.08411214953271028,0.24802349220691214,5
0.7499999999999998,0.55,0.46101983967769106,0.09292105681156351,0.19821549582109782,5
0.7499999999999998,0.6000000000000001,0.4690796236756281,0.10722728807835191,0.14343799412694827,5
0.7499999999999998,0.6500000000000001,0.467312573919326,0.1191909060514878,0.08052857465552293,5
0.7499999999999998,0.7000000000000001,0.4560259007854736,0.11966927763272411,0.0310594081770951,5
0.7499999999999998,0.7500000000000001,0.44490455008423996,0.08775137111517367,0.0054212785181838715,5
0.7999999999999998,0.05,0.32311113724810114,0.06331451106928386,0.39891574429636323,5
0.7999999999999998,0.1,0.3304230369878946,0.06426697217192062,0.39281680596340635,5
0.7999999999999998,0.15000000000000002,0.3420551028751862,0.06611634607896581,0.3835554551615089,5
0.7999999999999998,0.2,0.3552690674052104,0.06832919785650243,0.3701152021685114,5
0.7999999999999998,0.25,0.3696148769106135,0.07101462398696065,0.35430313982380846,5
0.7999999999999998,0.3,0.3830304430077322,0.07313350680544435,0.3301332730969054,5
0.7999999999999998,0.35000000000000003,0.3967991242308382,0.07636036238816049,0.30652812288231307,5
0.7999999999999998,0.4,0.40952926410805873,0.07984102878929852,0.27908290038400724,5
0.7999999999999998,0.45,0.4212029242126181,0.08376521171638067,0.24644228597244183,5
0.7999999999999998,0.5,0.43117337948048684,0.08794617293376598,0.20815450643776823,5
0.7999999999999998,0.55,0.44171150108886303,0.09691373966942149,0.16952789699570817,5
0.7999999999999998,0.6000000000000001,0.4504842539063894,0.1128432062757719,0.126722385362548,5
0.7999999999999998,0.6500000000000001,0.4490339081265504,0.12415524232477312,0.07262254348317145,5
0.7999999999999998,0.7000000000000001,0.43849542098459376,0.12037037037037036,0.027896995708154508,5
0.7999999999999998,0.7500000000000001,0.4283493597458814,0.0794979079497908,0.004291845493562232,5
0.2,0.05,0.20619997969868198,0.03201630701324178,0.9437542353738423,6
0.2,0.1,0.23990006020614332,0.03421894619161442,0.9264739100971312,6
0.2,0.15000000000000002,0.2675779725977554,0.036612661072681886,0.8978992545742037,6
0.2,0.2,0.2878109311679508,0.038905834086926314,0.8600632482493789,6
0.2,0.25,0.30267544254561574,0.04103808238369411,0.8138694375423537,6
0.2,0.3,0.3144722558526691,0.04311540239330286,0.7585272193358934,6
0.2,0.35000000000000003,0.3249750085304921,0.04516410537058676,0.6897447481364355,6
0.2,0.4,0.3343400745677732,0.047565328515401226,0.609555003388299,6
0.2,0.45,0.34296024661561036,0.05067057562298991,0.5231533770047436,6
0.2,0.5,0.3504998356008559,0.054606370017984567,0.4252315337700474,6
0.2,0.55,0.3576805973905808,0.0607346115882983,0.3266320307205783,6
0.2,0.6000000000000001,0.36238721918617806,0.06769358292463908,0.22136887282584142,6
0.2,0.6500000000000001,0.36191285703760584,0.07417271456155536,0.1258188389428507,6
0.2,0.7000000000000001,0.3529609613349069,0.07495881383855024,0.05138920262028462,6
0.2,0.7500000000000001,0.3414538596450782,0.0736902705814623,0.01445674271515699,6
0.25,0.05,0.22240062665606175,0.03325078301405783,0.9280551163316015,6
0.25,0.1,0.2561167256906472,0.03549295774647887,0.9107747910548905,6
0.25,0.15000000000000002,0.28434997015559393,0.03797308519783011,0.8831036819516602,6
0.25,0.2,0.3052997991170419,0.0402691784248436,0.8454935622317596,6
0.25,0.25,0.3208080536424089,0.042369178652014915,0.7995256381296589,6
0.25,0.3,0.33310862957918735,0.04440869190586461,0.7450869663428958,6
0.25,0.35000000000000003,0.3440054971747586,0.04640498615815277,0.6777727580754461,6
0.25,0.4,0.35378642088555917,0.0487984260944711,0.5995030494691664,6
0.25,0.45,0.36268500584416546,0.05190070970461251,0.5145696860176192,6
0.25,0.5,0.3704144790644921,0.05587848957468332,0.41800316241246893,6
0.25,0.55,0.3777982242991944,0.06223077427678044,0.3214366388073187,6
0.25,0.6000000000000001,0.38241862327435966,0.0691543005330644,0.21685114072735487,6
0.25,0.6500000000000001,0.381777055759759,0.07578506629448709,0.12265642647391009,6
0.25,0.7000000000000001,0.37238124937266687,0.07623710438887918,0.0492432798735035,6
0.25,0.7500000000000001,0.36096134041153727,0.07653383934218849,0.013666139597921843,6
0.3,0.05,0.23725588880029033,0.034621107221796975,0.9093065281228823,6
0.3,0.1,0.2708340641011191,0.03691932340280342,0.8921391461486334,6
0.3,0.15000000000000002,0.2993819099435874,0.039494039024792704,0.865032753557714,6
0.3,0.2,0.3207662954745501,0.04182884929286473,0.8277614637451999,6
0.3,0.25,0.33681211896072294,0.04392935282366744,0.78235825615541,6
0.3,0.3,0.3495842654037595,0.04592505054531993,0.72859724418342,6
0.3,0.35000000000000003,0.3609168147951726,0.047864698968264334,0.6622995256381297,6
0.3,0.4,0.3711006988370433,0.050270238856279424,0.5861757397786311,6
0.3,0.45,0.3803638667798808,0.05340986710445901,0.503388299073865,6
0.3,0.5,0.38837972307085744,0.05752950332756238,0.409080641517958,6
0.3,0.55,0.3959869769641405,0.06411876910348631,0.31511181386943754,6
0.3,0.6000000000000001,0.4007571421916283,0.07134471920324156,0.21278518183871697,6
0.3,0.6500000000000001,0.39994186811677573,0.07811007421559263,0.12005873051728033,6
0.3,0.7000000000000001,0.3901602423220414,0.07860992380598401,0.04777501694149537,6
0.3,0.7500000000000001,0.3784990548847633,0.0773972602739726,0.012762593178224532,6
0.35,0.05,0.25105141155864413,0.03612384792095285,0.8844590015812063,6
0.35,0.1,0.28401676755794053,0.038445365531326964,0.8674045629094195,6
0.35,0.15000000000000002,0.3128362161282997,0.04110405741098537,0.8409758301332732,6
0.35,0.2,0.33461755486690253,0.043477729801696605,0.8040433702281454,6
0.35,0.25,0.35119211741189993,0.04557473524346753,0.7592048791506664,6
0.35,0.3,0.36442140193847633,0.047531825954778645,0.7063474135983736,6
0.35,0.35000000000000003,0.37627810795636124,0.04953657369131021,0.6428732776146374,6
0.35,0.4,0.38700989290571236,0.05200618875709129,0.5694601310142309,6
0.35,0.45,0.39667589316110097,0.05530823883566973,0.48972215947594305,6
0.35,0.5,0.4051821198361312,0.059714088001485255,0.3995934041111362,6
0.35,0.55,0.41310032652270084,0.06669106881405563,0.3086740456290942,6
0.35,0.6000000000000001,0.418028750455735,0.07438715131022823,0.20871922295007905,6
0.35,0.6500000000000001,0.4169571566143899,0.08125439899898335,0.11734809125818839,6
0.35,0.7000000000000001,0.4067278660224887,0.08149033672046224,0.04619381070702507,6
0.35,0.7500000000000001,0.3950611603127796,0.08011869436201781,0.012197876665913711,6
0.39999999999999997,0.05,0.26403763711774114,0.03778457050955478,0.8544160831262706,6
0.39999999999999997,0.1,0.2963088287967815,0.040136746218923776,0.8380393042692569,6
0.39999999999999997,0.15000000000000002,0.3252485740601122,0.0428573982799826,0.8121752880054213,6
0.39999999999999997,0.2,0.3474621586483287,0.04531972950527939,0.7765981477298396,6
0.39999999999999997,0.25,0.36445427253562185,0.04743033874635334,0.7326632030720578,6
0.39999999999999997,0.3,0.3781956605027614,0.04942782014630111,0.6814998870566975,6
0.39999999999999997,0.35000000000000003,0.39045178512328055,0.05144790992865915,0.619832843912356,6
0.39999999999999997,0.4,0.4016773147946536,0.05406935440902229,0.5501468262932008,6
0.39999999999999997,0.45,0.4118646367211647,0.057708399061741265,0.4751524734583239,6
0.39999999999999997,0.5,0.42084126843078123,0.06235603518636075,0.3882990738649198,6
0.39999999999999997,0.55,0.4291213354614701,0.06980775291522219,0.3002032979444319,6
0.39999999999999997,0.6000000000000001,0.43429601966251147,0.07834943849569079,0.2032979444318952,6
0.39999999999999997,0.6500000000000001,0.43330266638653386,0.08665304732720464,0.11497628190648294,6
0.39999999999999997,0.7000000000000001,0.4226040074702577,0.08780380994088023,0.04529026428732776,6
0.39999999999999997,0.7500000000000001,0.4106484507901705,0.08602150537634409,0.011746103456065055,6
0.44999999999999996,0.05,0.27577666376219756,0.03983221623516012,0.8215495821097809,6
0.44999999999999996,0.1,0.3068074331186949,0.04220519949128982,0.80585046306754,6
0.44999999999999996,0.15000000000000002,0.33580850116891975,0.045054079220686195,0.7814547097357126,6
0.44999999999999996,0.2,0.35833087095333455,0.047580685766074216,0.7471199457872149,6
0.44999999999999996,0.25,0.3758028256822333,0.049766396122016165,0.7049920939688277,6
0.44999999999999996,0.3,0.39015559475939315,0.05194121008643474,0.656991190422408,6
0.44999999999999996,0.35000000000000003,0.40286462073058926,0.05404107980021858,0.5975830133273097,6
0.44999999999999996,0.4,0.4145327878169615,0.05677341389728097,0.5306076349672464,6
0.44999999999999996,0.45,0.42532960630802735,0.06082441928120664,0.4604698441382426,6
0.44999999999999996,0.5,0.43495878678920086,0.06591845993017614,0.3774565168285521,6
0.44999999999999996,0.55,0.4437195406287653,0.07399679890248086,0.2924102100745426,6
0.44999999999999996,0.6000000000000001,0.44923166148181054,0.08379356313083222,0.19878021233340862,6
0.44999999999999996,0.6500000000000001,0.44826766087916714,0.09411985722337028,0.11316918906708832,6
0.44999999999999996,0.7000000000000001,0.43701452372933197,0.09728007841215389,0.04483849107747911,6
0.44999999999999996,0.7500000000000001,0.42469714022181443,0.09726156751652502,0.01163316015360289,6
0.49999999999999994,0.05,0.2860774253376982,0.04210481631068903,0.7841653489948046,6
0.49999999999999994,0.1,0.3153959258686922,0.04448464819181106,0.769256833069799,6
0.49999999999999994,0.15000000000000002,0.3440148731330892,0.04737605144546838,0.7455387395527445,6
0.49999999999999994,0.2,0.3666383675747646,0.0499805939056943,0.7126722385362548,6
0.49999999999999994,0.25,0.3845746771389998,0.052335678074622416,0.6739326857917326,6
0.49999999999999994,0.3,0.39933872540412474,0.054609351225593655,0.6283035915970183,6
0.49999999999999994,0.35000000000000003,0.41234731315747747,0.05673846430134803,0.570928393946239,6
0.49999999999999994,0.4,0.42437556715584485,0.059529021558872304,0.5067765981477298,6
0.49999999999999994,0.45,0.4356777635459011,0.06387611112020561,0.44070476620736393,6
0.49999999999999994,0.5,0.44591071278277633,0.06934866728636589,0.3623221142986221,6
0.49999999999999994,0.55,0.4551390626106508,0.07796514720145167,0.2814547097357127,6
0.49999999999999994,0.6000000000000001,0.46082004302756124,0.08853539846161897,0.19110006776598149,6
0.49999999999999994,0.6500000000000001,0.4596376272203489,0.10028174893039758,0.10853851366613959,6
0.49999999999999994,0.7000000000000001,0.44774606150461166,0.10360980986497657,0.04246668172577366,6
0.49999999999999994,0.7500000000000001,0.43573365528435465,0.1111111111111111,0.01106844364129207,6
0.5499999999999999,0.05,0.294721087166329,0.044198633059900155,0.7369550485656201,6
0.5499999999999999,0.1,0.3223618184688975,0.046556762178900084,0.7234018522701604,6
0.5499999999999999,0.15000000000000002,0.35037245154942975,0.04946162858349738,0.7009261350801897,6
0.5499999999999999,0.2,0.37279661498877575,0.05210309930423782,0.6698667269030947,6
0.5499999999999999,0.25,0.3908092984976724,0.054481136659604655,0.6331601536028914,6
0.5499999999999999,0.3,0.4059071127292091,0.05695542618820054,0.592274678111588,6
0.5499999999999999,0.35000000000000003,0.4192729219794446,0.05919207960100246,0.5388524960469844,6
0.5499999999999999,0.4,0.4315992873023196,0.06211752993880479,0.4792184323469618,6
0.5499999999999999,0.45,0.4433182390846993,0.06653207635596733,0.4168737293878473,6
0.5499999999999999,0.5,0.4540239946855149,0.07228657738873956,0.3432346961825164,6
0.5499999999999999,0.55,0.4635896596240195,0.0811861433141835,0.26654619381070704,6
0.5499999999999999,0.6000000000000001,0.46935435152835187,0.0924665436086756,0.18104811384684888,6
0.5499999999999999,0.6500000000000001,0.4674671262798009,0.10359944623904015,0.10142308561102327,6
0.5499999999999999,0.7000000000000001,0.45471798131526037,0.10356589147286822,0.03772306302236277,6
0.5499999999999999,0.7500000000000001,0.4432383133495012,0.10661268556005399,0.008922520894510955,6
0.5999999999999999,0.05,0.3019060758457635,0.046479799369972784,0.6865823356674949,6
0.5999999999999999,0.1,0.3272506699800206,0.04882573095592201,0.6748362322114299,6
0.5999999999999999,0.15000000000000002,0.3540657660181539,0.051644240470726896,0.6532640614411566,6
0.5999999999999999,0.2,0.376021646235529,0.05424933489098102,0.6241246894059183,6
0.5999999999999999,0.25,0.3939523270023491,0.05668410959794585,0.590919358482042,6
0.5999999999999999,0.3,0.4091618962343257,0.05914394067489553,0.553083352157217,6
0.5999999999999999,0.35000000000000003,0.42282638272589623,0.0614563560837391,0.5046306754009487,6
0.5999999999999999,0.4,0.43556093892918657,0.06447072527543642,0.4500790603117235,6
0.5999999999999999,0.45,0.4476991360008706,0.0691046407631919,0.3927038626609442,6
0.5999999999999999,0.5,0.45854095120216853,0.07477270352178911,0.32324373164671333,6
0.5999999999999999,0.55,0.4680726296554889,0.08332706059465562,0.25005647165123107,6
0.5999999999999999,0.6000000000000001,0.47392349278937496,0.09470839617898441,0.17020555681048113,6
0.5999999999999999,0.6500000000000001,0.4716112893255982,0.10507703965647891,0.09396882764852044,6
0.5999999999999999,0.7000000000000001,0.4585572647186941,0.10182318541451668,0.033431217528800544,6
0.5999999999999999,0.7500000000000001,0.4477036224681579,0.09748427672955975,0.007002484752654168,6
0.6499999999999999,0.05,0.30803724668053906,0.04913734702316538,0.6307883442511859,6
0.6499999999999999,0.1,0.3306462980657092,0.05136435095074113,0.6199457872148182,6
0.6499999999999999,0.15000000000000002,0.35541749901552966,0.054049652392536875,0.5997289360740908,6
0.6499999999999999,0.2,0.37633429329745116,0.05647022104312738,0.5721707702733227,6
0.6499999999999999,0.25,0.393567462109574,0.05870239393976539,0.5408854754913034,6
0.6499999999999999,0.3,0.4087559987271277,0.061136679284333216,0.5071154280551163,6
0.6499999999999999,0.35000000000000003,0.42251373691535415,0.06325827241395299,0.4622769369776372,6
0.6499999999999999,0.4,0.4355916719370603,0.06633327897664475,0.4134854303139824,6
0.6499999999999999,0.45,0.44800281755371957,0.07087731748425441,0.3609667946690761,6
0.6499999999999999,0.5,0.45945683415890404,0.0769007460736784,0.2991868082222724,6
0.6499999999999999,0.55,0.46924380316052655,0.08552113143378541,0.23288908967698216,6
0.6499999999999999,0.6000000000000001,0.4745525872937355,0.09565456924454238,0.15687824711994577,6
0.6499999999999999,0.6500000000000001,0.47168240113382937,0.10430555555555555,0.08482042014908515,6
0.6499999999999999,0.7000000000000001,0.45876711160673356,0.09725400457665904,0.028800542127851818,6
0.6499999999999999,0.7500000000000001,0.4487576486938516,0.07971014492753623,0.004969505308335216,6
0.7,0.05,0.31376090688086233,0.053017395511242925,0.5693471877117687,6
0.7,0.1,0.33234057234881703,0.05512606908808175,0.5605376101197199,6
0.7,0.15000000000000002,0.3538832550508923,0.05756423025692103,0.5417890219110006,6
0.7,0.2,0.3730909813740158,0.05972566949706074,0.5163767788570138,6
0.7,0.25,0.389510853295342,0.06180434347191622,0.48791506663654843,6
0.7,0.3,0.4041973566253559,0.06396864777737393,0.45719448836683985,6
0.7,0.35000000000000003,0.41819631226122717,0.0665500062496652,0.4209396882764852,6
0.7,0.4,0.4313646291024759,0.06969394544244843,0.37858594985317373,6
0.7,0.45,0.4442927367602434,0.07451704258116719,0.3328439123559973,6
0.7,0.5,0.4562535584395981,0.08069957095601481,0.27829229726677207,6
0.7,0.55,0.46635471337789375,0.08935617137817388,0.2174158572396657,6
0.7,0.6000000000000001,0.4717987546374167,0.09955718430294702,0.14727806641066185,6
0.7,0.6500000000000001,0.4691294557823638,0.10918570771354087,0.08041563135306076,6
0.7,0.7000000000000001,0.45635237563463327,0.10105263157894737,0.02710639259091936,6
0.7,0.7500000000000001,0.44675266724302354,0.07768924302788845,0.0044047887960243955,6
0.7499999999999998,0.05,0.3183960209330973,0.05731325045159919,0.4873503501242376,6
0.7499999999999998,0.1,0.3326904494953914,0.059243059521653735,0.48034786537158347,6
0.7499999999999998,0.15000000000000002,0.3501598979358576,0.06138477848621045,0.4643099164219562,6
0.7499999999999998,0.2,0.36668730342501726,0.0632427021441488,0.44239891574429635,6
0.7499999999999998,0.25,0.3812041341279034,0.06508647177596348,0.4186808222272419,6
0.7499999999999998,0.3,0.3947419644359007,0.06721311475409836,0.3936074090806415,6
0.7499999999999998,0.35000000000000003,0.408246451354169,0.06983845121053316,0.36424215044047886,6
0.7499999999999998,0.4,0.42121954546725143,0.07304439217256394,0.3296814998870567,6
0.7499999999999998,0.45,0.43458601783722495,0.07810000905332408,0.2922972667720804,6
0.7499999999999998,0.5,0.44718562240481513,0.08500617665225448,0.2487011520216851,6
0.7499999999999998,0.55,0.4578571360019544,0.09455015902107704,0.19810255251863565,6
0.7499999999999998,0.6000000000000001,0.46361514814968746,0.10509360034828037,0.13632256607183194,6
0.7499999999999998,0.6500000000000001,0.46122797394710197,0.11544434857635893,0.07555906934718772,6
0.7499999999999998,0.7000000000000001,0.448708510213318,0.10643330179754021,0.0254122430539869,6
0.7499999999999998,0.7500000000000001,0.43976295872452603,0.08735632183908046,0.004291845493562232,6
0.7999999999999998,0.05,0.3220507179487518,0.0639090195505741,0.39541450192003613,6
0.7999999999999998,0.1,0.33096642347475097,0.06547326193089353,0.39078382651908744,6
0.7999999999999998,0.15000000000000002,0.34313383185542595,0.06741370324339493,0.3798283261802575,6
0.7999999999999998,0.2,0.355506633410777,0.0689352218912722,0.36333860402078155,6
0.7999999999999998,0.25,0.36742979582432356,0.07072573566775997,0.3458323921391461,6
0.7999999999999998,0.3,0.37855406854923834,0.07233668341708542,0.32516376778857015,6
0.7999999999999998,0.35000000000000003,0.39056403565923725,0.07487558015992843,0.30246216399367515,6
0.7999999999999998,0.4,0.4030511072889296,0.07879930950706476,0.27840524056923427,6
0.7999999999999998,0.45,0.41599995100280523,0.08389798248953179,0.24892703862660945,6
0.7999999999999998,0.5,0.4284098726245609,0.09057345607978519,0.21334989835102777,6
0.7999999999999998,0.55,0.43912477077272527,0.10012466373597532,0.17235147955726227,6
0.7999999999999998,0.6000000000000001,0.4443629229950388,0.10869565217391304,0.11971990060989383,6
0.7999999999999998,0.6500000000000001,0.4428468736720806,0.11880206267354225,0.06765303817483623,6
0.7999999999999998,0.7000000000000001,0.4314895869287432,0.10861423220973783,0.02292749039981929,6
0.7999999999999998,0.7500000000000001,0.4235005782605807,0.08991825613079019,0.003727128981251412,6
