probability_threshold,predicted_rain_rate,accuracy,precision,recall,f1,true_negatives,false_positives,false_negatives,true_positives,model,feature_set,horizon_h,split,rows,rain_rate,roc_auc,pr_auc,brier_score
0.1,0.8017544976238968,0.302695922437203,0.1313688263233796,0.9917596823732114,0.23200605177303515,74426,262615,330,39717,lightgbm,tmd_station_neighbor,1,validation,377088,0.10620067464358453,0.8941050554003127,0.6322447128813833,0.1881160858735152
0.15000000000000002,0.7304660980991174,0.3724780422606925,0.14315846796151752,0.9846680150822783,0.24997385078146545,101024,236017,614,39433,lightgbm,tmd_station_neighbor,1,validation,377088,0.10620067464358453,0.8941050554003127,0.6322447128813833,0.1881160858735152
0.20000000000000004,0.6682074210794298,0.43276900882552616,0.1550245462807523,0.97540390041701,0.2675296212588179,124130,212911,985,39062,lightgbm,tmd_station_neighbor,1,validation,377088,0.10620067464358453,0.8941050554003127,0.6322447128813833,0.1881160858735152
0.25000000000000006,0.6111358621860149,0.4875917557705363,0.167661812438165,0.9648163407995605,0.28567942949881514,145227,191814,1409,38638,lightgbm,tmd_station_neighbor,1,validation,377088,0.10620067464358453,0.8941050554003127,0.6322447128813833,0.1881160858735152
0.30000000000000004,0.5554432917515275,0.5404892226748133,0.18195663902296957,0.951656803256174,0.305501446905386,165701,171340,1936,38111,lightgbm,tmd_station_neighbor,1,validation,377088,0.10620067464358453,0.8941050554003127,0.6322447128813833,0.1881160858735152
0.3500000000000001,0.5011986591989138,0.5914454981330618,0.19836927765666998,0.9361749943816016,0.32737084302947483,185536,151505,2556,37491,lightgbm,tmd_station_neighbor,1,validation,377088,0.10620067464358453,0.8941050554003127,0.6322447128813833,0.1881160858735152
0.40000000000000013,0.44968548455532925,0.6393945179904956,0.21713028760814054,0.9193947112143231,0.3512961673138757,204289,132752,3228,36819,lightgbm,tmd_station_neighbor,1,validation,377088,0.10620067464358453,0.8941050554003127,0.6322447128813833,0.1881160858735152
0.45000000000000007,0.4016277367617108,0.6833471232179226,0.23800091119782898,0.9000674207805828,0.3764569494924176,221637,115404,4002,36045,lightgbm,tmd_station_neighbor,1,validation,377088,0.10620067464358453,0.8941050554003127,0.6322447128813833,0.1881160858735152
0.5000000000000001,0.35691668788187375,0.7235817634080108,0.26154440556063274,0.8789921841835843,0.40313566504042697,237653,99388,4846,35201,lightgbm,tmd_station_neighbor,1,validation,377088,0.10620067464358453,0.8941050554003127,0.6322447128813833,0.1881160858735152
0.5500000000000002,0.31641420570264767,0.7590138110997964,0.2870109624861712,0.8551202337253727,0.42977353588976114,251970,85071,5802,34245,lightgbm,tmd_station_neighbor,1,validation,377088,0.10620067464358453,0.8941050554003127,0.6322447128813833,0.1881160858735152
0.6000000000000002,0.2794201883910387,0.7905130897827563,0.31517757151263215,0.8292506305091517,0.4567542104213516,264884,72157,6838,33209,lightgbm,tmd_station_neighbor,1,validation,377088,0.10620067464358453,0.8941050554003127,0.6322447128813833,0.1881160858735152
0.6500000000000001,0.24410747623896809,0.8198431135437881,0.34851711026615967,0.8010837266212201,0.4857188278310635,277072,59969,7966,32081,lightgbm,tmd_station_neighbor,1,validation,377088,0.10620067464358453,0.8941050554003127,0.6322447128813833,0.1881160858735152
0.7000000000000002,0.21020292345553293,0.846518584521385,0.3875354822431086,0.767048717756636,0.5149188681775513,288494,48547,9329,30718,lightgbm,tmd_station_neighbor,1,validation,377088,0.10620067464358453,0.8941050554003127,0.6322447128813833,0.1881160858735152
0.7500000000000002,0.17790807450780718,0.870512983706721,0.434555129905943,0.7279696356780783,0.544234323370732,299107,37934,10894,29153,lightgbm,tmd_station_neighbor,1,validation,377088,0.10620067464358453,0.8941050554003127,0.6322447128813833,0.1881160858735152
0.8000000000000002,0.14657056177868297,0.8915717286150713,0.49240094083589653,0.679576497615302,0.5710418917926497,308986,28055,12832,27215,lightgbm,tmd_station_neighbor,1,validation,377088,0.10620067464358453,0.8941050554003127,0.6322447128813833,0.1881160858735152
0.8500000000000002,0.11741556347589953,0.9082468813645621,0.5615231728250067,0.6208205358703524,0.5896849021026291,317627,19414,15185,24862,lightgbm,tmd_station_neighbor,1,validation,377088,0.10620067464358453,0.8941050554003127,0.6322447128813833,0.1881160858735152
0.9000000000000002,0.09206339103869654,0.9194644220977597,0.6393881783615624,0.5542737283691662,0.593796396613298,324522,12519,17850,22197,lightgbm,tmd_station_neighbor,1,validation,377088,0.10620067464358453,0.8941050554003127,0.6322447128813833,0.1881160858735152
0.1,0.3433396473751855,0.6873459550068429,0.09327595381010614,0.9598463016330452,0.17002884296325288,204462,97131,418,9992,lightgbm,tmd_station_neighbor,1,test,312003,0.033365063797463484,0.9348292281083825,0.5156307812907267,0.06773561391653155
0.15000000000000002,0.2925164181113643,0.737008939016612,0.1074989590866259,0.9424591738712776,0.19298556198119518,220138,81455,599,9811,lightgbm,tmd_station_neighbor,1,test,312003,0.033365063797463484,0.9348292281083825,0.5156307812907267,0.06773561391653155
0.20000000000000004,0.25390140479418466,0.7743034522103954,0.12124769623065465,0.9226705091258406,0.21433034319632258,231980,69613,805,9605,lightgbm,tmd_station_neighbor,1,test,312003,0.033365063797463484,0.9348292281083825,0.5156307812907267,0.06773561391653155
0.25000000000000006,0.2218824818992125,0.805008285176745,0.13578320910614203,0.9029779058597502,0.23606820864411462,241765,59828,1010,9400,lightgbm,tmd_station_neighbor,1,test,312003,0.033365063797463484,0.9348292281083825,0.5156307812907267,0.06773561391653155
0.30000000000000004,0.19385070015352415,0.8316362342669782,0.15179722892761482,0.881940441882805,0.25901371099700954,250292,51301,1229,9181,lightgbm,tmd_station_neighbor,1,test,312003,0.033365063797463484,0.9348292281083825,0.5156307812907267,0.06773561391653155
0.3500000000000001,0.16919709105361166,0.8546296029204847,0.1690092820609964,0.8570605187319885,0.2823417721518987,257725,43868,1488,8922,lightgbm,tmd_station_neighbor,1,test,312003,0.033365063797463484,0.9348292281083825,0.5156307812907267,0.06773561391653155
0.40000000000000013,0.1477197334641013,0.8744274894792678,0.1878973290806917,0.8318924111431316,0.3065540983026248,264164,37429,1750,8660,lightgbm,tmd_station_neighbor,1,test,312003,0.033365063797463484,0.9348292281083825,0.5156307812907267,0.06773561391653155
0.45000000000000007,0.12896350355605554,0.8915362993304552,0.20883763700077043,0.8072046109510086,0.3318261693683732,269759,31834,2007,8403,lightgbm,tmd_station_neighbor,1,test,312003,0.033365063797463484,0.9348292281083825,0.5156307812907267,0.06773561391653155
0.5000000000000001,0.11274891587580889,0.9060521853956532,0.23133776792313376,0.7817483189241115,0.35702377818724224,274553,27040,2272,8138,lightgbm,tmd_station_neighbor,1,test,312003,0.033365063797463484,0.9348292281083825,0.5156307812907267,0.06773561391653155
0.5500000000000002,0.09791572516930927,0.9188020628006782,0.25574468085106383,0.7505283381364073,0.381494140625,278856,22737,2597,7813,lightgbm,tmd_station_neighbor,1,test,312003,0.033365063797463484,0.9348292281083825,0.5156307812907267,0.06773561391653155
0.6000000000000002,0.08480367175956642,0.9297410601821137,0.28247477228920215,0.7179634966378482,0.4054354606851284,282608,18985,2936,7474,lightgbm,tmd_station_neighbor,1,test,312003,0.033365063797463484,0.9348292281083825,0.5156307812907267,0.06773561391653155
0.6500000000000001,0.07290955535683952,0.9396223754258773,0.31475294531387377,0.6878001921229587,0.4318716448519211,286005,15588,3250,7160,lightgbm,tmd_station_neighbor,1,test,312003,0.033365063797463484,0.9348292281083825,0.5156307812907267,0.06773561391653155
0.7000000000000002,0.06148979336737147,0.9486319041804085,0.3536095908261663,0.6516810758885687,0.4584558202399054,289192,12401,3626,6784,lightgbm,tmd_station_neighbor,1,test,312003,0.033365063797463484,0.9348292281083825,0.5156307812907267,0.06773561391653155
0.7500000000000002,0.05050271952513277,0.9567151597901302,0.4017896807767976,0.6081652257444765,0.4838919249436313,292167,9426,4079,6331,lightgbm,tmd_station_neighbor,1,test,312003,0.033365063797463484,0.9348292281083825,0.5156307812907267,0.06773561391653155
0.8000000000000002,0.040932298727896846,0.9631830463168624,0.4578341555085741,0.561671469740634,0.5044648634657694,294669,6924,4563,5847,lightgbm,tmd_station_neighbor,1,test,312003,0.033365063797463484,0.9348292281083825,0.5156307812907267,0.06773561391653155
0.8500000000000002,0.03228174088069666,0.9682759460646212,0.5254169976171564,0.5083573487031701,0.5167464114832536,296813,4780,5118,5292,lightgbm,tmd_station_neighbor,1,test,312003,0.033365063797463484,0.9348292281083825,0.5156307812907267,0.06773561391653155
0.9000000000000002,0.024804248677096054,0.9716701441973314,0.601498901666882,0.4471661863592699,0.5129759215383768,298509,3084,5755,4655,lightgbm,tmd_station_neighbor,1,test,312003,0.033365063797463484,0.9348292281083825,0.5156307812907267,0.06773561391653155
0.1,0.8552698574338086,0.29421779531568226,0.17586012303418166,0.99391910836955,0.29884397327544415,54229,265795,347,56717,lightgbm,tmd_station_neighbor,2,validation,377088,0.15132807196198234,0.864033707313971,0.630918191004647,0.21593912566022608
0.15000000000000002,0.799341267820774,0.34796121860149354,0.18679791123408376,0.9866991448198514,0.31412663256026735,74907,245117,759,56305,lightgbm,tmd_station_neighbor,2,validation,377088,0.15132807196198234,0.864033707313971,0.630918191004647,0.21593912566022608
0.20000000000000004,0.7481701883910387,0.39685166327223353,0.1980498075328045,0.9791637459694378,0.3294613638373773,93773,226251,1189,55875,lightgbm,tmd_station_neighbor,2,validation,377088,0.15132807196198234,0.864033707313971,0.630918191004647,0.21593912566022608
0.25000000000000006,0.7008417133401222,0.4411675789205703,0.20927504644712597,0.9692100098135427,0.34422408454517445,111052,208972,1757,55307,lightgbm,tmd_station_neighbor,2,validation,377088,0.15132807196198234,0.864033707313971,0.630918191004647,0.21593912566022608
0.30000000000000004,0.653932238628649,0.48464019008825526,0.22165943468916013,0.9578543389878031,0.3600084306480402,128093,191931,2405,54659,lightgbm,tmd_station_neighbor,2,validation,377088,0.15132807196198234,0.864033707313971,0.630918191004647,0.21593912566022608
0.3500000000000001,0.6055668703326544,0.5285026306856755,0.2356449691704036,0.9429763073040797,0.3770636544552513,145482,174542,3254,53810,lightgbm,tmd_station_neighbor,2,validation,377088,0.15132807196198234,0.864033707313971,0.630918191004647,0.21593912566022608
0.40000000000000013,0.5548757849626612,0.5736618508146639,0.25218771058655975,0.9246985840459835,0.39629592078137144,163554,156470,4297,52767,lightgbm,tmd_station_neighbor,2,validation,377088,0.15132807196198234,0.864033707313971,0.630918191004647,0.21593912566022608
0.45000000000000007,0.5032379709775967,0.6185214061439239,0.271330329618212,0.9023026776952194,0.4172038131662001,181748,138276,5575,51489,lightgbm,tmd_station_neighbor,2,validation,377088,0.15132807196198234,0.864033707313971,0.630918191004647,0.21593912566022608
0.5000000000000001,0.4515020366598778,0.6626676001357773,0.29401606991824075,0.877225571288378,0.44041879289107866,199826,120198,7006,50058,lightgbm,tmd_station_neighbor,2,validation,377088,0.15132807196198234,0.864033707313971,0.630918191004647,0.21593912566022608
0.5500000000000002,0.39993582399864225,0.7054348056687033,0.3209248662232861,0.84815295107248,0.46565484064942875,217612,102412,8665,48399,lightgbm,tmd_station_neighbor,2,validation,377088,0.15132807196198234,0.864033707313971,0.630918191004647,0.21593912566022608
0.6000000000000002,0.34996340376782076,0.7450860276646301,0.35200466783362505,0.8140508902285154,0.49148552353846725,234510,85514,10611,46453,lightgbm,tmd_station_neighbor,2,validation,377088,0.15132807196198234,0.864033707313971,0.630918191004647,0.21593912566022608
0.6500000000000001,0.30246785896130346,0.7802979675831636,0.38697318007662834,0.7734648815365204,0.5158572004604929,250104,69920,12927,44137,lightgbm,tmd_station_neighbor,2,validation,377088,0.15132807196198234,0.864033707313971,0.630918191004647,0.21593912566022608
0.7000000000000002,0.2586001145621181,0.8112721698913782,0.4276880479926165,0.7308635917566242,0.5396075792960234,264215,55809,15358,41706,lightgbm,tmd_station_neighbor,2,validation,377088,0.15132807196198234,0.864033707313971,0.630918191004647,0.21593912566022608
0.7500000000000002,0.21734714443312966,0.8376585836727767,0.47466416134896716,0.6817433057619515,0.5596627896103522,276968,43056,18161,38903,lightgbm,tmd_station_neighbor,2,validation,377088,0.15132807196198234,0.864033707313971,0.630918191004647,0.21593912566022608
0.8000000000000002,0.17765349202308214,0.8602739943991853,0.5326536400411995,0.625315435300715,0.5752770948369674,288716,31308,21381,35683,lightgbm,tmd_station_neighbor,2,validation,377088,0.15132807196198234,0.864033707313971,0.630918191004647,0.21593912566022608
0.8500000000000002,0.13852999830278342,0.877667812287848,0.6046556146866265,0.5535188560213095,0.5779583173226474,299372,20652,25478,31586,lightgbm,tmd_station_neighbor,2,validation,377088,0.15132807196198234,0.864033707313971,0.630918191004647,0.21593912566022608
0.9000000000000002,0.10208757637474541,0.8875063645621182,0.6902015793848711,0.46561755222206647,0.5560904143993303,308098,11926,30494,26570,lightgbm,tmd_station_neighbor,2,validation,377088,0.15132807196198234,0.864033707313971,0.630918191004647,0.21593912566022608
0.1,0.4016788300112499,0.6444553417755599,0.1198723319369639,0.959813442371582,0.21312696397284664,186049,110302,629,15023,lightgbm,tmd_station_neighbor,2,test,312003,0.05016618429950994,0.9159512775420233,0.5067508743665645,0.08355624713876125
0.15000000000000002,0.34435566324682776,0.7000477559510646,0.1373138495904691,0.9425632507027856,0.23970688590647646,203664,92687,899,14753,lightgbm,tmd_station_neighbor,2,test,312003,0.05016618429950994,0.9159512775420233,0.5067508743665645,0.08355624713876125
0.20000000000000004,0.307320762941382,0.7351724182139274,0.15075350680502686,0.9235241502683363,0.25919649981620446,214921,81430,1197,14455,lightgbm,tmd_station_neighbor,2,test,312003,0.05016618429950994,0.9159512775420233,0.5067508743665645,0.08355624713876125
0.25000000000000006,0.27656144331945526,0.7638868857030221,0.16382347487483775,0.9031433682596474,0.27733961153619774,224199,72152,1516,14136,lightgbm,tmd_station_neighbor,2,test,312003,0.05016618429950994,0.9159512775420233,0.5067508743665645,0.08355624713876125
0.30000000000000004,0.24845914943125547,0.7899507376531636,0.17825077399380804,0.8828264758497316,0.29661271626668956,232649,63702,1834,13818,lightgbm,tmd_station_neighbor,2,test,312003,0.05016618429950994,0.9159512775420233,0.5067508743665645,0.08355624713876125
0.3500000000000001,0.22154594667358968,0.8141716586058467,0.193828392864893,0.8559928443649374,0.31608375110586845,240626,55725,2254,13398,lightgbm,tmd_station_neighbor,2,test,312003,0.05016618429950994,0.9159512775420233,0.5067508743665645,0.08355624713876125
0.40000000000000013,0.1952545328089794,0.8376874581334154,0.21282009192383453,0.82832864809609,0.33863553257065243,248396,47955,2687,12965,lightgbm,tmd_station_neighbor,2,test,312003,0.05016618429950994,0.9159512775420233,0.5067508743665645,0.08355624713876125
0.45000000000000007,0.1705015656900735,0.8591071239699618,0.23394176363328759,0.7951060567339637,0.36151578091185055,255599,40752,3207,12445,lightgbm,tmd_station_neighbor,2,test,312003,0.05016618429950994,0.9159512775420233,0.5067508743665645,0.08355624713876125
0.5000000000000001,0.14732230138812769,0.8786646282247286,0.2584575220276297,0.759008433427038,0.3856078679585179,262266,34085,3772,11880,lightgbm,tmd_station_neighbor,2,test,312003,0.05016618429950994,0.9159512775420233,0.5067508743665645,0.08355624713876125
0.5500000000000002,0.1266974997035285,0.8954176722659718,0.2852517075638755,0.7204191157679529,0.40868399115653653,268097,28254,4376,11276,lightgbm,tmd_station_neighbor,2,test,312003,0.05016618429950994,0.9159512775420233,0.5067508743665645,0.08355624713876125
0.6000000000000002,0.10760793966724679,0.9104175280365894,0.31685232620480136,0.679657551750575,0.4322106204038516,273415,22936,5014,10638,lightgbm,tmd_station_neighbor,2,test,312003,0.05016618429950994,0.9159512775420233,0.5067508743665645,0.08355624713876125
0.6500000000000001,0.09106002185876418,0.9228372804107653,0.3517651613811552,0.6385126501405571,0.4536232212967796,277934,18417,5658,9994,lightgbm,tmd_station_neighbor,2,test,312003,0.05016618429950994,0.9159512775420233,0.5067508743665645,0.08355624713876125
0.7000000000000002,0.07610183235417609,0.9332442316259779,0.39100404312668463,0.5931510350115001,0.4713168849629404,281891,14460,6368,9284,lightgbm,tmd_station_neighbor,2,test,312003,0.05016618429950994,0.9159512775420233,0.5067508743665645,0.08355624713876125
0.7500000000000002,0.06224619635067612,0.9419524812261421,0.43669224035837495,0.5418476871965244,0.48361987853904714,285411,10940,7171,8481,lightgbm,tmd_station_neighbor,2,test,312003,0.05016618429950994,0.9159512775420233,0.5067508743665645,0.08355624713876125
0.8000000000000002,0.04909247667490377,0.9493883071637131,0.49546255794215577,0.4848581650907232,0.4901030062320385,288623,7728,8063,7589,lightgbm,tmd_station_neighbor,2,test,312003,0.05016618429950994,0.9159512775420233,0.5067508743665645,0.08355624713876125
0.8500000000000002,0.036759261930173745,0.9551703028496521,0.5725869735809573,0.4195629951443905,0.4842741786807271,291449,4902,9085,6567,lightgbm,tmd_station_neighbor,2,test,312003,0.05016618429950994,0.9159512775420233,0.5067508743665645,0.08355624713876125
0.9000000000000002,0.026150389579587374,0.9581895045880969,0.6597622257629612,0.34391771019677997,0.4521439670740414,293575,2776,10269,5383,lightgbm,tmd_station_neighbor,2,test,312003,0.05016618429950994,0.9159512775420233,0.5067508743665645,0.08355624713876125
0.1,0.49999734809911744,0.6393706508825526,0.32782972584503267,0.8697548757493034,0.4761776363685388,179289,126733,9256,61810,hist_gradient_boosting,tmd_station_neighbor,3,validation,377088,0.18845998811948406,0.8426718440098737,0.6355897698991282,0.1052669619326927
0.15000000000000002,0.3649042133401222,0.739294276137135,0.4010072601216561,0.7764472462218219,0.5288713596304159,223600,82422,15887,55179,hist_gradient_boosting,tmd_station_neighbor,3,validation,377088,0.18845998811948406,0.8426718440098737,0.6355897698991282,0.1052669619326927
0.20000000000000004,0.2827774949083503,0.7915924134419552,0.46472916197764275,0.6973095432414939,0.5577440376368895,248945,57077,21511,49555,hist_gradient_boosting,tmd_station_neighbor,3,validation,377088,0.18845998811948406,0.8426718440098737,0.6355897698991282,0.1052669619326927
0.25000000000000006,0.22991185081466395,0.8208561396809233,0.5202602166164919,0.6346916950440435,0.5718070777051654,264430,41592,25961,45105,hist_gradient_boosting,tmd_station_neighbor,3,validation,377088,0.18845998811948406,0.8426718440098737,0.6355897698991282,0.1052669619326927
0.30000000000000004,0.1926261244059742,0.8383639893075356,0.5696270495752853,0.5822193453972364,0.5758543662971546,274761,31261,29690,41376,hist_gradient_boosting,tmd_station_neighbor,3,validation,377088,0.18845998811948406,0.8426718440098737,0.6355897698991282,0.1052669619326927
0.3500000000000001,0.1641075823150034,0.8488761244059742,0.6137549892539147,0.5344468522218783,0.571361950823248,282120,23902,33085,37981,hist_gradient_boosting,tmd_station_neighbor,3,validation,377088,0.18845998811948406,0.8426718440098737,0.6355897698991282,0.1052669619326927
0.40000000000000013,0.14181305159538357,0.8551054395790902,0.6536016156780612,0.4918245011679284,0.5612885612885613,287498,18524,36114,34952,hist_gradient_boosting,tmd_station_neighbor,3,validation,377088,0.18845998811948406,0.8426718440098737,0.6355897698991282,0.1052669619326927
0.45000000000000007,0.12325239731839782,0.8584813094025797,0.6904275232910903,0.4515380069231419,0.545995933403095,291634,14388,38977,32089,hist_gradient_boosting,tmd_station_neighbor,3,validation,377088,0.18845998811948406,0.8426718440098737,0.6355897698991282,0.1052669619326927
0.5000000000000001,0.10753192888662594,0.8598178674473863,0.7244814915287676,0.41337629808910026,0.5263987815257806,294850,11172,41689,29377,hist_gradient_boosting,tmd_station_neighbor,3,validation,377088,0.18845998811948406,0.8426718440098737,0.6355897698991282,0.1052669619326927
0.5500000000000002,0.09380834181941616,0.8600114562118126,0.7583535930344321,0.3774800889314159,0.5040586245772266,297474,8548,44240,26826,hist_gradient_boosting,tmd_station_neighbor,3,validation,377088,0.18845998811948406,0.8426718440098737,0.6355897698991282,0.1052669619326927
0.6000000000000002,0.08228583248472505,0.8588207527155465,0.7872957555834864,0.34375087946416005,0.4785542876732455,299422,6600,46637,24429,hist_gradient_boosting,tmd_station_neighbor,3,validation,377088,0.18845998811948406,0.8426718440098737,0.6355897698991282,0.1052669619326927
0.6500000000000001,0.0720362355736592,0.8568238713509844,0.8143130614048004,0.3112599555342921,0.45037157691133056,300978,5044,48946,22120,hist_gradient_boosting,tmd_station_neighbor,3,validation,377088,0.18845998811948406,0.8426718440098737,0.6355897698991282,0.1052669619326927
0.7000000000000002,0.06283679141208418,0.854105672946368,0.8387001477104874,0.27964146005122,0.4194341554014837,302200,3822,51193,19873,hist_gradient_boosting,tmd_station_neighbor,3,validation,377088,0.18845998811948406,0.8426718440098737,0.6355897698991282,0.1052669619326927
0.7500000000000002,0.053597568737270875,0.8505945561778683,0.8643313047350453,0.24581375059803562,0.3827689341236018,303280,2742,53597,17469,hist_gradient_boosting,tmd_station_neighbor,3,validation,377088,0.18845998811948406,0.8426718440098737,0.6355897698991282,0.1052669619326927
0.8000000000000002,0.043674155634758995,0.8456142863204344,0.8900965450239845,0.206273041960994,0.3349288855886217,304212,1810,56407,14659,hist_gradient_boosting,tmd_station_neighbor,3,validation,377088,0.18845998811948406,0.8426718440098737,0.6355897698991282,0.1052669619326927
0.8500000000000002,0.03298434317718941,0.8387697301425662,0.9127673259366458,0.1597529057495849,0.2719151178386664,304937,1085,59713,11353,hist_gradient_boosting,tmd_station_neighbor,3,validation,377088,0.18845998811948406,0.8426718440098737,0.6355897698991282,0.1052669619326927
0.9000000000000002,0.0207511244059742,0.8298566912763069,0.9413418530351437,0.10365012804998171,0.18673866473995765,305563,459,63700,7366,hist_gradient_boosting,tmd_station_neighbor,3,validation,377088,0.18845998811948406,0.8426718440098737,0.6355897698991282,0.1052669619326927
0.1,0.16329330166697115,0.8674435822732474,0.29216063437230116,0.737611496531219,0.41854122145990325,255760,36063,5295,14885,hist_gradient_boosting,tmd_station_neighbor,3,test,312003,0.06467886526732115,0.9035014589959762,0.508110159898471,0.04284658470851189
0.15000000000000002,0.10925215462671833,0.9068758954240824,0.3698184058438701,0.6246778989098117,0.46459174083697274,270342,21481,7574,12606,hist_gradient_boosting,tmd_station_neighbor,3,test,312003,0.06467886526732115,0.9035014589959762,0.508110159898471,0.04284658470851189
0.20000000000000004,0.08057935340365317,0.9250936689711317,0.43653792609681397,0.5438553022794846,0.4843229408000706,277657,14166,9205,10975,hist_gradient_boosting,tmd_station_neighbor,3,test,312003,0.06467886526732115,0.9035014589959762,0.508110159898471,0.04284658470851189
0.25000000000000006,0.06306670128171844,0.9344076819774169,0.4927580423845098,0.4804757185332012,0.4865393782773415,281842,9981,10484,9696,hist_gradient_boosting,tmd_station_neighbor,3,test,312003,0.06467886526732115,0.9035014589959762,0.508110159898471,0.04284658470851189
0.30000000000000004,0.05072066614744089,0.9399845514305952,0.5459715639810426,0.42814667988107036,0.47993334259130677,284638,7185,11540,8640,hist_gradient_boosting,tmd_station_neighbor,3,test,312003,0.06467886526732115,0.9035014589959762,0.508110159898471,0.04284658470851189
0.3500000000000001,0.04169190680858838,0.9430069582664269,0.5921740467404674,0.38171456888007926,0.4642039291310112,286518,5305,12477,7703,hist_gradient_boosting,tmd_station_neighbor,3,test,312003,0.06467886526732115,0.9035014589959762,0.508110159898471,0.04284658470851189
0.40000000000000013,0.035063765412512056,0.9446607885180591,0.633180987202925,0.3432606541129832,0.44517994858611826,287810,4013,13253,6927,hist_gradient_boosting,tmd_station_neighbor,3,test,312003,0.06467886526732115,0.9035014589959762,0.508110159898471,0.04284658470851189
0.45000000000000007,0.029903558619628658,0.9454492424752327,0.6693461950696677,0.3094648166501487,0.423246357167062,288738,3085,13935,6245,hist_gradient_boosting,tmd_station_neighbor,3,test,312003,0.06467886526732115,0.9035014589959762,0.508110159898471,0.04284658470851189
0.5000000000000001,0.025823469646125197,0.9459588529597471,0.7059699640064541,0.2818632309217047,0.4028756595955661,289454,2369,14492,5688,hist_gradient_boosting,tmd_station_neighbor,3,test,312003,0.06467886526732115,0.9035014589959762,0.508110159898471,0.04284658470851189
0.5500000000000002,0.022089531190405222,0.9459428274728128,0.7404236796285548,0.2528741328047572,0.37699468085106386,290034,1789,15077,5103,hist_gradient_boosting,tmd_station_neighbor,3,test,312003,0.06467886526732115,0.9035014589959762,0.508110159898471,0.04284658470851189
0.6000000000000002,0.019166482373566922,0.9456800094870883,0.7702341137123746,0.2282457879088206,0.35214067278287464,290449,1374,15574,4606,hist_gradient_boosting,tmd_station_neighbor,3,test,312003,0.06467886526732115,0.9035014589959762,0.508110159898471,0.04284658470851189
0.6500000000000001,0.016371637452203984,0.9451864244895081,0.8012920908379013,0.20282457879088206,0.3237108509965201,290808,1015,16087,4093,hist_gradient_boosting,tmd_station_neighbor,3,test,312003,0.06467886526732115,0.9035014589959762,0.508110159898471,0.04284658470851189
0.7000000000000002,0.013810764640083588,0.9442922023185675,0.8247853330239034,0.17611496531219029,0.29025276654824617,291068,755,16626,3554,hist_gradient_boosting,tmd_station_neighbor,3,test,312003,0.06467886526732115,0.9035014589959762,0.508110159898471,0.04284658470851189
0.7500000000000002,0.01102874010826819,0.9430550347272302,0.8506248183667539,0.1450445986124876,0.24783032047754117,291309,514,17253,2927,hist_gradient_boosting,tmd_station_neighbor,3,test,312003,0.06467886526732115,0.9035014589959762,0.508110159898471,0.04284658470851189
0.8000000000000002,0.008166588141780689,0.941372358599116,0.8704866562009419,0.10991080277502478,0.19517775431186202,291493,330,17962,2218,hist_gradient_boosting,tmd_station_neighbor,3,test,312003,0.06467886526732115,0.9035014589959762,0.508110159898471,0.04284658470851189
0.8500000000000002,0.005426229875994782,0.9396384009128117,0.8978145304193739,0.0753221010901883,0.13898413569240617,291650,173,18660,1520,hist_gradient_boosting,tmd_station_neighbor,3,test,312003,0.06467886526732115,0.9035014589959762,0.508110159898471,0.04284658470851189
0.9000000000000002,0.002682666512821992,0.9376191895590748,0.9283154121863799,0.03850346878097126,0.07394014369320075,291763,60,19403,777,hist_gradient_boosting,tmd_station_neighbor,3,test,312003,0.06467886526732115,0.9035014589959762,0.508110159898471,0.04284658470851189
0.1,0.6991047182620502,0.5436476366259335,0.37184778320638484,0.9379144062688366,0.5325568192621849,106975,165596,6489,98028,hist_gradient_boosting,tmd_station_neighbor,6,validation,377088,0.2771687245417515,0.812882833166063,0.6671006954559322,0.14512218177551114
0.15000000000000002,0.5958396978954514,0.6158429862525459,0.41022057645404214,0.8818661079058909,0.5599618470174756,140057,132514,12347,92170,hist_gradient_boosting,tmd_station_neighbor,6,validation,377088,0.2771687245417515,0.812882833166063,0.6671006954559322,0.14512218177551114
0.20000000000000004,0.4976079854039375,0.6750175025458248,0.45195638503106983,0.8114086703598458,0.580546893985809,169735,102836,19711,84806,hist_gradient_boosting,tmd_station_neighbor,6,validation,377088,0.2771687245417515,0.812882833166063,0.6671006954559322,0.14512218177551114
0.25000000000000006,0.40664778513238287,0.7221842116429056,0.49920439279518986,0.7324071682118698,0.5937275798013643,195778,76793,27968,76549,hist_gradient_boosting,tmd_station_neighbor,6,validation,377088,0.2771687245417515,0.812882833166063,0.6671006954559322,0.14512218177551114
0.30000000000000004,0.3316387686693822,0.7551499915139172,0.548725781043844,0.6565630471597922,0.5978203106623572,216136,56435,35895,68622,hist_gradient_boosting,tmd_station_neighbor,6,validation,377088,0.2771687245417515,0.812882833166063,0.6671006954559322,0.14512218177551114
0.3500000000000001,0.272530549898167,0.7756571410386965,0.5969173283512378,0.5869284422629811,0.5918807439033215,231147,41424,43173,61344,hist_gradient_boosting,tmd_station_neighbor,6,validation,377088,0.2771687245417515,0.812882833166063,0.6671006954559322,0.14512218177551114
0.40000000000000013,0.22812181771894094,0.7865935802783435,0.6397549464090582,0.5265459207593023,0.5776560179280882,241582,30989,49484,55033,hist_gradient_boosting,tmd_station_neighbor,6,validation,377088,0.2771687245417515,0.812882833166063,0.6671006954559322,0.14512218177551114
0.45000000000000007,0.19367362525458248,0.7919239010522743,0.6783738635118852,0.47401858070935826,0.5580769252431723,249082,23489,54974,49543,hist_gradient_boosting,tmd_station_neighbor,6,validation,377088,0.2771687245417515,0.812882833166063,0.6671006954559322,0.14512218177551114
0.5000000000000001,0.16594800152749492,0.7941170230821453,0.7147833868673794,0.42795908799525434,0.5353752977366033,254723,17848,59788,44729,hist_gradient_boosting,tmd_station_neighbor,6,validation,377088,0.2771687245417515,0.812882833166063,0.6671006954559322,0.14512218177551114
0.5500000000000002,0.14196686184657162,0.7938810039035981,0.7502334964695334,0.3842724150138255,0.5082283566696826,259200,13371,64354,40163,hist_gradient_boosting,tmd_station_neighbor,6,validation,377088,0.2771687245417515,0.812882833166063,0.6671006954559322,0.14512218177551114
0.6000000000000002,0.12066944585879158,0.791130982688391,0.7830033184625189,0.34089191232048377,0.47499000133315555,262697,9874,68888,35629,hist_gradient_boosting,tmd_station_neighbor,6,validation,377088,0.2771687245417515,0.812882833166063,0.6671006954559322,0.14512218177551114
0.6500000000000001,0.1023288993550577,0.7872167769857433,0.81460077228082,0.30074533329506203,0.43930288461538464,265417,7154,73084,31433,hist_gradient_boosting,tmd_station_neighbor,6,validation,377088,0.2771687245417515,0.812882833166063,0.6671006954559322,0.14512218177551114
0.7000000000000002,0.08570148082145282,0.7819925322471147,0.8451588946993842,0.2613259087038472,0.39921364573132406,267567,5004,77204,27313,hist_gradient_boosting,tmd_station_neighbor,6,validation,377088,0.2771687245417515,0.812882833166063,0.6671006954559322,0.14512218177551114
0.7500000000000002,0.07083227257298032,0.7757207866598778,0.8733433171096967,0.22318857219399715,0.3555213485029758,269188,3383,81190,23327,hist_gradient_boosting,tmd_station_neighbor,6,validation,377088,0.2771687245417515,0.812882833166063,0.6671006954559322,0.14512218177551114
0.8000000000000002,0.057755749321113374,0.7689716989137814,0.899444418935672,0.18742405541682214,0.3102077658833217,270381,2190,84928,19589,hist_gradient_boosting,tmd_station_neighbor,6,validation,377088,0.2771687245417515,0.812882833166063,0.6671006954559322,0.14512218177551114
0.8500000000000002,0.04419658010862186,0.7602230779022403,0.9230169206768271,0.14718179817637322,0.25388049478887303,271288,1283,89134,15383,hist_gradient_boosting,tmd_station_neighbor,6,validation,377088,0.2771687245417515,0.812882833166063,0.6671006954559322,0.14512218177551114
0.9000000000000002,0.028942846232179225,0.7486236634419552,0.9455744914788345,0.0987399179080915,0.17880811913610728,271977,594,94197,10320,hist_gradient_boosting,tmd_station_neighbor,6,validation,377088,0.2771687245417515,0.812882833166063,0.6671006954559322,0.14512218177551114
0.1,0.2736448046973907,0.7927103265032708,0.3063786924031952,0.8274444057824313,0.4471796975835748,221170,59220,5455,26158,hist_gradient_boosting,tmd_station_neighbor,6,test,312003,0.10132274369156707,0.8851393381497888,0.5297204994881706,0.06512066690496238
0.15000000000000002,0.20931208994785305,0.838831677900533,0.35704223195418494,0.7375763135418973,0.4811646839113074,238401,41989,8296,23317,hist_gradient_boosting,tmd_station_neighbor,6,test,312003,0.10132274369156707,0.8851393381497888,0.5297204994881706,0.06512066690496238
0.20000000000000004,0.15668439085521613,0.8707416274843511,0.41085382318046065,0.6353398918166577,0.49901241009205083,251589,28801,11528,20085,hist_gradient_boosting,tmd_station_neighbor,6,test,312003,0.10132274369156707,0.8851393381497888,0.5297204994881706,0.06512066690496238
0.25000000000000006,0.11713989929584011,0.891209379396993,0.4681241107584546,0.5412014044854965,0.5020172826102903,260951,19439,14504,17109,hist_gradient_boosting,tmd_station_neighbor,6,test,312003,0.10132274369156707,0.8851393381497888,0.5297204994881706,0.06512066690496238
0.30000000000000004,0.08977798290401054,0.9024368355432479,0.5209382028488808,0.461582260462468,0.4894673285925131,266971,13419,17021,14592,hist_gradient_boosting,tmd_station_neighbor,6,test,312003,0.10132274369156707,0.8851393381497888,0.5297204994881706,0.06512066690496238
0.3500000000000001,0.07118200786530898,0.9081162681128067,0.5663019496600478,0.39784265966532756,0.46735535654565047,270758,9632,19036,12577,hist_gradient_boosting,tmd_station_neighbor,6,test,312003,0.10132274369156707,0.8851393381497888,0.5297204994881706,0.06512066690496238
0.40000000000000013,0.05797059643657273,0.9113598266683334,0.6093879582020235,0.34865403473254675,0.4435412474849095,273325,7065,20591,11022,hist_gradient_boosting,tmd_station_neighbor,6,test,312003,0.10132274369156707,0.8851393381497888,0.5297204994881706,0.06512066690496238
0.45000000000000007,0.04830722781511716,0.9132412188344343,0.6507430997876857,0.31025211147312814,0.42017778729784727,275126,5264,21805,9808,hist_gradient_boosting,tmd_station_neighbor,6,test,312003,0.10132274369156707,0.8851393381497888,0.5297204994881706,0.06512066690496238
0.5000000000000001,0.04063101957352974,0.91371877834508,0.6850989981856906,0.2747287508303546,0.3921878527884398,276398,3992,22928,8685,hist_gradient_boosting,tmd_station_neighbor,6,test,312003,0.10132274369156707,0.8851393381497888,0.5297204994881706,0.06512066690496238
0.5500000000000002,0.0339067252558469,0.9137123681503062,0.7217128272993667,0.24151456679214248,0.3619169510807736,277446,2944,23978,7635,hist_gradient_boosting,tmd_station_neighbor,6,test,312003,0.10132274369156707,0.8851393381497888,0.5297204994881706,0.06512066690496238
0.6000000000000002,0.028448444405983275,0.9130809639650901,0.7531545741324921,0.21146363837661722,0.33021314431080045,278199,2191,24928,6685,hist_gradient_boosting,tmd_station_neighbor,6,test,312003,0.10132274369156707,0.8851393381497888,0.5297204994881706,0.06512066690496238
0.6500000000000001,0.023515799527568645,0.9122059723784707,0.787651628731089,0.18280454243507419,0.2967394094993582,278832,1558,25834,5779,hist_gradient_boosting,tmd_station_neighbor,6,test,312003,0.10132274369156707,0.8851393381497888,0.5297204994881706,0.06512066690496238
0.7000000000000002,0.019156867081406268,0.9110200863453236,0.8221515810607328,0.15544238129883275,0.26145251396648045,279327,1063,26699,4914,hist_gradient_boosting,tmd_station_neighbor,6,test,312003,0.10132274369156707,0.8851393381497888,0.5297204994881706,0.06512066690496238
0.7500000000000002,0.015397287846591218,0.9094527937231373,0.8499167360532889,0.12915572707430487,0.22423593376719664,279669,721,27530,4083,hist_gradient_boosting,tmd_station_neighbor,6,test,312003,0.10132274369156707,0.8851393381497888,0.5297204994881706,0.06512066690496238
0.8000000000000002,0.011650529001323705,0.9074367874667871,0.8759284731774415,0.10071805902634992,0.18066273263731275,279939,451,28429,3184,hist_gradient_boosting,tmd_station_neighbor,6,test,312003,0.10132274369156707,0.8851393381497888,0.5297204994881706,0.06512066690496238
0.8500000000000002,0.007814027429223437,0.9049464267971782,0.9011484823625923,0.06949672603043051,0.12904173152036652,280149,241,29416,2197,hist_gradient_boosting,tmd_station_neighbor,6,test,312003,0.10132274369156707,0.8851393381497888,0.5297204994881706,0.06512066690496238
0.9000000000000002,0.0038813729355166456,0.9020522238568219,0.93476465730801,0.03580805364881536,0.06897392152083841,280311,79,30481,1132,hist_gradient_boosting,tmd_station_neighbor,6,test,312003,0.10132274369156707,0.8851393381497888,0.5297204994881706,0.06512066690496238
