part,month,horizon_h,model,rows,rain_rate,roc_auc,pr_auc,brier_score,brier_climatology,brier_skill,v1_threshold,precision,recall,f1,predicted_rain_rate,false_positives,false_negatives,best_f1,best_threshold,f1_lost_to_fixed_threshold
A_year,2021-07,1,lightgbm,15792,0.38532168186423504,0.9259926444664326,0.8892619466371307,0.13261404633522034,0.23684888334955226,0.44009005041622873,0.6000000000000002,0.7404643449419569,0.8805258833196384,0.8044441108024923,0.4582066869300912,1878,727,0.8135160981829773,0.7000000000000002,0.00907198738048498
A_year,2021-08,1,lightgbm,41664,0.3997215821812596,0.9374532869691081,0.9085429667625371,0.11144853383302689,0.2399442389197701,0.5355231934937524,0.6000000000000002,0.7844562934238164,0.8745646691485529,0.8270633996763295,0.4456365207373272,4002,2089,0.8285989548360727,0.6500000000000001,0.0015355551597432404
A_year,2021-09,1,lightgbm,40320,0.5739831349206349,0.9346930920678304,0.9509192072040638,0.11342401802539825,0.24452649574731514,0.5361483520272317,0.6000000000000002,0.8361716223062234,0.9271485978481614,0.8793131710515532,0.6364335317460318,4204,1686,0.8804011700793982,0.6500000000000001,0.0010879990278450657
A_year,2021-10,1,lightgbm,41664,0.35810291858678955,0.9356495035041811,0.8987115417714748,0.12604036927223206,0.22986521828641274,0.45167707314820726,0.6000000000000002,0.7250516922407226,0.8930965147453083,0.8003483692714277,0.44110023041474655,5053,1595,0.8090376569037657,0.7500000000000002,0.008689287632338005
A_year,2021-11,1,lightgbm,40320,0.14640376984126985,0.9242245647694944,0.7469577175792459,0.08786913007497787,0.12496970601753432,0.29687655612593755,0.6000000000000002,0.6173349869091911,0.7589361341690666,0.6808510638297872,0.17998511904761905,2777,1423,0.6860706860706861,0.6500000000000001,0.005219622240898891
A_year,2021-12,1,lightgbm,41664,0.032714093701996926,0.971950562115459,0.6049400237385215,0.019840683788061142,0.03164388177525389,0.37300095073743667,0.6000000000000002,0.6082024432809773,0.5113719735876743,0.5555998405739339,0.027505760368663593,449,666,0.587464920486436,0.3500000000000001,0.03186507991250209
A_year,2022-01,1,lightgbm,41664,0.05064324116743472,0.9646606043642539,0.6237186551252144,0.03240412846207619,0.04807850329149176,0.3260162807977718,0.6000000000000002,0.5926094890510949,0.6156398104265403,0.603905160390516,0.05261136712749616,893,811,0.6085519520760173,0.5000000000000001,0.004646791685501306
A_year,2022-02,1,lightgbm,37632,0.20849277210884354,0.9477327448331021,0.8309288167779497,0.07694518566131592,0.16502353608721337,0.533732051283575,0.6000000000000002,0.753795959342452,0.7656130512362987,0.7596585520075877,0.21176126700680273,1962,1839,0.7630907544648281,0.5500000000000002,0.0034322024572404075
A_year,2022-03,1,lightgbm,41664,0.19578052995391704,0.9162363955070288,0.7424415454280787,0.10071922093629837,0.15745051404488042,0.36031189515463313,0.6000000000000002,0.6647798030114344,0.7198725021453966,0.6912301353737492,0.2120055683563748,2961,2285,0.6916306967879365,0.5500000000000002,0.00040056141418731706
A_year,2022-04,1,lightgbm,40320,0.12859623015873015,0.94822963472343,0.7906780280287247,0.06336203217506409,0.11205923974769305,0.4345666424497716,0.6000000000000002,0.6829268292682927,0.7236258437801351,0.7026875175578238,0.13625992063492062,1742,1433,0.7026875175578238,0.6000000000000002,0.0
A_year,2022-05,1,lightgbm,41664,0.3464141705069124,0.9137812797736291,0.8620823506335145,0.1378963738679886,0.22641139297892024,0.3909477254935344,0.6000000000000002,0.7098131918819188,0.8529758193029862,0.7748371463637221,0.4162826420890937,5033,2122,0.7787245198925083,0.6500000000000001,0.003887373528786209
A_year,2022-06,1,lightgbm,40320,0.21101190476190476,0.8803530582912742,0.7043252477573428,0.14480167627334595,0.1664858808106576,0.13024650758206235,0.6000000000000002,0.5565447333627148,0.7421250587682181,0.6360751523699189,0.28137400793650796,5031,2194,0.646335912608102,0.7000000000000002,0.01026076023818312
A_year,2022-07,1,lightgbm,41664,0.35589477726574503,0.9173952882504701,0.8747511812648834,0.14140382409095764,0.22923368478071077,0.3831455258147284,0.6000000000000002,0.6994328922495274,0.8733477205287294,0.7767747353267552,0.44438844086021506,5565,1878,0.7843200935338248,0.7000000000000002,0.007545358207069586
A_year,2022-08,1,lightgbm,41664,0.41359447004608296,0.9212280520386981,0.9006488552525461,0.14178115129470825,0.24253408439338275,0.4154176240864207,0.6000000000000002,0.7331473952916706,0.9000116063138347,0.8080550200593967,0.5077284946236559,5645,1723,0.8137230410525439,0.7000000000000002,0.005668020993147227
A_year,2022-09,1,lightgbm,40320,0.5162202380952381,0.9050232020421072,0.9116979702584961,0.15007665753364563,0.2497369038761338,0.3990609509274542,0.6000000000000002,0.7628292918714251,0.9098683578360719,0.82988606485539,0.6157242063492063,5888,1876,0.8327039970528642,0.7000000000000002,0.002817932197474282
A_year,2022-10,1,lightgbm,41664,0.2698732718894009,0.9547816955367648,0.8941309920584556,0.0811270922422409,0.1970416890091104,0.5882744781055449,0.6000000000000002,0.7831717846379409,0.8551227321237994,0.8175672803027082,0.2946668586789555,2662,1629,0.8184645031314326,0.6500000000000001,0.0008972228287243977
A_year,2022-11,1,lightgbm,40320,0.2107638888888889,0.9419157807508313,0.8139816837335845,0.08590833097696304,0.16634247202932098,0.4835454233130545,0.6000000000000002,0.7106044538706257,0.7885384796422688,0.7475457385095939,0.23387896825396826,2729,1797,0.748035733505543,0.5500000000000002,0.0004899949959490391
A_year,2022-12,1,lightgbm,41664,0.028609831029185868,0.97033583828276,0.5652167367382771,0.021031299605965614,0.027791308597667302,0.2432418382871362,0.6000000000000002,0.5915735167669819,0.5771812080536913,0.5842887473460722,0.02791378648233487,475,504,0.5927403270841644,0.5500000000000002,0.008451579738092185
A_year,2023-01,1,lightgbm,41664,0.02808179723502304,0.9679592291608887,0.661212754326154,0.016698399558663368,0.027293209899074095,0.3881848408299585,0.6000000000000002,0.6412844036697247,0.5974358974358974,0.6185840707964602,0.026161674347158218,391,471,0.6185840707964602,0.6000000000000002,0.0
A_year,2023-02,1,lightgbm,37632,0.0703922193877551,0.967534713808628,0.7816772423862945,0.03751666471362114,0.06543715483742125,0.4266764072057936,0.6000000000000002,0.6912408759124088,0.7149867874669686,0.7029133419929486,0.07281037414965986,846,755,0.7087965671932904,0.6500000000000001,0.005883225200341791
A_year,2023-03,1,lightgbm,41664,0.07699692780337941,0.9464154502836937,0.6203029509183685,0.05090602859854698,0.0710684009122206,0.28370375659045655,0.6000000000000002,0.5876227313299613,0.6156483790523691,0.6013091794793728,0.08066916282642089,1386,1233,0.6026887871853547,0.5500000000000002,0.001379607705981889
A_year,2023-04,1,lightgbm,40320,0.10798611111111112,0.9077498478824141,0.6235279807023879,0.08281999826431274,0.09632511091820987,0.1402034477319667,0.6000000000000002,0.5334881920247774,0.6329811667432246,0.5789915966386555,0.128125,2410,1598,0.5797986653093542,0.6500000000000001,0.0008070686706986852
A_year,2023-05,1,lightgbm,41664,0.14676939324116745,0.9044231693648606,0.6799640371434318,0.10831969231367111,0.125228138448787,0.13502114097168927,0.6000000000000002,0.552732871439569,0.7044971381847915,0.6194550291178373,0.18706797235023043,3486,1807,0.6229481286933684,0.7000000000000002,0.0034930995755310112
A_year,2023-06,1,lightgbm,40320,0.27606646825396824,0.8973900126222074,0.7975879137901171,0.14613009989261627,0.199853773359749,0.26881490683904596,0.6000000000000002,0.6389543604028284,0.8037013745395741,0.7119210568199904,0.3472470238095238,5055,2185,0.7181135225375626,0.6500000000000001,0.006192465717572149
A_year,2023-07,1,lightgbm,41664,0.3144201228878648,0.8991412200378206,0.8194786994301702,0.15144723653793335,0.2155601092110448,0.29742456945195517,0.6000000000000002,0.6591113509624034,0.8390839694656489,0.7382879403566511,0.40027361751152074,5685,2108,0.7412412780022034,0.7000000000000002,0.0029533376455522786
A_year,2023-08,1,lightgbm,41664,0.301051267281106,0.9251610180904888,0.8385288400933623,0.13212034106254578,0.21041940174954607,0.3721095109860477,0.6000000000000002,0.6773331676401143,0.8690903292673204,0.7613227642560324,0.38628072196620583,5193,1642,0.7650884198516829,0.7000000000000002,0.0037656555956504523
A_year,2023-09,1,lightgbm,40320,0.48353174603174603,0.8986420914518,0.898405108717042,0.16857387125492096,0.24972879661123706,0.32497223571157985,0.6000000000000002,0.7187652117475255,0.9088530980713992,0.8027090694935218,0.6114087301587302,6933,1777,0.8143230738282036,0.7500000000000002,0.011614004334681738
A_year,2023-10,1,lightgbm,41664,0.37910426267281105,0.9089721349212545,0.8713567420231227,0.14608147740364075,0.23538422069611534,0.3793913756341629,0.6000000000000002,0.7101854730079784,0.8678695789806901,0.7811493859874064,0.46327764976958524,5594,2087,0.7838904009051711,0.7000000000000002,0.0027410149177647947
A_year,2023-11,1,lightgbm,40320,0.10369543650793651,0.950197313107654,0.7243654620544243,0.07265346497297287,0.09294269295536502,0.21829825817652915,0.6000000000000002,0.5820736261781967,0.782827074862473,0.6676866585067319,0.1394593253968254,2350,908,0.6812545587162655,0.7500000000000002,0.013567900209533579
A_year,2023-12,1,lightgbm,41664,0.05373943932411674,0.9284395464842845,0.5688760213933152,0.04876583069562912,0.05085151198524632,0.041015128325433525,0.6000000000000002,0.5186753946861764,0.6016078606520768,0.5570719602977667,0.06233198924731183,1250,892,0.5570719602977667,0.6000000000000002,0.0
A_year,2024-01,1,lightgbm,41664,0.037538402457757296,0.9383252626107366,0.5348646602054236,0.030888518318533897,0.036129270798676734,0.14505558413691488,0.6000000000000002,0.5317365269461077,0.5677749360613811,0.549165120593692,0.04008256528417819,782,676,0.54933641084824,0.5500000000000002,0.0001712902545479844
A_year,2024-02,1,lightgbm,38976,0.07419950738916256,0.9301560439963122,0.5649117743681704,0.06693208962678909,0.06869394049236817,0.025647835208621017,0.6000000000000002,0.4799782075728684,0.6092669432918395,0.5369495657473716,0.09418616584564861,1909,1130,0.5379241516966068,0.6500000000000001,0.0009745859492351627
A_year,2024-03,1,lightgbm,41664,0.11650345622119816,0.9240354986077012,0.6808951705734132,0.08456699550151825,0.10293040090971352,0.17840604180977515,0.6000000000000002,0.5681470137825421,0.6878862793572311,0.6223091976516634,0.14105702764976957,2538,1515,0.6269404106159239,0.6500000000000001,0.0046312129642605004
A_year,2024-04,1,lightgbm,40320,0.035863095238095236,0.928906889378608,0.3800219072994727,0.04625975713133812,0.03457693363803854,-0.33787910795094755,0.6000000000000002,0.3866066404051773,0.475103734439834,0.426310890474713,0.04407242063492064,1090,759,0.426310890474713,0.6000000000000002,0.0
A_year,2024-05,1,lightgbm,41664,0.27784178187403996,0.916739318868752,0.8324409438199669,0.13623873889446259,0.20064572611909837,0.32099855038230607,0.6000000000000002,0.6617388956392601,0.8468382861091914,0.7429329291398257,0.35555875576036866,5011,1773,0.758329853862213,0.7000000000000002,0.015396924722387295
A_year,2024-06,1,lightgbm,40320,0.2881944444444444,0.9028351649504938,0.8202002607512504,0.1480233073234558,0.20513840663580246,0.2784222625544097,0.6000000000000002,0.6470945535533509,0.8251290877796902,0.7253470514808791,0.36748511904761905,5229,2032,0.7342048846105342,0.7000000000000002,0.008857833129655157
A_year,2024-07,1,lightgbm,41664,0.4705501152073733,0.8899486560462189,0.8891315426450652,0.16966255009174347,0.24913270428570103,0.31898724184690974,0.6000000000000002,0.7128818278601261,0.888038765621015,0.7908783246644104,0.586165514592934,7012,2195,0.7980475298294054,0.7000000000000002,0.007169205164994974
A_year,2024-08,1,lightgbm,41664,0.2750816052227343,0.8704392673647348,0.7557346234933137,0.16805125772953033,0.19941171569081806,0.1572648720896177,0.6000000000000002,0.5849630876829426,0.7881511211936131,0.6715236219009032,0.3706317204301075,6409,2428,0.6811187051868003,0.7000000000000002,0.009595083285897088
A_year,2024-09,1,lightgbm,40320,0.4041170634920635,0.9150825310855755,0.8810483170784381,0.15818926692008972,0.24080646248661505,0.34308545839428006,0.6000000000000002,0.6946976744186046,0.9166564379526206,0.790390008996137,0.533234126984127,6564,1358,0.8048124475807618,0.7000000000000002,0.014422438584624775
A_year,2024-10,1,lightgbm,41664,0.3030913978494624,0.9134701870643208,0.831893863346578,0.13640396296977997,0.2112270023991213,0.3542304657051394,0.6000000000000002,0.6767112859227304,0.8447101678808996,0.7514353140079603,0.3783362135176651,5096,1961,0.7599004123550922,0.7000000000000002,0.008465098347131939
A_year,2024-11,1,lightgbm,40320,0.08864087301587302,0.9243082802186159,0.6223816298100053,0.06425021588802338,0.0807836686468569,0.20466330677688038,0.6000000000000002,0.5575565831102458,0.6410184667039731,0.5963816217623324,0.10190972222222222,1818,1283,0.5963816217623324,0.6000000000000002,0.0
A_year,2024-12,1,lightgbm,41664,0.021577380952380952,0.9803330274026485,0.5837277446830473,0.014780392870306969,0.02111179758361678,0.29989889246679413,0.6000000000000002,0.5881731784582893,0.6195773081201335,0.6034669555796316,0.022729454685099848,390,342,0.6119554204660588,0.5500000000000002,0.008488464886427183
A_year,2025-01,1,lightgbm,41664,0.0008160522273425499,0.9883017055008407,0.3530412656905578,0.0009640631033107638,0.0008153862861047991,-0.18233911918755985,0.6000000000000002,0.38461538461538464,0.29411764705882354,0.3333333333333333,0.0006240399385560676,16,24,0.4,0.8500000000000002,0.06666666666666671
A_year,2025-02,1,lightgbm,37632,0.11019876700680271,0.9525848503368031,0.770619424643083,0.05505446344614029,0.09805499875698312,0.43853486161795996,0.6000000000000002,0.6858675373134329,0.7091873643597781,0.6973325429756965,0.11394557823129252,1347,1206,0.6973325429756965,0.6000000000000002,0.0
A_year,2025-03,1,lightgbm,41664,0.09855030721966206,0.9339153299691412,0.6623100881705577,0.06914595514535904,0.08883814416657228,0.2216636694288685,0.6000000000000002,0.5627240143369175,0.6882610813443741,0.619193689745837,0.12053571428571429,2196,1280,0.619193689745837,0.6000000000000002,0.0
A_year,2025-04,1,lightgbm,40320,0.15518353174603175,0.8842295531039701,0.6170921836194642,0.1076786071062088,0.13110160322086012,0.17866292660961436,0.6000000000000002,0.5694838343732275,0.6418411379255234,0.6035013900368172,0.17490079365079364,3036,2241,0.604494382022472,0.5500000000000002,0.0009929919856547231
A_year,2025-05,1,lightgbm,41664,0.3807603686635945,0.8787996651283975,0.8310170844122154,0.17040348052978516,0.2357819103187581,0.27728348498231514,0.6000000000000002,0.6672004804323891,0.840393343419062,0.7438486860458629,0.47959869431643626,6650,2532,0.7517249801550956,0.7000000000000002,0.00787629410923274
A_year,2025-06,1,lightgbm,40320,0.3285218253968254,0.8838590178314781,0.8053398780808411,0.15598003566265106,0.22059523563476316,0.29291294431714154,0.6000000000000002,0.6652489367025269,0.8029593839649706,0.7276458917698571,0.39652777777777776,5352,2610,0.7276458917698571,0.6000000000000002,0.0
A_year,2025-07,1,lightgbm,41664,0.40382584485407064,0.8747022378351352,0.8277277982434011,0.17681732773780823,0.24075053188196674,0.26555789366024407,0.6000000000000002,0.6724275959500824,0.8486775631500743,0.7503415659485023,0.5096726190476191,6956,2546,0.7563656916772644,0.7000000000000002,0.0060241257287620975
A_year,2025-08,1,lightgbm,41664,0.2789698540706605,0.9181172077532068,0.8371161376762273,0.1251392811536789,0.2011456745904549,0.37786740177997735,0.6000000000000002,0.6843705799151344,0.8325733459519917,0.7512323875325079,0.3393817204301075,4463,1946,0.7556380360672933,0.6500000000000001,0.004405648534785422
A_year,2025-09,1,lightgbm,40320,0.472296626984127,0.8845129886658604,0.8803966471179688,0.18033736944198608,0.2492325231235434,0.2764292268846723,0.6000000000000002,0.6903964265773311,0.9090479441264506,0.7847768433937031,0.621875,7763,1732,0.7946013267925679,0.7500000000000002,0.00982448339886477
A_year,2025-10,1,lightgbm,41664,0.2777457757296467,0.8621844545375975,0.7388464732980508,0.1680530309677124,0.20060305979398352,0.16226087906983833,0.6000000000000002,0.5875576036866359,0.7712582094711372,0.6669905089305732,0.3645833333333333,6265,2647,0.6755599883638782,0.7000000000000002,0.008569479433304994
A_year,2025-11,1,lightgbm,40320,0.19776785714285713,0.9525901929214049,0.8523355526242569,0.07960624992847443,0.15865573182397957,0.4982453579629037,0.6000000000000002,0.7123213512343005,0.8250564334085779,0.7645554909936084,0.2290674603174603,2657,1395,0.7688847235238988,0.7000000000000002,0.004329232530290383
A_year,2025-12,1,lightgbm,41664,0.035690284178187405,0.9466730095922717,0.4920982351691615,0.028014052659273148,0.03441648779346763,0.1860281378104388,0.6000000000000002,0.5273124544792426,0.48688634835238737,0.5062937062937063,0.03295410906298003,649,763,0.5181762168823167,0.5000000000000001,0.011882510588610451
A_year,2026-01,1,lightgbm,41664,0.035618279569892476,0.9758579988434792,0.6301998551725629,0.023218942806124687,0.034349617730373455,0.3240407218391409,0.6000000000000002,0.5936102236421725,0.626010781671159,0.6093801246310265,0.03756240399385561,636,555,0.6107109301597244,0.5500000000000002,0.0013308055286979092
A_year,2026-02,1,lightgbm,37632,0.08519345238095238,0.9221007338278431,0.5735164995952825,0.06908273696899414,0.07793552805236678,0.11359121192358168,0.6000000000000002,0.5080144777662875,0.6129132875857767,0.5555555555555556,0.10278486394557823,1903,1241,0.5555555555555556,0.6000000000000002,0.0
A_year,2026-03,1,lightgbm,41664,0.06797235023041474,0.8996620228395126,0.5170605506844151,0.054899413138628006,0.06335210983456858,0.13342407566240666,0.6000000000000002,0.5350194552529183,0.4855225988700565,0.5090707145501666,0.06168394777265745,1195,1457,0.5142314990512334,0.5000000000000001,0.0051607845010668285
A_year,2026-04,1,lightgbm,40320,0.07854662698412698,0.9139088833040574,0.554918852528238,0.06587521731853485,0.0723770543735434,0.08983284980695794,0.6000000000000002,0.4953577280174768,0.5727818124407957,0.5312637282178942,0.0908234126984127,1848,1353,0.5312637282178942,0.6000000000000002,0.0
A_year,2026-05,1,lightgbm,41664,0.27527361751152074,0.865753840770886,0.7195694896253628,0.14293010532855988,0.19949805301364174,0.28355137722178037,0.6000000000000002,0.6473099226804123,0.700758566570756,0.6729746702951643,0.2980030721966206,4379,3432,0.6757346234682952,0.5500000000000002,0.0027599531731308247
A_year,2026-06,1,lightgbm,40320,0.3878720238095238,0.9119454695265382,0.8745762814767731,0.12573778629302979,0.237427316955428,0.47041567118144867,0.6000000000000002,0.7783263241299445,0.8165483726580983,0.7969793421955939,0.4069196428571429,3637,2869,0.7969793421955939,0.6000000000000002,0.0
A_year,2026-07,1,lightgbm,25296,0.34274193548387094,0.8783146032027489,0.7968201758515633,0.15275749564170837,0.22526990114464096,0.3218912297403368,0.6000000000000002,0.683296964887919,0.7945790080738178,0.7347482935153583,0.39856103731815307,3193,1781,0.7347482935153583,0.6000000000000002,0.0
A_year,2021-07,2,lightgbm,15792,0.4670086119554205,0.9141176754872603,0.9091778023912214,0.13799962401390076,0.248911568314892,0.4455877444823264,0.5500000000000002,0.7438612300067583,0.8954576271186441,0.8126499723128038,0.5621833839918946,2274,771,0.8187088274044796,0.6500000000000001,0.006058855091675808
A_year,2021-08,2,lightgbm,41664,0.4814228110599078,0.931970202500871,0.9272718479803541,0.1109047383069992,0.24965488805108413,0.5557678074209947,0.5500000000000002,0.8153500321130379,0.8860803669358859,0.8492450305810397,0.5231854838709677,4025,2285,0.8492450305810397,0.5500000000000002,0.0
A_year,2021-09,2,lightgbm,40320,0.6508928571428572,0.9240030043647048,0.9576556452221721,0.11095073819160461,0.2272313456632653,0.5117278478118825,0.5500000000000002,0.849842576895132,0.9359472641365646,0.8908190835403558,0.7168402777777778,4340,1681,0.8908190835403558,0.5500000000000002,0.0
A_year,2021-10,2,lightgbm,41664,0.4330357142857143,0.9150358375542158,0.9026969658782642,0.13888555765151978,0.2455157844387755,0.4343110852567046,0.5500000000000002,0.736133230195204,0.8966855115840816,0.8085159549214124,0.5274817588325653,5799,1864,0.8133642394692671,0.6500000000000001,0.0048482845478546865
A_year,2021-11,2,lightgbm,40320,0.20071924603174604,0.8949607771060252,0.748884816290875,0.109097920358181,0.16043103030419342,0.3199699574869006,0.5500000000000002,0.6191452290663114,0.7464475472630668,0.6768627450980392,0.2419890873015873,3716,2052,0.6827905871167103,0.6000000000000002,0.005927842018671026
A_year,2021-12,2,lightgbm,41664,0.048699116743471584,0.9605336845586355,0.6322588183326271,0.026892857626080513,0.046327512771877306,0.4195056885850005,0.5500000000000002,0.6966542750929368,0.4618038442582553,0.5554238292827505,0.032282066052227346,408,1092,0.6086549707602339,0.30000000000000004,0.053231141477483424
A_year,2022-01,2,lightgbm,41664,0.07337269585253456,0.9521582909582508,0.635145570843197,0.04147382825613022,0.06798914335586602,0.3899933693964993,0.5500000000000002,0.6241490505195271,0.5698397121360811,0.5957592339261286,0.06698828725038403,1049,1315,0.6134899040526994,0.40000000000000013,0.017730670126570813
A_year,2022-02,2,lightgbm,37632,0.2692920918367347,0.9342550262155169,0.8411238595028971,0.09057509154081345,0.19677386111093031,0.539699576816495,0.5500000000000002,0.7869131081368175,0.7310045391750543,0.7579291999181502,0.2501594387755102,2006,2726,0.76611679939325,0.45000000000000007,0.008187599475099727
A_year,2022-03,2,lightgbm,41664,0.2670890937019969,0.8910112145977725,0.756987751344875,0.12088745087385178,0.19575250972744282,0.3824475045445387,0.5500000000000002,0.6794937138973837,0.7188173975557153,0.6986026200873362,0.2825460829493088,3773,3129,0.7009593119417797,0.5000000000000001,0.002356691854443538
A_year,2022-04,2,lightgbm,40320,0.1708829365079365,0.9249705165614782,0.7715745628079498,0.08104671537876129,0.14168195851836105,0.4279672851342031,0.5500000000000002,0.670114466970073,0.7052249637155298,0.6872215543455201,0.17983630952380952,2392,2031,0.6872215543455201,0.5500000000000002,0.0
A_year,2022-05,2,lightgbm,41664,0.43605990783410137,0.8907202010981529,0.8708942119869338,0.1488904356956482,0.24591166461381636,0.3945369125557011,0.5500000000000002,0.7241236162361624,0.864101717305152,0.7879441879140735,0.5203533026113671,5981,2469,0.7911887857272892,0.6000000000000002,0.0032445978132157327
A_year,2022-06,2,lightgbm,40320,0.29818948412698415,0.84894169707728,0.7269875508732884,0.17018604278564453,0.20927251568306723,0.18677308279037086,0.5500000000000002,0.5829610721123165,0.7597937286866838,0.6597335066623334,0.388640873015873,6535,2888,0.6597335066623334,0.5500000000000002,0.0
A_year,2022-07,2,lightgbm,41664,0.4450844854070661,0.898950774702867,0.8869790750387879,0.1515110284090042,0.24698428625699323,0.3865560003629006,0.5500000000000002,0.7238032498902064,0.888751078515962,0.7978409255942296,0.5465149769585254,6289,2063,0.8020502679918822,0.6500000000000001,0.004209342397652582
A_year,2022-08,2,lightgbm,41664,0.5018961213517665,0.9018625072739861,0.9092949606548129,0.14732366800308228,0.24999640472381937,0.4106968531574029,0.5500000000000002,0.7488313128912131,0.9039261632633542,0.8191016835308648,0.6058467741935484,6340,2009,0.826863549858987,0.6500000000000001,0.007761866328122258
A_year,2022-09,2,lightgbm,40320,0.615625,0.8881578846809335,0.9281774930291766,0.14218983054161072,0.236630859375,0.3991069849588982,0.5500000000000002,0.8001566839968663,0.9052453468697124,0.8494631785876304,0.6964781746031746,5612,2352,0.8522289216170802,0.6500000000000001,0.002765743029449763
A_year,2022-10,2,lightgbm,41664,0.3246687788018433,0.9424849148220403,0.8987956283877476,0.0906558409333229,0.21925896287316304,0.5865353017027382,0.5500000000000002,0.8030486501887599,0.8334442226657796,0.8179641587462817,0.3369575652841782,2765,2253,0.8179641587462817,0.5500000000000002,0.0
A_year,2022-11,2,lightgbm,40320,0.2703125,0.9307633332118026,0.8364134749397152,0.09496823698282242,0.19724365234375002,0.5185232282288366,0.5500000000000002,0.7547647005690543,0.7666758418203505,0.7606736458807465,0.274578373015873,2715,2543,0.7645974185617701,0.5000000000000001,0.003923772681023618
A_year,2022-12,2,lightgbm,41664,0.041954685099846394,0.9557153403153488,0.5472867127201322,0.03080025501549244,0.040194489498019126,0.23371946253950193,0.5500000000000002,0.5373219373219373,0.5394736842105263,0.5383956608621182,0.042122695852534565,812,805,0.5525090532850492,0.5000000000000001,0.01411339242293097
A_year,2023-01,2,lightgbm,41664,0.03953052995391705,0.9498617459164554,0.6284854073478247,0.022883709520101547,0.03796786715547952,0.3972874634650376,0.5500000000000002,0.6573859242072699,0.5160898603521554,0.5782312925170068,0.031033986175115207,443,797,0.6035714285714285,0.40000000000000013,0.025340136054421758
A_year,2023-02,2,lightgbm,37632,0.09547725340136054,0.9518146074434176,0.7469582260394316,0.05169472098350525,0.08636134748429292,0.40141368228526897,0.5500000000000002,0.6420021762785637,0.6568327303089341,0.6493327830513138,0.0976828231292517,1316,1233,0.6496608670008847,0.6000000000000002,0.0003280839495708454
A_year,2023-03,2,lightgbm,41664,0.11187115975422426,0.9317804114330351,0.6335286184286831,0.06514915078878403,0.0993560033694691,0.34428571420573495,0.5500000000000002,0.6110236220472441,0.5827075734820854,0.5965297605974083,0.10668682795698925,1729,1945,0.6142151273280122,0.45000000000000007,0.017685366730603946
A_year,2023-04,2,lightgbm,40320,0.16063988095238096,0.8790291988985403,0.6305251820346848,0.10545478761196136,0.13483470959998584,0.2178958376161887,0.5500000000000002,0.5422526125661205,0.6489115331171839,0.5908068597132415,0.19223710317460319,3548,2274,0.5908068597132415,0.5500000000000002,0.0
A_year,2023-05,2,lightgbm,41664,0.21063748079877112,0.8659264956205056,0.6807090669595381,0.14322030544281006,0.16626933248151846,0.1386246440922615,0.5500000000000002,0.5468337168669565,0.731084776663628,0.6256765322541323,0.28161002304147464,5317,2360,0.6299515902347613,0.6000000000000002,0.0042750579806289934
A_year,2023-06,2,lightgbm,40320,0.3661706349206349,0.86890798041956,0.8127646382701412,0.1656024307012558,0.23208970104245402,0.28647229947112696,0.5500000000000002,0.6444289394589953,0.8132619886209699,0.719068151874476,0.4621031746031746,6625,2757,0.724544974940649,0.6500000000000001,0.00547682306617292
A_year,2023-07,2,lightgbm,41664,0.4088181643625192,0.8716227136321216,0.8386054705699701,0.166932612657547,0.2416858728497794,0.30929925407222925,0.5500000000000002,0.6734418604651162,0.8500557740855985,0.7515116912776062,0.5160330261136713,7021,2554,0.7552010898873216,0.6500000000000001,0.0036893986097153997
A_year,2023-08,2,lightgbm,41664,0.3878168202764977,0.9171121979439159,0.8688513673352674,0.13611260056495667,0.23741493418712437,0.4266889695419236,0.5500000000000002,0.7087048623084881,0.8903329620002476,0.7892037194503113,0.4872071812596006,5913,1772,0.790501679858778,0.6000000000000002,0.0012979604084666363
A_year,2023-09,2,lightgbm,40320,0.5866071428571429,0.8753812619901621,0.9128658594858101,0.16688701510429382,0.24249920280612244,0.3118038609070414,0.5500000000000002,0.7392371855240145,0.9292660240148825,0.8234302412707928,0.7374007936507937,7753,1673,0.8307237813884786,0.6500000000000001,0.007293540117685793
A_year,2023-10,2,lightgbm,41664,0.4723022273425499,0.8850919583794498,0.8810457861822427,0.1569325476884842,0.24923283338981622,0.37033758532515826,0.5500000000000002,0.7304296396434455,0.8786462038825084,0.7977115965766223,0.5681403609831029,6381,2388,0.802156820827098,0.6000000000000002,0.004445224250475777
A_year,2023-11,2,lightgbm,40320,0.14538690476190477,0.9390219862098448,0.7659604492479749,0.08725611120462418,0.12424955268565761,0.2977350073414282,0.5500000000000002,0.5800023863500775,0.8292391675196179,0.6825809169416556,0.20786210317460319,3520,1001,0.7007722007722008,0.6500000000000001,0.018191283830545246
A_year,2023-12,2,lightgbm,41664,0.08002112135176652,0.8881097769488628,0.5162225094717023,0.0710681825876236,0.07361774148937238,0.034632397709685736,0.5500000000000002,0.45021541407371946,0.5641871625674865,0.5007987220447284,0.1002784178187404,2297,1453,0.5009727626459144,0.5000000000000001,0.0001740406011859763
A_year,2024-01,2,lightgbm,41664,0.05618759600614439,0.9076132552420237,0.5036360373400725,0.044107552617788315,0.0530305500611947,0.16826145369244094,0.5500000000000002,0.5179738562091504,0.541648868005126,0.5295468782626853,0.0587557603686636,1180,1073,0.5307380998265562,0.5000000000000001,0.001191221563870859
A_year,2024-02,2,lightgbm,38976,0.1130952380952381,0.9104176843264503,0.5760964320668083,0.09123580902814865,0.1003047052154195,0.09041346732233568,0.5500000000000002,0.46627888696745795,0.6728675136116152,0.5508403751508961,0.16320299671592775,3395,1442,0.5508403751508961,0.5500000000000002,0.0
A_year,2024-03,2,lightgbm,41664,0.16594662058371737,0.8942775080485222,0.6658095151250136,0.11102969944477081,0.13840833970056113,0.1978106255376122,0.5500000000000002,0.5378642961629346,0.6913508822678623,0.6050249984178216,0.21330165130568357,4107,2134,0.6061755146262189,0.6000000000000002,0.0011505162083972342
A_year,2024-04,2,lightgbm,40320,0.058854166666666666,0.904922996210775,0.383222479680664,0.06747949123382568,0.05539035373263889,-0.21825348073311268,0.5500000000000002,0.3648519579751671,0.4829329962073325,0.41566920565832427,0.07790178571428572,1995,1227,0.41566920565832427,0.5500000000000002,0.0
A_year,2024-05,2,lightgbm,41664,0.3560867895545315,0.8832854750430159,0.8284511604126166,0.15965388715267181,0.22928898785927831,0.3037001530546408,0.5500000000000002,0.6559708198974468,0.8364114316527366,0.7352827896779546,0.4540370583717358,6508,2427,0.7478799300040382,0.7000000000000002,0.012597140326083611
A_year,2024-06,2,lightgbm,40320,0.3749255952380952,0.8744572125541239,0.8319312391241023,0.16806583106517792,0.2343563932734552,0.28286218815002473,0.5500000000000002,0.6397387591057523,0.8423629026923332,0.7272000456855691,0.49367559523809523,7171,2383,0.7419472549344833,0.7000000000000002,0.014747209248914261
A_year,2024-07,2,lightgbm,41664,0.5722686251920123,0.8521858581071027,0.893849826877977,0.17983436584472656,0.24477724581285645,0.2653142033380902,0.5500000000000002,0.7160711317932524,0.9035356289057586,0.7989541611036938,0.7220862135176651,8542,2300,0.8045370406837068,0.6500000000000001,0.005582879580013023
A_year,2024-08,2,lightgbm,41664,0.3709917434715822,0.8300966097450405,0.7712856997056764,0.19168676435947418,0.23335686974749797,0.1785681537171484,0.5500000000000002,0.5965307393741914,0.805395613637834,0.6854043935473215,0.5008880568356375,8420,3008,0.6905085431784671,0.6000000000000002,0.0051041496311455825
A_year,2024-09,2,lightgbm,40320,0.4951140873015873,0.8987575792048811,0.8986254165550568,0.16226203739643097,0.24997612785710346,0.3508898678149517,0.5500000000000002,0.7070114636097041,0.9299203526524069,0.8032886196451753,0.6512152777777778,7693,1399,0.8162955225297944,0.7000000000000002,0.013006902884619143
A_year,2024-10,2,lightgbm,41664,0.3868807603686636,0.887490368627607,0.8494310656149063,0.15559795498847961,0.2372040376252283,0.3440332780746448,0.5500000000000002,0.6800451400814485,0.8598548297040759,0.7594520547945205,0.48917530721966207,6521,2259,0.7658371040723982,0.6500000000000001,0.006385049277877752
A_year,2024-11,2,lightgbm,40320,0.12921626984126985,0.8976835293082175,0.6089163816966219,0.08449061959981918,0.11251942544957798,0.24910192829165323,0.5500000000000002,0.5705786911844241,0.6074856046065259,0.5884540299339964,0.13757440476190477,2382,2045,0.5974116824064358,0.5000000000000001,0.008957652472439404
A_year,2024-12,2,lightgbm,41664,0.030793970814132106,0.975467653453544,0.5996045697501456,0.018987266346812248,0.029845702175630484,0.36381907736398744,0.5500000000000002,0.6322525597269625,0.5775526110678099,0.6036659877800408,0.028129800307219663,431,542,0.6203170028818443,0.45000000000000007,0.016651015101803557
A_year,2025-01,2,lightgbm,41664,0.0014160906298003072,0.979855338443269,0.2155174075929363,0.00187382020521909,0.001414085317128499,-0.3251111389970076,0.5500000000000002,0.4,0.1694915254237288,0.23809523809523808,0.0006000384024577573,15,49,0.2535211267605634,0.8000000000000002,0.015425888665325294
A_year,2025-02,2,lightgbm,37632,0.14958014455782312,0.9331913206062851,0.7534475007622409,0.07073073089122772,0.12720592491188387,0.4439666946313765,0.5500000000000002,0.6979724560061209,0.6482501332385859,0.6721930551717786,0.13892431972789115,1579,1980,0.6721930551717786,0.5500000000000002,0.0
A_year,2025-03,2,lightgbm,41664,0.14336117511520738,0.9129517916969324,0.6737178049437879,0.086505226790905,0.12280874858479422,0.2956102249411261,0.5500000000000002,0.5938691698445292,0.6778838104804956,0.6331013994214683,0.16364247311827956,2769,1924,0.6353131669978656,0.5000000000000001,0.0022117675763972944
A_year,2025-04,2,lightgbm,40320,0.22762896825396825,0.851015167254379,0.6509019431410357,0.1322629600763321,0.17581402106560215,0.24771096597022646,0.5500000000000002,0.5987854251012146,0.6445848768794944,0.6208416413054885,0.24503968253968253,3964,3262,0.62336897871088,0.5000000000000001,0.002527337405391572
A_year,2025-05,2,lightgbm,41664,0.4861991167434716,0.8456985753804491,0.8498736109754309,0.18175341188907623,0.24980953562133967,0.2724320493330673,0.5500000000000002,0.6895548559359184,0.8541738658241596,0.7630871003307608,0.6022705453149002,7790,2954,0.7637499145260183,0.6000000000000002,0.0006628141952574884
A_year,2025-06,2,lightgbm,40320,0.42943948412698413,0.8539285644127007,0.8250687518517978,0.16854308545589447,0.24502121359973386,0.3121285990721354,0.5500000000000002,0.6937481422768256,0.8087785157377996,0.7468600837311005,0.5006448412698413,6182,3311,0.7468600837311005,0.5500000000000002,0.0
A_year,2025-07,2,lightgbm,41664,0.514616935483871,0.8480652676391733,0.8581921935295915,0.1788094937801361,0.24978634519706036,0.2841502459268921,0.5500000000000002,0.7003304341220707,0.8599878736999207,0.7719907891982416,0.6319364439324117,7890,3002,0.772246448771642,0.6000000000000002,0.0002556595734003464
A_year,2025-08,2,lightgbm,41664,0.3563748079877112,0.8927355965570446,0.8427987633614216,0.14264672994613647,0.2293718042194332,0.378098234734769,0.5500000000000002,0.6920674578388507,0.8208512931034483,0.7509781570596753,0.42269105222734255,5423,2660,0.7547109242078905,0.6000000000000002,0.0037327671482152436
A_year,2025-09,2,lightgbm,40320,0.581969246031746,0.8590201378587737,0.8987996969022378,0.1746143102645874,0.24328104270498707,0.282252705253602,0.5500000000000002,0.7317407547040478,0.9098657575111869,0.8111393943999088,0.7236359126984127,7827,2115,0.8143211655459494,0.6500000000000001,0.0031817711460405684
A_year,2025-10,2,lightgbm,41664,0.3796562980030722,0.819837536065056,0.7568275738163759,0.1906757801771164,0.23551739338967465,0.19039618504254452,0.5500000000000002,0.6146766044720124,0.7768365153622455,0.686307911418917,0.47981470814132104,7703,3530,0.686307911418917,0.5500000000000002,0.0
A_year,2025-11,2,lightgbm,40320,0.24838789682539683,0.9379063363377637,0.8486895923801618,0.09255607426166534,0.18669134953605285,0.5042294434547895,0.5500000000000002,0.7130266173100652,0.8077883175237144,0.7574551753195076,0.2813988095238095,3256,1925,0.7574551753195076,0.5500000000000002,0.0
A_year,2025-12,2,lightgbm,41664,0.0550355222734255,0.9208855923150814,0.4941997574390334,0.038991138339042664,0.05200661356151679,0.25026577066162137,0.5500000000000002,0.5671819262782402,0.4160488443087658,0.48,0.04037058371735791,728,1339,0.5180649112063687,0.40000000000000013,0.03806491120636868
A_year,2026-01,2,lightgbm,41664,0.051555299539170506,0.9679862603800209,0.6326092646771245,0.030234739184379578,0.04889735062859691,0.3816691743888221,0.5500000000000002,0.6145077720207254,0.5521415270018621,0.5816576753310446,0.04632296466973886,744,962,0.5821337014395582,0.3500000000000001,0.00047602610851360527
A_year,2026-02,2,lightgbm,37632,0.12909226190476192,0.8876143970422286,0.5621824627254023,0.09415914863348007,0.11242744982107428,0.16248968749773995,0.5500000000000002,0.49485752824144325,0.6041580897488679,0.5440726666048753,0.15760522959183673,2996,1923,0.5510537634408602,0.5000000000000001,0.006981096835984912
A_year,2026-03,2,lightgbm,41664,0.10522273425499232,0.8464113859704427,0.4730109129408742,0.08163953572511673,0.09415091045089559,0.13288639128247381,0.5500000000000002,0.4969744803998948,0.43088503649635035,0.46157605375687233,0.09122983870967742,1912,2495,0.4790296052631579,0.45000000000000007,0.01745355150628558
A_year,2026-04,2,lightgbm,40320,0.12100694444444444,0.8817571887919936,0.5613293613363829,0.08789855986833572,0.10636426384066358,0.1736081584693705,0.5500000000000002,0.513801987486198,0.5722484115597458,0.5414525356346359,0.1347718253968254,2642,2087,0.5414525356346359,0.5500000000000002,0.0
A_year,2026-05,2,lightgbm,41664,0.37934427803379417,0.8312090918581053,0.758465005457806,0.1642497330904007,0.23544219675681366,0.30237767336136046,0.5500000000000002,0.6953290870488322,0.7045238848465676,0.6998962883811559,0.384360599078341,4879,4670,0.7085730642622012,0.45000000000000007,0.008676775881045318
A_year,2026-06,2,lightgbm,40320,0.4795634920634921,0.887946921032176,0.8856938239947257,0.1389293670654297,0.24958234914336103,0.44335259467556276,0.5500000000000002,0.7888793234415354,0.8056474968969797,0.7971752424327713,0.48975694444444445,4169,3758,0.7980011815675463,0.5000000000000001,0.0008259391347750222
A_year,2026-07,2,lightgbm,25296,0.4459598355471221,0.8507571556973083,0.8284409108181512,0.16322997212409973,0.2470796606259059,0.33936297423024164,0.5500000000000002,0.7232401157184185,0.7978016133321514,0.7586933614330874,0.49193548387096775,3444,2281,0.7586933614330874,0.5500000000000002,0.0
A_year,2021-07,3,hist_gradient_boosting,15792,0.5273556231003039,0.9022111289488939,0.9142522677915847,0.1281295120716095,0.2492516698847941,0.4859432150210594,0.3500000000000001,0.7636695018226003,0.9056195965417867,0.8286090969017799,0.6253799392097265,2334,786,0.8315428314303391,0.40000000000000013,0.002933734528559273
A_year,2021-08,3,hist_gradient_boosting,41664,0.5383304531490015,0.9284316637998474,0.938626377729048,0.11038941890001297,0.2485307763613922,0.5558319958752549,0.3500000000000001,0.8328301418586377,0.89781086985599,0.8641005835907999,0.5803331413210445,4042,2292,0.8641005835907999,0.3500000000000001,0.0
A_year,2021-09,3,hist_gradient_boosting,40320,0.7020833333333333,0.9210623992841035,0.964862674356359,0.10372956097126007,0.2091623263888889,0.5040714895358404,0.3500000000000001,0.8650914881861614,0.9402995619612831,0.9011290349882357,0.7631200396825397,4151,1690,0.9033732579519873,0.40000000000000013,0.0022442229637515965
A_year,2021-10,3,hist_gradient_boosting,41664,0.4907114055299539,0.9062862605855662,0.912129106002586,0.12263446301221848,0.249913722012771,0.5092927990326532,0.3500000000000001,0.754045439686172,0.9025678650036684,0.821648818932698,0.5873655913978495,6019,1992,0.8259781941756738,0.45000000000000007,0.004329375242975719
A_year,2021-11,3,hist_gradient_boosting,40320,0.2465277777777778,0.881879547528754,0.7651822366808955,0.10611744225025177,0.1857518325617284,0.42871388784287123,0.3500000000000001,0.64920094314907,0.747887323943662,0.6950586695339162,0.2840029761904762,4017,2506,0.6950586695339162,0.3500000000000001,0.0
A_year,2021-12,3,hist_gradient_boosting,41664,0.061395929339477726,0.9548689400437543,0.6531580579389267,0.03649279102683067,0.057626469200019584,0.36673560720568543,0.3500000000000001,0.7333333333333333,0.42572322126661455,0.5387088795448924,0.035642281105990783,396,1469,0.6338053414590429,0.1,0.09509646191415044
A_year,2022-01,3,hist_gradient_boosting,41664,0.09238191244239631,0.9446397932091141,0.6579790413954821,0.04946913570165634,0.08384749469588172,0.4100105688180319,0.3500000000000001,0.6532029031240139,0.5378020265003897,0.5899116557423767,0.07606086789554531,1099,1779,0.6346399906944283,0.20000000000000004,0.04472833495205164
A_year,2022-02,3,hist_gradient_boosting,37632,0.3168579931972789,0.9285523556900774,0.852958302435325,0.11168453842401505,0.21645900534427207,0.4840383829428401,0.3500000000000001,0.8077177092178507,0.7179637705467964,0.7602006837455046,0.28164859693877553,2038,3363,0.7793328668066247,0.20000000000000004,0.01913218306112008
A_year,2022-03,3,hist_gradient_boosting,41664,0.3256288402457757,0.8747173114197498,0.7751854481518585,0.13384084403514862,0.2195946986459668,0.3905096759602179,0.3500000000000001,0.7036717683408781,0.7218250165843592,0.7126328045408238,0.33402937788018433,4124,3774,0.7184888459147731,0.30000000000000004,0.00585604137394935
A_year,2022-04,3,hist_gradient_boosting,40320,0.2052579365079365,0.9120180005332205,0.7702229238226045,0.08808903396129608,0.1631271160084404,0.4599976011545607,0.3500000000000001,0.6654062106107482,0.7016674722087965,0.6830559313062401,0.2164434523809524,2920,2469,0.6846826767704909,0.30000000000000004,0.0016267454642507895
A_year,2022-05,3,hist_gradient_boosting,41664,0.5039842549923195,0.8855860950456476,0.8899442174703889,0.13737687468528748,0.24998412571215617,0.45045760688232717,0.3500000000000001,0.7539167458972346,0.8685589103724164,0.8071875899001969,0.5806211597542242,5953,2760,0.8131767296751697,0.40000000000000013,0.00598913977497284
A_year,2022-06,3,hist_gradient_boosting,40320,0.36961805555555555,0.830070172659013,0.7486012527368049,0.1601022183895111,0.23300054856288582,0.3128676332437894,0.3500000000000001,0.6144909167722856,0.7807823928068174,0.6877271786991341,0.46964285714285714,7300,3267,0.6898148148148148,0.40000000000000013,0.0020876361156806356
A_year,2022-07,3,hist_gradient_boosting,41664,0.509360599078341,0.8894517512055297,0.9017275676568393,0.13362953066825867,0.24991237918489456,0.46529447199014295,0.3500000000000001,0.7477281706835243,0.8917632645368014,0.8134187225995014,0.6074788786482335,6385,2297,0.819915688731913,0.45000000000000007,0.006496966132411575
A_year,2022-08,3,hist_gradient_boosting,41664,0.5679243471582182,0.8918536822198336,0.9202620742651941,0.1322336494922638,0.24538628306312987,0.461120451226508,0.3500000000000001,0.7743467072596136,0.902924520327952,0.833707295182721,0.6622263824884793,6226,2297,0.8374590163934427,0.45000000000000007,0.003751721210721648
A_year,2022-09,3,hist_gradient_boosting,40320,0.6831597222222222,0.8804891692974207,0.9407487777535914,0.1307636797428131,0.2164525161554784,0.3958782181636308,0.3500000000000001,0.8289521422210495,0.9124341985841351,0.8686921056269874,0.7519593253968254,5186,2412,0.869525346013416,0.30000000000000004,0.0008332403864286242
A_year,2022-10,3,hist_gradient_boosting,41664,0.36681547619047616,0.9347564616187114,0.9039784041456764,0.09708225727081299,0.23226188261763037,0.5820138191567223,0.3500000000000001,0.8167647629519436,0.8262775633056337,0.8214936247723132,0.3710877496159754,2833,2655,0.8219523734426747,0.30000000000000004,0.00045874867036144185
A_year,2022-11,3,hist_gradient_boosting,40320,0.3132936507936508,0.927148554260365,0.8574821743718727,0.1017722487449646,0.2151407391660368,0.5269503621700353,0.3500000000000001,0.7769733217911388,0.7815864471184294,0.7792730573424366,0.31515376984126986,2834,2759,0.7794067248010358,0.30000000000000004,0.00013366745859921814
A_year,2022-12,3,hist_gradient_boosting,41664,0.05424347158218126,0.9472737707775051,0.546805071293177,0.033927176147699356,0.05130111737289436,0.33866594169691056,0.3500000000000001,0.5349044019564251,0.5323008849557522,0.5335994677312043,0.05397945468509985,1046,1057,0.5345139867176494,0.30000000000000004,0.0009145189864451231
A_year,2023-01,3,hist_gradient_boosting,41664,0.04953917050691244,0.9383827494910344,0.6085349235345515,0.028527144342660904,0.0470850410923995,0.39413572377096695,0.3500000000000001,0.6478527607361964,0.5116279069767442,0.5717379534380076,0.03912250384024578,574,1008,0.5970294618943267,0.25000000000000006,0.02529150845631911
A_year,2023-02,3,hist_gradient_boosting,37632,0.11766581632653061,0.9423321702297053,0.7275066538044208,0.056338511407375336,0.10382057199474178,0.4573473221643517,0.3500000000000001,0.5909549767817485,0.6610207768744354,0.6240272892015777,0.13161670918367346,2026,1501,0.6297788697788698,0.30000000000000004,0.005751580577292081
A_year,2023-03,3,hist_gradient_boosting,41664,0.1420650921658986,0.9204931682388895,0.6611298231749889,0.07368100434541702,0.12188260175379334,0.3954756192827673,0.3500000000000001,0.6164662036252753,0.6147997972630512,0.6156318727795635,0.14168106758832566,2264,2280,0.6272537892392788,0.25000000000000006,0.01162191645971522
A_year,2023-04,3,hist_gradient_boosting,40320,0.20627480158730158,0.8615097446133002,0.6408494036215046,0.11136694997549057,0.16372550781742093,0.31979475000510116,0.3500000000000001,0.5655179529508874,0.6590116628592041,0.6086956521739131,0.24037698412698413,4211,2836,0.6124276190939614,0.25000000000000006,0.0037319669200482908
A_year,2023-05,3,hist_gradient_boosting,41664,0.2639688940092166,0.845271464961162,0.6990345306924464,0.13536502420902252,0.19428931700476754,0.30328117728829684,0.3500000000000001,0.5430065359477124,0.7554100745590108,0.631835120541486,0.36722350230414746,6992,2690,0.6409200137315483,0.45000000000000007,0.009084893190062227
A_year,2023-06,3,hist_gradient_boosting,40320,0.4360863095238095,0.8510283602144415,0.825339101636701,0.15603356063365936,0.24591504016971374,0.3654980983433316,0.3500000000000001,0.6628571428571428,0.8312574645964852,0.7375671788660965,0.546875,7434,2967,0.7404670006296022,0.45000000000000007,0.0028998217635057832
A_year,2023-07,3,hist_gradient_boosting,41664,0.47998271889400923,0.8539473039429855,0.85309052086565,0.15524181723594666,0.24959930845712375,0.3780358679855311,0.3500000000000001,0.6909352748219858,0.8636863686368637,0.7677126855720509,0.5999903993855606,7726,2726,0.7700101317122594,0.40000000000000013,0.0022974461402085478
A_year,2023-08,3,hist_gradient_boosting,41664,0.45065284178187404,0.9136651248937602,0.8901052434047977,0.12089268863201141,0.24756485797579525,0.5116726597608161,0.3500000000000001,0.7295227618886444,0.9183532168726033,0.8131189286051118,0.5673003072196621,6393,1533,0.8171456405260594,0.40000000000000013,0.004026711920947612
A_year,2023-09,3,hist_gradient_boosting,40320,0.6596974206349207,0.8623646687932403,0.9247622843151707,0.14206568896770477,0.22449673384255323,0.36718148840713194,0.3500000000000001,0.7702268372581742,0.936990112410241,0.8454636429940465,0.8025297619047619,7435,1676,0.8519148479043203,0.5000000000000001,0.0064512049102737334
A_year,2023-10,3,hist_gradient_boosting,41664,0.5428667434715821,0.8724927935082811,0.8933519932622125,0.1441798061132431,0.24816244230414156,0.4190103676665947,0.3500000000000001,0.7483176312247645,0.8849588823061278,0.8109224972653243,0.6419930875576036,6732,2602,0.8149007974893059,0.45000000000000007,0.003978300223981601
A_year,2023-11,3,hist_gradient_boosting,40320,0.1783234126984127,0.9322141334742765,0.7853198564241419,0.07675236463546753,0.14652417318200428,0.476179506980531,0.3500000000000001,0.5997224425059476,0.8414464534075105,0.7003125361731682,0.2501984126984127,4038,1140,0.7152300013489815,0.5000000000000001,0.014917465175813271
A_year,2023-12,3,hist_gradient_boosting,41664,0.1033026113671275,0.8677564829390318,0.489377151399036,0.07307698577642441,0.09263118185185971,0.2110973398429411,0.3500000000000001,0.4318473674555128,0.5469330855018587,0.48262429523321376,0.1308323732718894,3097,1950,0.4849325198742836,0.30000000000000004,0.0023082246410698337
A_year,2024-01,3,hist_gradient_boosting,41664,0.0729886712749616,0.8903836930972197,0.5273607240610397,0.04660468176007271,0.0676613251404772,0.3112064881479497,0.3500000000000001,0.5526579739217653,0.5435711936862874,0.5480769230769231,0.07178859447004608,1338,1388,0.5480769230769231,0.3500000000000001,0.0
A_year,2024-02,3,hist_gradient_boosting,38976,0.14747536945812809,0.8982310327147356,0.5968950907225806,0.08653420954942703,0.1257263848613167,0.3117259384744169,0.3500000000000001,0.4926567164179104,0.7178148921363953,0.5842951214331232,0.2148758210180624,4249,1622,0.5844629822732013,0.30000000000000004,0.00016786084007802682
A_year,2024-03,3,hist_gradient_boosting,41664,0.20818932411674348,0.8775542305250652,0.6717137355995928,0.10919798910617828,0.164846529440557,0.33757787029690156,0.3500000000000001,0.543809275210998,0.720544154945815,0.6198244657113106,0.27584965437788017,5243,2424,0.6198244657113106,0.3500000000000001,0.0
A_year,2024-04,3,hist_gradient_boosting,40320,0.08020833333333334,0.8861648763970397,0.40906913994468713,0.06300375610589981,0.07377495659722223,0.14600077029022585,0.3500000000000001,0.38044406490179333,0.5510204081632653,0.4501136650669361,0.11617063492063492,2902,1452,0.4501136650669361,0.3500000000000001,0.0
A_year,2024-05,3,hist_gradient_boosting,41664,0.4183707757296467,0.8619498026662409,0.8345881947347534,0.14899568259716034,0.24333666974502038,0.38769737108145264,0.3500000000000001,0.6508852285739453,0.8478572657908324,0.736427735007599,0.5449788786482335,7927,2652,0.7488207547169812,0.5000000000000001,0.012393019709382225
A_year,2024-06,3,hist_gradient_boosting,40320,0.4393105158730159,0.8548961029504829,0.843037450673225,0.15403708815574646,0.24631678651640052,0.3746382845673809,0.3500000000000001,0.6523679535508471,0.8499971772144752,0.7381839576387527,0.5723958333333333,8023,2657,0.7471862186631443,0.5000000000000001,0.009002261024391611
A_year,2024-07,3,hist_gradient_boosting,41664,0.6456653225806451,0.8261660274743333,0.9015782543320512,0.16347044706344604,0.2287816137974766,0.28547384402946685,0.3500000000000001,0.7385014166013624,0.9108211590647188,0.8156593818139449,0.7963229646697388,8676,2399,0.8176216989859145,0.45000000000000007,0.0019623171719695964
A_year,2024-08,3,hist_gradient_boosting,41664,0.445468509984639,0.8109500510062446,0.7977336129268975,0.17794130742549896,0.2470263165967046,0.2796665963488979,0.3500000000000001,0.6142288996906761,0.8238146551724138,0.703748878098175,0.5974702380952381,9603,3270,0.7080297688993341,0.5000000000000001,0.004280890801159121
A_year,2024-09,3,hist_gradient_boosting,40320,0.5615823412698413,0.8898896960583232,0.9103289293592992,0.13713952898979187,0.2462076152437248,0.442992334522085,0.3500000000000001,0.7331288343558282,0.9499624608046637,0.8275782467345093,0.7276785714285714,7830,1133,0.8356508145466514,0.5000000000000001,0.00807256781214205
A_year,2024-10,3,hist_gradient_boosting,41664,0.4498607910906298,0.869407948803075,0.8559674647764312,0.14569169282913208,0.24748605972994253,0.41131353827318085,0.3500000000000001,0.6839919456330229,0.8699247719148482,0.7658345271365163,0.5721486175115207,7533,2438,0.7704711024769305,0.40000000000000013,0.004636575340414173
A_year,2024-11,3,hist_gradient_boosting,40320,0.16436011904761905,0.8846504343977286,0.630484729948139,0.08984483033418655,0.13734587031427153,0.34584978690217794,0.3500000000000001,0.5834162992461954,0.6189829485438358,0.6006735978913458,0.1743799603174603,2929,2525,0.6074945295404814,0.30000000000000004,0.006820931649135664
A_year,2024-12,3,hist_gradient_boosting,41664,0.0384744623655914,0.9697944726618793,0.6120492808415928,0.02164311334490776,0.03699417811127009,0.41495893543545725,0.3500000000000001,0.6644144144144144,0.5520898315658141,0.6030664395229983,0.03197004608294931,447,718,0.6155315085932527,0.30000000000000004,0.012465069070254353
A_year,2025-01,3,hist_gradient_boosting,41664,0.0020161290322580645,0.9778424837948647,0.1720927009077139,0.0021414090879261494,0.0020120642559833504,-0.06428464277826196,0.3500000000000001,0.25,0.13095238095238096,0.171875,0.001056067588325653,33,73,0.18018018018018017,0.40000000000000013,0.008305180180180172
A_year,2025-02,3,hist_gradient_boosting,37632,0.18234481292517007,0.9229003900376116,0.7538593618951762,0.08340432494878769,0.1490951821244548,0.4405967801215248,0.3500000000000001,0.6900273884324151,0.6241620518799184,0.6554441808860663,0.16493941326530612,1924,2579,0.664792595131985,0.25000000000000006,0.009348414245918701
A_year,2025-03,3,hist_gradient_boosting,41664,0.18065956221198157,0.9033387549108494,0.6973123610587348,0.08862236887216568,0.14802168479335673,0.4012879329411396,0.3500000000000001,0.6244289492666506,0.6900491563703999,0.6556011360050489,0.199644777265745,3124,2333,0.6556011360050489,0.3500000000000001,0.0
A_year,2025-04,3,hist_gradient_boosting,40320,0.2885168650793651,0.8267822134836373,0.674688492893282,0.14414933323860168,0.20527488364414054,0.2977741325212713,0.3500000000000001,0.6068225373706401,0.680477950657612,0.6415430748034687,0.32353670634920634,5129,3717,0.645298173827385,0.30000000000000004,0.003755099023916242
A_year,2025-05,3,hist_gradient_boosting,41664,0.5654521889400922,0.8275877895752664,0.8686634412094669,0.16782639920711517,0.24571601096295048,0.31699038027920634,0.3500000000000001,0.7267545422158889,0.8659111167706609,0.7902535396773132,0.6737231182795699,7670,3159,0.7902535396773132,0.3500000000000001,0.0
A_year,2025-06,3,hist_gradient_boosting,40320,0.5060515873015873,0.8407103318056599,0.8463940168078639,0.16403640806674957,0.24996337829113127,0.34375823695382657,0.3500000000000001,0.7145864028625553,0.8319447167222114,0.768812699562943,0.5891617063492064,6780,3429,0.7688453159041394,0.30000000000000004,3.26163411964453e-05
A_year,2025-07,3,hist_gradient_boosting,41664,0.5917098694316436,0.8359501946270003,0.881033933511825,0.16470804810523987,0.24158929984883087,0.31823119563531055,0.3500000000000001,0.74675006989097,0.8667910599115727,0.8023052807448985,0.6868279569892473,7247,3284,0.806876566694519,0.25000000000000006,0.004571285949620529
A_year,2025-08,3,hist_gradient_boosting,41664,0.41714669738863286,0.8823909507062476,0.857077929693126,0.13500501215457916,0.24313533024638923,0.4447330545595024,0.3500000000000001,0.7086422161529458,0.836018411967779,0.7670784500052793,0.4921274961597542,5974,2850,0.770655349170479,0.40000000000000013,0.003576899165199654
A_year,2025-09,3,hist_gradient_boosting,40320,0.6601190476190476,0.8481605472902893,0.91696339295534,0.1493532359600067,0.22436189058956915,0.33431994369657747,0.3500000000000001,0.7795905310300704,0.915614667868951,0.8421452761075403,0.7752976190476191,6890,2246,0.8422627428893269,0.40000000000000013,0.00011746678178659042
A_year,2025-10,3,hist_gradient_boosting,41664,0.46114151305683565,0.7936501491825464,0.7783370712609109,0.18827888369560242,0.2484900179924879,0.24230806043366193,0.3500000000000001,0.6552602188965825,0.7634414198719617,0.7052262127986922,0.5372743855606759,7717,4545,0.7052262127986922,0.3500000000000001,0.0
A_year,2025-11,3,hist_gradient_boosting,40320,0.2877232142857143,0.9343333407800019,0.8586875339800486,0.09343481063842773,0.20493856624681125,0.5440838083843014,0.3500000000000001,0.7352046783625731,0.812774760796483,0.7720461802996806,0.31808035714285715,3396,2172,0.7721393034825871,0.30000000000000004,9.31231829064405e-05
A_year,2025-12,3,hist_gradient_boosting,41664,0.0725326420890937,0.9081987170596619,0.4971761965505063,0.048150062561035156,0.06727165792066914,0.2842444493070668,0.3500000000000001,0.5914954610606784,0.40966247518199866,0.48406647116324536,0.05023521505376344,855,1784,0.5201453104359313,0.25000000000000006,0.0360788392726859
A_year,2026-01,3,hist_gradient_boosting,41664,0.06480414746543779,0.9634126800807584,0.6377564250329296,0.03618211671710014,0.060604569936715584,0.40298038984713236,0.3500000000000001,0.6070649803750545,0.5155555555555555,0.5575806128580012,0.0550355222734255,901,1308,0.598621103117506,0.15000000000000002,0.04104049025950485
A_year,2026-02,3,hist_gradient_boosting,37632,0.1675701530612245,0.87336176914414,0.5751027277127947,0.09882443398237228,0.1394903968642623,0.2915323477175418,0.3500000000000001,0.5280272108843538,0.6154456073580716,0.5683948447568834,0.1953125,3469,2425,0.5746358075297976,0.25000000000000006,0.006240962772914194
A_year,2026-03,3,hist_gradient_boosting,41664,0.13798483102918588,0.8083574558675496,0.4598319513635715,0.09617041051387787,0.1189450174350329,0.19147171871738466,0.3500000000000001,0.49645677262603766,0.42650895807966605,0.4588323353293413,0.11854358678955453,2487,3297,0.4764986900909231,0.25000000000000006,0.017666354761581793
A_year,2026-04,3,hist_gradient_boosting,40320,0.15887896825396824,0.8603827897789473,0.5733781870916906,0.09497620910406113,0.1336364417005228,0.28929408853236793,0.3500000000000001,0.5343915343915344,0.5675928816734311,0.5504920514761544,0.16875,3168,2770,0.5638135003479471,0.30000000000000004,0.013321448871792652
A_year,2026-05,3,hist_gradient_boosting,41664,0.45818932411674346,0.8176258707581974,0.7954769515274234,0.1765681952238083,0.2482518673821853,0.2887538084377007,0.3500000000000001,0.722233606557377,0.7385018334206391,0.7302771302771303,0.4685099846390169,5422,4992,0.7343722986490158,0.30000000000000004,0.004095168371885505
A_year,2026-06,3,hist_gradient_boosting,40320,0.5488095238095239,0.8751739561592075,0.8988187814383228,0.14852185547351837,0.24761763038548754,0.4001967661094984,0.3500000000000001,0.7868631010173498,0.8423716558206796,0.813671781216579,0.5875248015873016,5049,3488,0.8156284061373354,0.30000000000000004,0.0019566249207564335
A_year,2026-07,3,hist_gradient_boosting,25296,0.5224146110056926,0.836414687678701,0.8543751706727792,0.16655585169792175,0.2494975852134635,0.33243501513082385,0.3500000000000001,0.7457200754664244,0.8075671585319713,0.7754123374264332,0.5657416192283365,3639,2543,0.7767588237284694,0.25000000000000006,0.001346486302036154
A_year,2021-07,6,hist_gradient_boosting,15792,0.6638804457953394,0.8971362721017164,0.9448824359641192,0.12190598994493484,0.22314319948592082,0.4536871828234833,0.3500000000000001,0.8027194464558693,0.9516405951926745,0.870859337493999,0.7870440729483282,2452,507,0.877822708891817,0.45000000000000007,0.006963371397817997
A_year,2021-08,6,hist_gradient_boosting,41664,0.6551459293394777,0.9144999090846337,0.9531331637087346,0.11361602693796158,0.2259297406093898,0.497117879959007,0.3500000000000001,0.8422208907529459,0.9269490035169988,0.8825560710174754,0.7210541474654378,4740,1994,0.8839368616527391,0.40000000000000013,0.0013807906352637511
A_year,2021-09,6,hist_gradient_boosting,40320,0.7918402777777778,0.9140081456897657,0.9763621673208841,0.09398823976516724,0.1648292522665895,0.4297842253561055,0.3500000000000001,0.8668980501707159,0.9622576502646663,0.9120921533117596,0.8789434523809524,4717,1205,0.9171581275340951,0.5000000000000001,0.0050659742223354565
A_year,2021-10,6,hist_gradient_boosting,41664,0.6108630952380952,0.8859246933424397,0.9283347048964232,0.13558024168014526,0.23770937411422902,0.4296386409439896,0.3500000000000001,0.7485651560294809,0.9378020509999607,0.8325659271661783,0.7652889784946236,8017,1583,0.8444394247421128,0.5000000000000001,0.011873497575934477
A_year,2021-11,6,hist_gradient_boosting,40320,0.35746527777777776,0.8651941182448603,0.8109643456578333,0.1351272612810135,0.2296838529610339,0.4116814937620453,0.3500000000000001,0.6867886299982122,0.7996253382363144,0.7389241520805283,0.4161954365079365,5256,2888,0.7394743899168678,0.40000000000000013,0.0005502378363394511
A_year,2021-12,6,hist_gradient_boosting,41664,0.08964573732718895,0.939306252579372,0.6885638891359969,0.04957040399312973,0.08160937910625359,0.3925893747017708,0.3500000000000001,0.7887126865671642,0.45274431057563586,0.5752679027045415,0.05145929339477726,453,2044,0.6662279547249276,0.15000000000000002,0.09096005202038604
A_year,2022-01,6,hist_gradient_boosting,41664,0.137840821812596,0.9208160028539423,0.6811819705711745,0.07074500620365143,0.11884072965462417,0.4047074062129111,0.3500000000000001,0.6500595474394602,0.5702594462824307,0.6075503200074205,0.12091973886328725,1763,2468,0.6444070782288414,0.25000000000000006,0.03685675822142087
A_year,2022-02,6,hist_gradient_boosting,37632,0.4236819727891156,0.9269037892652874,0.8949594932478085,0.12178849428892136,0.24417555872263869,0.5012256962734667,0.3500000000000001,0.8306221366443132,0.7846211741093828,0.806966618287373,0.40021789965986393,2551,3434,0.81784198544085,0.20000000000000004,0.010875367153476923
A_year,2022-03,6,hist_gradient_boosting,41664,0.46094950076804914,0.8547374167969521,0.8386501227258886,0.1593138426542282,0.24847505850973542,0.3588336647962347,0.3500000000000001,0.7384247734740615,0.7722988804998698,0.7549820569596091,0.4820948540706605,5254,4373,0.7650185215010469,0.25000000000000006,0.010036464541437806
A_year,2022-04,6,hist_gradient_boosting,40320,0.2910714285714286,0.8804511895815603,0.7644748543456535,0.12183961272239685,0.20634885204081632,0.40954547836158217,0.3500000000000001,0.6694264190348326,0.7647409679618269,0.7139163982022829,0.33251488095238096,4432,2761,0.7180243551924967,0.30000000000000004,0.0041079569902138235
A_year,2022-05,6,hist_gradient_boosting,41664,0.6397129416282642,0.8786251492461601,0.9253692951465342,0.13474874198436737,0.23048029394157724,0.4153567765818459,0.3500000000000001,0.7808089419342616,0.9278130041646344,0.84798710650847,0.7601526497695853,6942,1924,0.8486397856097604,0.40000000000000013,0.0006526791012904098
A_year,2022-06,6,hist_gradient_boosting,40320,0.5293898809523809,0.8189698667138247,0.8329127580829523,0.1745109260082245,0.24913623489760486,0.29953615105426723,0.3500000000000001,0.6639922867669846,0.9033965799953151,0.7654110268725439,0.7202628968253968,9758,2062,0.7696317749275962,0.40000000000000013,0.004220748055052237
A_year,2022-07,6,hist_gradient_boosting,41664,0.6477294546850998,0.8733395576372625,0.9313393524282996,0.1398673951625824,0.22817600821844305,0.38701971230611976,0.3500000000000001,0.7378294528690307,0.9429354874569237,0.8278677858025896,0.8277889784946236,9042,1540,0.8499761459136115,0.5500000000000002,0.022108360111021907
A_year,2022-08,6,hist_gradient_boosting,41664,0.7020689324116743,0.883184424192014,0.9469874201340277,0.12425046414136887,0.20916814655400617,0.4059780794142668,0.3500000000000001,0.8113668771643919,0.9531639943933541,0.8765680510579432,0.8247647849462365,6482,1370,0.8810093396690153,0.45000000000000007,0.0044412886110720695
A_year,2022-09,6,hist_gradient_boosting,40320,0.8129712301587302,0.8715372185122179,0.966367653152858,0.10718052834272385,0.15204900909293115,0.2950922272882689,0.3500000000000001,0.8665251316551325,0.9587845876933403,0.9103232533889468,0.8995287698412698,4841,1351,0.9110719011910013,0.40000000000000013,0.0007486478020545251
A_year,2022-10,6,hist_gradient_boosting,41664,0.4539170506912442,0.9226549792167915,0.9183432611044438,0.10953693091869354,0.24787636178300665,0.5580985208481346,0.3500000000000001,0.7926227127505083,0.8657994923857868,0.8275966641394996,0.495823732718894,4284,2538,0.8288530685125847,0.30000000000000004,0.0012564043730850516
A_year,2022-11,6,hist_gradient_boosting,40320,0.4023809523809524,0.9224235203949159,0.8926352923293484,0.11296975612640381,0.24047052154195012,0.5302137018624289,0.3500000000000001,0.798912715191785,0.8152120315581854,0.8069800787089295,0.4105902777777778,3329,2998,0.8082276432333814,0.30000000000000004,0.0012475645244518496
A_year,2022-12,6,hist_gradient_boosting,41664,0.08902169738863287,0.9314129463027534,0.5504999131732814,0.054743535816669464,0.08109683478267955,0.32496088209398966,0.3500000000000001,0.5294264339152119,0.5723914801833379,0.5500712527529473,0.09624615975422426,1887,1586,0.5631929046563193,0.25000000000000006,0.013121651903372
A_year,2023-01,6,hist_gradient_boosting,41664,0.07586885560675884,0.9241405841061386,0.6116242251780135,0.04407119005918503,0.07011277235567961,0.3714242273060686,0.3500000000000001,0.6480793060718711,0.4963619107877254,0.562164098889287,0.058107718894009217,852,1592,0.5676037483266398,0.30000000000000004,0.005439649437352867
A_year,2023-02,6,hist_gradient_boosting,37632,0.17245960884353742,0.9263384463176231,0.7255273997162163,0.08050289005041122,0.14271729216107149,0.43592756819155987,0.3500000000000001,0.5886774723984026,0.7722650231124807,0.6680885097307385,0.22624362244897958,3502,1478,0.6700412448443944,0.30000000000000004,0.0019527351136559012
A_year,2023-03,6,hist_gradient_boosting,41664,0.21865399385560677,0.9073692570048435,0.7239802239638791,0.09921477735042572,0.17084442482659903,0.4192682760872931,0.3500000000000001,0.6397277346371393,0.7324917672886937,0.6829742592497825,0.25036002304147464,3758,2437,0.6865571892304755,0.30000000000000004,0.0035829299806929837
A_year,2023-04,6,hist_gradient_boosting,40320,0.319890873015873,0.8342377164866861,0.7130280170085371,0.14900018274784088,0.21756070237701564,0.31513282904540707,0.3500000000000001,0.625712734184089,0.7146844472011165,0.6672457473760406,0.3653769841269841,5514,3680,0.66929771301356,0.30000000000000004,0.002051965637519415
A_year,2023-05,6,hist_gradient_boosting,41664,0.3866407450076805,0.8131809832640942,0.748489432179566,0.17729848623275757,0.23714967930758626,0.2523772886793615,0.3500000000000001,0.5509554140127388,0.8591470606493264,0.6713720924591914,0.6029185867895546,11280,2269,0.6816926306485471,0.45000000000000007,0.010320538189355744
A_year,2023-06,6,hist_gradient_boosting,40320,0.5919642857142857,0.8261445247874575,0.8742641407667064,0.16757386922836304,0.24154257015306121,0.30623463548402885,0.3500000000000001,0.7146984470928133,0.9120579855873974,0.801406298893736,0.7554315476190476,8690,2099,0.801406298893736,0.3500000000000001,0.0
A_year,2023-07,6,hist_gradient_boosting,41664,0.6324644777265745,0.8252133451815141,0.8929855373957248,0.16409796476364136,0.23245316214062584,0.2940600882668657,0.3500000000000001,0.7255694997918277,0.9258851656483625,0.8135785384397353,0.8070756528417818,9228,1953,0.8156312970394227,0.40000000000000013,0.0020527585996874542
A_year,2023-08,6,hist_gradient_boosting,41664,0.5891417050691244,0.9156340422597801,0.9345050154610469,0.11882610619068146,0.24205375641736923,0.5090920795883391,0.3500000000000001,0.7740707935570645,0.9612971563594883,0.8575841828853877,0.7316388248847926,6887,950,0.8686630511671776,0.5000000000000001,0.011078868281789833
A_year,2023-09,6,hist_gradient_boosting,40320,0.7989583333333333,0.8526549416144693,0.9572728648385123,0.1163116842508316,0.16062391493055556,0.27587567330108964,0.3500000000000001,0.8334882979571235,0.9739554231079655,0.8982635956310749,0.9336061507936508,6268,839,0.8990543598073911,0.40000000000000013,0.0007907641763161832
A_year,2023-10,6,hist_gradient_boosting,41664,0.6863239247311828,0.8547505297952436,0.9289602095075763,0.14201192557811737,0.21528339507276853,0.3403489129753109,0.3500000000000001,0.781895790403297,0.9288686833362476,0.849068968272996,0.8153321812596006,7409,2034,0.8491223323299625,0.45000000000000007,5.336405696643176e-05
A_year,2023-11,6,hist_gradient_boosting,40320,0.2556299603174603,0.9185975508410635,0.8165760351749818,0.1022370457649231,0.19028328370555397,0.46271136500289956,0.3500000000000001,0.6008866200967222,0.8679538177937324,0.7101409009724151,0.36924603174603177,5942,1361,0.7509091746075588,0.5000000000000001,0.04076827363514368
A_year,2023-12,6,hist_gradient_boosting,41664,0.1621063748079877,0.8413276976788826,0.5323265010697592,0.10647901892662048,0.1358278980545999,0.21607401386850444,0.3500000000000001,0.474400518470512,0.6502813147764288,0.5485885585810643,0.2222062211981567,4866,2362,0.5485885585810643,0.3500000000000001,0.0
A_year,2024-01,6,hist_gradient_boosting,41664,0.11501536098310292,0.8593550187473445,0.5657245346999854,0.07118308544158936,0.10178682772102944,0.30066505622237083,0.3500000000000001,0.5151119402985075,0.5761686143572621,0.5439322301024428,0.12864823348694315,2599,2031,0.5439322301024428,0.3500000000000001,0.0
A_year,2024-02,6,hist_gradient_boosting,38976,0.23517036124794746,0.8841974588789587,0.6799214433602223,0.11907479166984558,0.17986526243845735,0.33797782820577604,0.3500000000000001,0.5341026169379766,0.8483526074623609,0.6555110642781876,0.3735375615763547,6783,1390,0.66941170902551,0.45000000000000007,0.013900644747322333
A_year,2024-03,6,hist_gradient_boosting,41664,0.31151593701996927,0.8474136677766821,0.716148806060736,0.14625853300094604,0.21447375800253982,0.31805860836730415,0.3500000000000001,0.5666286087098352,0.8029894444872486,0.6644141272472268,0.4414602534562212,7971,2557,0.6644141272472268,0.3500000000000001,0.0
A_year,2024-04,6,hist_gradient_boosting,40320,0.13814484126984128,0.8415215943582657,0.4558548367691546,0.11107945442199707,0.11906084410037164,0.06703622621427108,0.3500000000000001,0.3402667513496348,0.7694793536804309,0.47187052735880214,0.31240079365079365,8310,1284,0.4831028090688721,0.45000000000000007,0.011232281710069958
A_year,2024-05,6,hist_gradient_boosting,41664,0.5558035714285714,0.8268303160508315,0.8662472911329621,0.17275552451610565,0.24688596141581634,0.3002618556138026,0.3500000000000001,0.6716427391691018,0.9131580083775964,0.7739975476290697,0.7556643625192012,10338,2011,0.7749633661293699,0.40000000000000013,0.0009658185003001973
A_year,2024-06,6,hist_gradient_boosting,40320,0.5798363095238095,0.8259876918416134,0.8764441537982025,0.17212967574596405,0.2436261636816185,0.2934680202455153,0.3500000000000001,0.6949313899284354,0.9054707215877497,0.7863524080161959,0.7555059523809524,9293,2210,0.789199713899706,0.45000000000000007,0.0028473058835101206
A_year,2024-07,6,hist_gradient_boosting,41664,0.7931067588325653,0.7839157366217188,0.9336670816591289,0.1421259194612503,0.1640884279266684,0.13384556572894457,0.3500000000000001,0.820540596306613,0.9627769035225759,0.8859864097137128,0.9305875576036866,6958,1230,0.887071354817673,0.25000000000000006,0.0010849451039601776
A_year,2024-08,6,hist_gradient_boosting,41664,0.5995583717357911,0.7790120768396063,0.8482764174680046,0.1930471956729889,0.24008813061731804,0.19593194725360563,0.3500000000000001,0.6945697046681486,0.8755804643714972,0.7746414025146096,0.7558083717357911,9618,3108,0.7761460641349341,0.30000000000000004,0.0015046616203245877
A_year,2024-09,6,hist_gradient_boosting,40320,0.6968005952380952,0.8853517604417673,0.9436852758672525,0.12849092483520508,0.2112695257139314,0.3918151498612835,0.3500000000000001,0.7624437512077962,0.983021890016017,0.858795360552256,0.8983878968253968,8605,477,0.8831391825466298,0.5500000000000002,0.024343821994373793
A_year,2024-10,6,hist_gradient_boosting,41664,0.5864535330261137,0.8463474003262059,0.8935349957026724,0.16074401140213013,0.24252578662730268,0.3372085763022358,0.3500000000000001,0.7068285759343952,0.9171646066955881,0.7983754609095282,0.7609687019969278,9295,2024,0.8111521274528852,0.5000000000000001,0.012776666543357074
A_year,2024-11,6,hist_gradient_boosting,40320,0.24694940476190477,0.8636895310904636,0.6905327097459606,0.120468370616436,0.1859653962496457,0.35220007030385625,0.3500000000000001,0.6173086979257452,0.7113588430250075,0.6610050860902431,0.2845734126984127,4391,2874,0.6610050860902431,0.3500000000000001,0.0
A_year,2024-12,6,hist_gradient_boosting,41664,0.05762768817204301,0.9558312872612071,0.6008231653387321,0.03368495777249336,0.05430673772798878,0.3797278352234238,0.3500000000000001,0.6036168132942327,0.514369012911287,0.5554306273892512,0.049107142857142856,811,1166,0.5609053497942387,0.30000000000000004,0.005474722404987475
A_year,2025-01,6,hist_gradient_boosting,41664,0.0038162442396313364,0.9610679625626677,0.14326718404812003,0.004384196829050779,0.003801680519534817,-0.15322600269084163,0.3500000000000001,0.07537688442211055,0.09433962264150944,0.08379888268156424,0.004776305683563748,184,144,0.19592875318066158,0.15000000000000002,0.11212987049909734
A_year,2025-02,6,hist_gradient_boosting,37632,0.26373830782312924,0.9132862749903885,0.7847985406341768,0.11068128794431686,0.19418041280972156,0.43000796865761093,0.3500000000000001,0.7180933421809335,0.6542065491183879,0.6846628354510466,0.24027423469387754,2549,3432,0.7110187110187111,0.20000000000000004,0.0263558755676645
A_year,2025-03,6,hist_gradient_boosting,41664,0.2685051843317972,0.8814621335608438,0.7528806517982857,0.11820238828659058,0.19641015031874481,0.3981859486652525,0.3500000000000001,0.6165357276468387,0.7365692321444534,0.671228413163897,0.32078052995391704,5125,2947,0.6764214781615256,0.40000000000000013,0.005193064997628616
A_year,2025-04,6,hist_gradient_boosting,40320,0.4355406746031746,0.787184264617741,0.7390661970076653,0.18782272934913635,0.24584499536938617,0.23601158092752872,0.3500000000000001,0.6532315161322949,0.7355503672911565,0.6919512521762421,0.4904265873015873,6857,4644,0.6953311283747404,0.30000000000000004,0.0033798761984983328
A_year,2025-05,6,hist_gradient_boosting,41664,0.7179339477726574,0.8029549245861379,0.9160934931035194,0.15933993458747864,0.20250479440822464,0.21315475491277003,0.3500000000000001,0.7681352544349129,0.9250133725595079,0.8393065687895288,0.864559331797235,8352,2243,0.8396532534917625,0.40000000000000013,0.0003466847022336461
A_year,2025-06,6,hist_gradient_boosting,40320,0.6592261904761905,0.8299489895106694,0.9007622334534586,0.15712854266166687,0.2246470202664399,0.3005536308680772,0.3500000000000001,0.7752862900646151,0.9118510158013544,0.8380415614951073,0.7753472222222222,7025,2343,0.8380415614951073,0.3500000000000001,0.0
A_year,2025-07,6,hist_gradient_boosting,41664,0.7351190476190477,0.8246702911170173,0.9252979659091377,0.14469744265079498,0.194719033446712,0.2568911210706385,0.3500000000000001,0.8092966809663581,0.9362348178137652,0.8681501665152891,0.8504224270353302,6757,1953,0.8681501665152891,0.3500000000000001,0.0
A_year,2025-08,6,hist_gradient_boosting,41664,0.5460349462365591,0.8655212686224636,0.8909194294635572,0.14953398704528809,0.2478807837249971,0.39675038622121084,0.3500000000000001,0.7221633834639554,0.8991648351648351,0.8010024277547184,0.6798675115207373,7870,2294,0.8049222312449247,0.45000000000000007,0.003919803490206264
A_year,2025-09,6,hist_gradient_boosting,40320,0.8046378968253968,0.8342049485675037,0.9531212040798294,0.12028853595256805,0.1571957518177989,0.23478507172387808,0.3500000000000001,0.8321315258148255,0.9781771106247881,0.8992632473788609,0.945858134920635,6402,708,0.8992632473788609,0.3500000000000001,0.0
A_year,2025-10,6,hist_gradient_boosting,41664,0.6372647849462365,0.7714893676206406,0.8509911538441512,0.19247205555438995,0.23115837881366344,0.1673585160867498,0.3500000000000001,0.7467137009551067,0.8450905803924522,0.7928621908127208,0.721222158218126,7611,4113,0.8100448487547314,0.20000000000000004,0.01718265794201057
A_year,2025-11,6,hist_gradient_boosting,40320,0.36882440476190476,0.9328315686171722,0.8897373123378834,0.10221526026725769,0.23279296321393142,0.5609177405705164,0.3500000000000001,0.7906842644797539,0.8298702172012642,0.8098034712424949,0.3871031746031746,3267,2530,0.8098034712424949,0.3500000000000001,0.0
A_year,2025-12,6,hist_gradient_boosting,41664,0.11827956989247312,0.8874673179233931,0.5517946344923294,0.07351898401975632,0.10428951323852469,0.2950491210788555,0.3500000000000001,0.6277289481145449,0.4492694805194805,0.5237137788290952,0.0846534178187404,1313,2714,0.5341730332438571,0.25000000000000006,0.01045925441476192
A_year,2026-01,6,hist_gradient_boosting,41664,0.09802227342549923,0.9596793670075826,0.6815014242045287,0.050503749400377274,0.0884139073379959,0.42878048351253817,0.3500000000000001,0.6572742955721679,0.559745347698335,0.604601957154192,0.0834773425499232,1192,1798,0.6712679944784066,0.15000000000000002,0.06666603732421461
A_year,2026-02,6,hist_gradient_boosting,37632,0.2585831207482993,0.8561256400816236,0.6533299883723389,0.1320449560880661,0.19171789041236975,0.3112538647068981,0.3500000000000001,0.5725499716759731,0.7270578563354229,0.640619340818544,0.3283641581632653,5282,2656,0.6430668425307408,0.30000000000000004,0.0024475017121967646
A_year,2026-03,6,hist_gradient_boosting,41664,0.22417434715821813,0.7531955078359448,0.498970666261194,0.14980776607990265,0.17392020923440482,0.138640835706471,0.3500000000000001,0.49326062352093836,0.5132762312633833,0.5030694160239257,0.23327092933947774,4925,4546,0.5030694160239257,0.3500000000000001,0.0
A_year,2026-04,6,hist_gradient_boosting,40320,0.2551339285714286,0.8372648872410595,0.6530574051315285,0.13281573355197906,0.19004060706313777,0.3011191891854288,0.3500000000000001,0.5756739201039298,0.6892194031301643,0.6273503517232226,0.30545634920634923,5226,3197,0.6280500392221626,0.30000000000000004,0.0006996874989400048
A_year,2026-05,6,hist_gradient_boosting,41664,0.6297283026113671,0.7808633914788221,0.8583735158921059,0.18953470885753632,0.23317056750157356,0.18714136656095226,0.3500000000000001,0.7440660822656777,0.8411403742805961,0.7896309283145786,0.7118855606758833,7591,4168,0.7896309283145786,0.3500000000000001,0.0
A_year,2026-06,6,hist_gradient_boosting,40320,0.6950396825396825,0.8633159027437398,0.935294395253077,0.14424540102481842,0.21195952223481987,0.31946722891262325,0.3500000000000001,0.8191939075155701,0.9058664002283757,0.8603528036195415,0.7685763888888889,5603,2638,0.8603528036195415,0.3500000000000001,0.0
A_year,2026-07,6,hist_gradient_boosting,25296,0.6816097406704618,0.8132893250111682,0.9033488560285379,0.16741152107715607,0.21701790209360763,0.22858197659221013,0.3500000000000001,0.7882147024504084,0.8619069713490314,0.8234153368794326,0.7453352308665402,3993,2381,0.8255658449193813,0.20000000000000004,0.002150508039948762
