model,model_stage,horizon_h,feature,importance,is_neighbor_feature
lightgbm,strong_vs_rest,1,temperature_2m,785.0,False
lightgbm,strong_vs_rest,1,relative_humidity_2m,76.0,False
lightgbm,strong_vs_rest,1,pressure_msl,409.0,False
lightgbm,strong_vs_rest,1,surface_pressure,362.0,False
lightgbm,strong_vs_rest,1,dew_point_2m,614.0,False
lightgbm,strong_vs_rest,1,precipitation,257.0,False
lightgbm,strong_vs_rest,1,cloud_cover,156.0,False
lightgbm,strong_vs_rest,1,wind_speed_10m,566.0,False
lightgbm,strong_vs_rest,1,wind_direction_10m,1205.0,False
lightgbm,strong_vs_rest,1,temperature_dew_point_spread,208.0,False
lightgbm,strong_vs_rest,1,pressure_msl_change_3h,1320.0,False
lightgbm,strong_vs_rest,1,pressure_msl_change_6h,1509.0,False
lightgbm,strong_vs_rest,1,precipitation_lag_1h,278.0,False
lightgbm,strong_vs_rest,1,precipitation_lag_2h,191.0,False
lightgbm,strong_vs_rest,1,precipitation_lag_3h,259.0,False
lightgbm,strong_vs_rest,1,precipitation_lag_6h,236.0,False
lightgbm,strong_vs_rest,1,precipitation_sum_past_3h,242.0,False
lightgbm,strong_vs_rest,1,precipitation_sum_past_6h,302.0,False
lightgbm,strong_vs_rest,1,precipitation_sum_past_12h,423.0,False
lightgbm,strong_vs_rest,1,precipitation_sum_past_24h,755.0,False
lightgbm,strong_vs_rest,1,cloud_cover_lag_1h,327.0,False
lightgbm,strong_vs_rest,1,cloud_cover_lag_3h,412.0,False
lightgbm,strong_vs_rest,1,cloud_cover_lag_6h,447.0,False
lightgbm,strong_vs_rest,1,humidity_lag_1h,432.0,False
lightgbm,strong_vs_rest,1,humidity_lag_3h,582.0,False
lightgbm,strong_vs_rest,1,humidity_lag_6h,753.0,False
lightgbm,strong_vs_rest,1,wind_speed_lag_1h,714.0,False
lightgbm,strong_vs_rest,1,wind_speed_lag_3h,779.0,False
lightgbm,strong_vs_rest,1,hour_sin,832.0,False
lightgbm,strong_vs_rest,1,hour_cos,721.0,False
lightgbm,strong_vs_rest,1,month_sin,844.0,False
lightgbm,strong_vs_rest,1,month_cos,797.0,False
lightgbm,strong_vs_rest,1,grid_row,251.0,False
lightgbm,strong_vs_rest,1,grid_column,267.0,False
lightgbm,strong_vs_rest,1,latitude,44.0,False
lightgbm,strong_vs_rest,1,longitude,55.0,False
lightgbm,strong_vs_rest,1,neighbor_count,134.0,True
lightgbm,strong_vs_rest,1,neighbor_precipitation_mean,523.0,True
lightgbm,strong_vs_rest,1,neighbor_precipitation_max,559.0,True
lightgbm,strong_vs_rest,1,neighbor_precipitation_sum,136.0,True
lightgbm,strong_vs_rest,1,neighbor_rain_count,89.0,True
lightgbm,strong_vs_rest,1,neighbor_rain_rate,181.0,True
lightgbm,strong_vs_rest,1,neighbor_cloud_cover_mean,340.0,True
lightgbm,strong_vs_rest,1,neighbor_cloud_cover_max,289.0,True
lightgbm,strong_vs_rest,1,neighbor_relative_humidity_mean,324.0,True
lightgbm,strong_vs_rest,1,neighbor_relative_humidity_max,367.0,True
lightgbm,strong_vs_rest,1,neighbor_pressure_msl_mean,672.0,True
lightgbm,strong_vs_rest,1,neighbor_pressure_msl_min,916.0,True
lightgbm,strong_vs_rest,1,neighbor_pressure_msl_max,584.0,True
lightgbm,strong_vs_rest,1,neighbor_temperature_2m_mean,872.0,True
lightgbm,strong_vs_rest,1,neighbor_dew_point_2m_mean,1191.0,True
lightgbm,strong_vs_rest,1,neighbor_temperature_dew_point_spread_mean,340.0,True
lightgbm,strong_vs_rest,1,neighbor_wind_speed_10m_mean,614.0,True
lightgbm,strong_vs_rest,1,neighbor_wind_speed_10m_max,1039.0,True
lightgbm,strong_vs_rest,1,row_minus_precipitation_mean,363.0,True
lightgbm,strong_vs_rest,1,row_plus_precipitation_mean,209.0,True
lightgbm,strong_vs_rest,1,column_minus_precipitation_mean,298.0,True
lightgbm,strong_vs_rest,1,column_plus_precipitation_mean,200.0,True
lightgbm,strong_vs_rest,1,row_minus_cloud_cover_mean,243.0,True
lightgbm,strong_vs_rest,1,row_plus_cloud_cover_mean,256.0,True
lightgbm,strong_vs_rest,1,column_minus_cloud_cover_mean,237.0,True
lightgbm,strong_vs_rest,1,column_plus_cloud_cover_mean,309.0,True
lightgbm,strong_vs_rest,1,neighbor_precipitation_mean_minus_center,297.0,True
lightgbm,strong_vs_rest,1,neighbor_cloud_cover_mean_minus_center,158.0,True
lightgbm,strong_vs_rest,1,neighbor_relative_humidity_mean_minus_center,256.0,True
lightgbm,strong_vs_rest,1,center_pressure_msl_minus_neighbor_mean,594.0,True
lightgbm,light_vs_no_rain,1,temperature_2m,659.0,False
lightgbm,light_vs_no_rain,1,relative_humidity_2m,96.0,False
lightgbm,light_vs_no_rain,1,pressure_msl,359.0,False
lightgbm,light_vs_no_rain,1,surface_pressure,279.0,False
lightgbm,light_vs_no_rain,1,dew_point_2m,668.0,False
lightgbm,light_vs_no_rain,1,precipitation,297.0,False
lightgbm,light_vs_no_rain,1,cloud_cover,196.0,False
lightgbm,light_vs_no_rain,1,wind_speed_10m,398.0,False
lightgbm,light_vs_no_rain,1,wind_direction_10m,1605.0,False
lightgbm,light_vs_no_rain,1,temperature_dew_point_spread,198.0,False
lightgbm,light_vs_no_rain,1,pressure_msl_change_3h,1390.0,False
lightgbm,light_vs_no_rain,1,pressure_msl_change_6h,1622.0,False
lightgbm,light_vs_no_rain,1,precipitation_lag_1h,304.0,False
lightgbm,light_vs_no_rain,1,precipitation_lag_2h,107.0,False
lightgbm,light_vs_no_rain,1,precipitation_lag_3h,158.0,False
lightgbm,light_vs_no_rain,1,precipitation_lag_6h,144.0,False
lightgbm,light_vs_no_rain,1,precipitation_sum_past_3h,196.0,False
lightgbm,light_vs_no_rain,1,precipitation_sum_past_6h,289.0,False
lightgbm,light_vs_no_rain,1,precipitation_sum_past_12h,364.0,False
lightgbm,light_vs_no_rain,1,precipitation_sum_past_24h,642.0,False
lightgbm,light_vs_no_rain,1,cloud_cover_lag_1h,423.0,False
lightgbm,light_vs_no_rain,1,cloud_cover_lag_3h,437.0,False
lightgbm,light_vs_no_rain,1,cloud_cover_lag_6h,423.0,False
lightgbm,light_vs_no_rain,1,humidity_lag_1h,402.0,False
lightgbm,light_vs_no_rain,1,humidity_lag_3h,488.0,False
lightgbm,light_vs_no_rain,1,humidity_lag_6h,848.0,False
lightgbm,light_vs_no_rain,1,wind_speed_lag_1h,561.0,False
lightgbm,light_vs_no_rain,1,wind_speed_lag_3h,522.0,False
lightgbm,light_vs_no_rain,1,hour_sin,1213.0,False
lightgbm,light_vs_no_rain,1,hour_cos,1287.0,False
lightgbm,light_vs_no_rain,1,month_sin,981.0,False
lightgbm,light_vs_no_rain,1,month_cos,826.0,False
lightgbm,light_vs_no_rain,1,grid_row,235.0,False
lightgbm,light_vs_no_rain,1,grid_column,171.0,False
lightgbm,light_vs_no_rain,1,latitude,39.0,False
lightgbm,light_vs_no_rain,1,longitude,31.0,False
lightgbm,light_vs_no_rain,1,neighbor_count,80.0,True
lightgbm,light_vs_no_rain,1,neighbor_precipitation_mean,525.0,True
lightgbm,light_vs_no_rain,1,neighbor_precipitation_max,229.0,True
lightgbm,light_vs_no_rain,1,neighbor_precipitation_sum,76.0,True
lightgbm,light_vs_no_rain,1,neighbor_rain_count,71.0,True
lightgbm,light_vs_no_rain,1,neighbor_rain_rate,326.0,True
lightgbm,light_vs_no_rain,1,neighbor_cloud_cover_mean,378.0,True
lightgbm,light_vs_no_rain,1,neighbor_cloud_cover_max,285.0,True
lightgbm,light_vs_no_rain,1,neighbor_relative_humidity_mean,382.0,True
lightgbm,light_vs_no_rain,1,neighbor_relative_humidity_max,533.0,True
lightgbm,light_vs_no_rain,1,neighbor_pressure_msl_mean,875.0,True
lightgbm,light_vs_no_rain,1,neighbor_pressure_msl_min,863.0,True
lightgbm,light_vs_no_rain,1,neighbor_pressure_msl_max,680.0,True
lightgbm,light_vs_no_rain,1,neighbor_temperature_2m_mean,962.0,True
lightgbm,light_vs_no_rain,1,neighbor_dew_point_2m_mean,1306.0,True
lightgbm,light_vs_no_rain,1,neighbor_temperature_dew_point_spread_mean,427.0,True
lightgbm,light_vs_no_rain,1,neighbor_wind_speed_10m_mean,527.0,True
lightgbm,light_vs_no_rain,1,neighbor_wind_speed_10m_max,776.0,True
lightgbm,light_vs_no_rain,1,row_minus_precipitation_mean,223.0,True
lightgbm,light_vs_no_rain,1,row_plus_precipitation_mean,100.0,True
lightgbm,light_vs_no_rain,1,column_minus_precipitation_mean,307.0,True
lightgbm,light_vs_no_rain,1,column_plus_precipitation_mean,204.0,True
lightgbm,light_vs_no_rain,1,row_minus_cloud_cover_mean,343.0,True
lightgbm,light_vs_no_rain,1,row_plus_cloud_cover_mean,243.0,True
lightgbm,light_vs_no_rain,1,column_minus_cloud_cover_mean,213.0,True
lightgbm,light_vs_no_rain,1,column_plus_cloud_cover_mean,305.0,True
lightgbm,light_vs_no_rain,1,neighbor_precipitation_mean_minus_center,181.0,True
lightgbm,light_vs_no_rain,1,neighbor_cloud_cover_mean_minus_center,94.0,True
lightgbm,light_vs_no_rain,1,neighbor_relative_humidity_mean_minus_center,218.0,True
lightgbm,light_vs_no_rain,1,center_pressure_msl_minus_neighbor_mean,410.0,True
lightgbm,strong_vs_rest,2,temperature_2m,514.0,False
lightgbm,strong_vs_rest,2,relative_humidity_2m,65.0,False
lightgbm,strong_vs_rest,2,pressure_msl,483.0,False
lightgbm,strong_vs_rest,2,surface_pressure,332.0,False
lightgbm,strong_vs_rest,2,dew_point_2m,397.0,False
lightgbm,strong_vs_rest,2,precipitation,87.0,False
lightgbm,strong_vs_rest,2,cloud_cover,72.0,False
lightgbm,strong_vs_rest,2,wind_speed_10m,371.0,False
lightgbm,strong_vs_rest,2,wind_direction_10m,1439.0,False
lightgbm,strong_vs_rest,2,temperature_dew_point_spread,180.0,False
lightgbm,strong_vs_rest,2,pressure_msl_change_3h,1466.0,False
lightgbm,strong_vs_rest,2,pressure_msl_change_6h,1700.0,False
lightgbm,strong_vs_rest,2,precipitation_lag_1h,173.0,False
lightgbm,strong_vs_rest,2,precipitation_lag_2h,169.0,False
lightgbm,strong_vs_rest,2,precipitation_lag_3h,198.0,False
lightgbm,strong_vs_rest,2,precipitation_lag_6h,272.0,False
lightgbm,strong_vs_rest,2,precipitation_sum_past_3h,256.0,False
lightgbm,strong_vs_rest,2,precipitation_sum_past_6h,331.0,False
lightgbm,strong_vs_rest,2,precipitation_sum_past_12h,535.0,False
lightgbm,strong_vs_rest,2,precipitation_sum_past_24h,855.0,False
lightgbm,strong_vs_rest,2,cloud_cover_lag_1h,427.0,False
lightgbm,strong_vs_rest,2,cloud_cover_lag_3h,492.0,False
lightgbm,strong_vs_rest,2,cloud_cover_lag_6h,590.0,False
lightgbm,strong_vs_rest,2,humidity_lag_1h,366.0,False
lightgbm,strong_vs_rest,2,humidity_lag_3h,594.0,False
lightgbm,strong_vs_rest,2,humidity_lag_6h,884.0,False
lightgbm,strong_vs_rest,2,wind_speed_lag_1h,572.0,False
lightgbm,strong_vs_rest,2,wind_speed_lag_3h,816.0,False
lightgbm,strong_vs_rest,2,hour_sin,882.0,False
lightgbm,strong_vs_rest,2,hour_cos,820.0,False
lightgbm,strong_vs_rest,2,month_sin,1114.0,False
lightgbm,strong_vs_rest,2,month_cos,1025.0,False
lightgbm,strong_vs_rest,2,grid_row,245.0,False
lightgbm,strong_vs_rest,2,grid_column,243.0,False
lightgbm,strong_vs_rest,2,latitude,50.0,False
lightgbm,strong_vs_rest,2,longitude,53.0,False
lightgbm,strong_vs_rest,2,neighbor_count,74.0,True
lightgbm,strong_vs_rest,2,neighbor_precipitation_mean,397.0,True
lightgbm,strong_vs_rest,2,neighbor_precipitation_max,326.0,True
lightgbm,strong_vs_rest,2,neighbor_precipitation_sum,138.0,True
lightgbm,strong_vs_rest,2,neighbor_rain_count,49.0,True
lightgbm,strong_vs_rest,2,neighbor_rain_rate,162.0,True
lightgbm,strong_vs_rest,2,neighbor_cloud_cover_mean,399.0,True
lightgbm,strong_vs_rest,2,neighbor_cloud_cover_max,231.0,True
lightgbm,strong_vs_rest,2,neighbor_relative_humidity_mean,342.0,True
lightgbm,strong_vs_rest,2,neighbor_relative_humidity_max,389.0,True
lightgbm,strong_vs_rest,2,neighbor_pressure_msl_mean,1202.0,True
lightgbm,strong_vs_rest,2,neighbor_pressure_msl_min,941.0,True
lightgbm,strong_vs_rest,2,neighbor_pressure_msl_max,862.0,True
lightgbm,strong_vs_rest,2,neighbor_temperature_2m_mean,953.0,True
lightgbm,strong_vs_rest,2,neighbor_dew_point_2m_mean,1595.0,True
lightgbm,strong_vs_rest,2,neighbor_temperature_dew_point_spread_mean,359.0,True
lightgbm,strong_vs_rest,2,neighbor_wind_speed_10m_mean,773.0,True
lightgbm,strong_vs_rest,2,neighbor_wind_speed_10m_max,640.0,True
lightgbm,strong_vs_rest,2,row_minus_precipitation_mean,172.0,True
lightgbm,strong_vs_rest,2,row_plus_precipitation_mean,127.0,True
lightgbm,strong_vs_rest,2,column_minus_precipitation_mean,132.0,True
lightgbm,strong_vs_rest,2,column_plus_precipitation_mean,164.0,True
lightgbm,strong_vs_rest,2,row_minus_cloud_cover_mean,235.0,True
lightgbm,strong_vs_rest,2,row_plus_cloud_cover_mean,276.0,True
lightgbm,strong_vs_rest,2,column_minus_cloud_cover_mean,280.0,True
lightgbm,strong_vs_rest,2,column_plus_cloud_cover_mean,279.0,True
lightgbm,strong_vs_rest,2,neighbor_precipitation_mean_minus_center,100.0,True
lightgbm,strong_vs_rest,2,neighbor_cloud_cover_mean_minus_center,80.0,True
lightgbm,strong_vs_rest,2,neighbor_relative_humidity_mean_minus_center,135.0,True
lightgbm,strong_vs_rest,2,center_pressure_msl_minus_neighbor_mean,120.0,True
lightgbm,light_vs_no_rain,2,temperature_2m,511.0,False
lightgbm,light_vs_no_rain,2,relative_humidity_2m,49.0,False
lightgbm,light_vs_no_rain,2,pressure_msl,475.0,False
lightgbm,light_vs_no_rain,2,surface_pressure,277.0,False
lightgbm,light_vs_no_rain,2,dew_point_2m,531.0,False
lightgbm,light_vs_no_rain,2,precipitation,76.0,False
lightgbm,light_vs_no_rain,2,cloud_cover,84.0,False
lightgbm,light_vs_no_rain,2,wind_speed_10m,346.0,False
lightgbm,light_vs_no_rain,2,wind_direction_10m,1714.0,False
lightgbm,light_vs_no_rain,2,temperature_dew_point_spread,123.0,False
lightgbm,light_vs_no_rain,2,pressure_msl_change_3h,1390.0,False
lightgbm,light_vs_no_rain,2,pressure_msl_change_6h,1588.0,False
lightgbm,light_vs_no_rain,2,precipitation_lag_1h,142.0,False
lightgbm,light_vs_no_rain,2,precipitation_lag_2h,122.0,False
lightgbm,light_vs_no_rain,2,precipitation_lag_3h,160.0,False
lightgbm,light_vs_no_rain,2,precipitation_lag_6h,162.0,False
lightgbm,light_vs_no_rain,2,precipitation_sum_past_3h,213.0,False
lightgbm,light_vs_no_rain,2,precipitation_sum_past_6h,269.0,False
lightgbm,light_vs_no_rain,2,precipitation_sum_past_12h,441.0,False
lightgbm,light_vs_no_rain,2,precipitation_sum_past_24h,844.0,False
lightgbm,light_vs_no_rain,2,cloud_cover_lag_1h,320.0,False
lightgbm,light_vs_no_rain,2,cloud_cover_lag_3h,470.0,False
lightgbm,light_vs_no_rain,2,cloud_cover_lag_6h,578.0,False
lightgbm,light_vs_no_rain,2,humidity_lag_1h,349.0,False
lightgbm,light_vs_no_rain,2,humidity_lag_3h,482.0,False
lightgbm,light_vs_no_rain,2,humidity_lag_6h,1011.0,False
lightgbm,light_vs_no_rain,2,wind_speed_lag_1h,372.0,False
lightgbm,light_vs_no_rain,2,wind_speed_lag_3h,598.0,False
lightgbm,light_vs_no_rain,2,hour_sin,1234.0,False
lightgbm,light_vs_no_rain,2,hour_cos,1269.0,False
lightgbm,light_vs_no_rain,2,month_sin,1426.0,False
lightgbm,light_vs_no_rain,2,month_cos,1104.0,False
lightgbm,light_vs_no_rain,2,grid_row,235.0,False
lightgbm,light_vs_no_rain,2,grid_column,188.0,False
lightgbm,light_vs_no_rain,2,latitude,56.0,False
lightgbm,light_vs_no_rain,2,longitude,38.0,False
lightgbm,light_vs_no_rain,2,neighbor_count,36.0,True
lightgbm,light_vs_no_rain,2,neighbor_precipitation_mean,405.0,True
lightgbm,light_vs_no_rain,2,neighbor_precipitation_max,198.0,True
lightgbm,light_vs_no_rain,2,neighbor_precipitation_sum,58.0,True
lightgbm,light_vs_no_rain,2,neighbor_rain_count,40.0,True
lightgbm,light_vs_no_rain,2,neighbor_rain_rate,221.0,True
lightgbm,light_vs_no_rain,2,neighbor_cloud_cover_mean,396.0,True
lightgbm,light_vs_no_rain,2,neighbor_cloud_cover_max,335.0,True
lightgbm,light_vs_no_rain,2,neighbor_relative_humidity_mean,401.0,True
lightgbm,light_vs_no_rain,2,neighbor_relative_humidity_max,422.0,True
lightgbm,light_vs_no_rain,2,neighbor_pressure_msl_mean,1142.0,True
lightgbm,light_vs_no_rain,2,neighbor_pressure_msl_min,994.0,True
lightgbm,light_vs_no_rain,2,neighbor_pressure_msl_max,874.0,True
lightgbm,light_vs_no_rain,2,neighbor_temperature_2m_mean,1049.0,True
lightgbm,light_vs_no_rain,2,neighbor_dew_point_2m_mean,1654.0,True
lightgbm,light_vs_no_rain,2,neighbor_temperature_dew_point_spread_mean,407.0,True
lightgbm,light_vs_no_rain,2,neighbor_wind_speed_10m_mean,725.0,True
lightgbm,light_vs_no_rain,2,neighbor_wind_speed_10m_max,592.0,True
lightgbm,light_vs_no_rain,2,row_minus_precipitation_mean,142.0,True
lightgbm,light_vs_no_rain,2,row_plus_precipitation_mean,104.0,True
lightgbm,light_vs_no_rain,2,column_minus_precipitation_mean,116.0,True
lightgbm,light_vs_no_rain,2,column_plus_precipitation_mean,68.0,True
lightgbm,light_vs_no_rain,2,row_minus_cloud_cover_mean,322.0,True
lightgbm,light_vs_no_rain,2,row_plus_cloud_cover_mean,261.0,True
lightgbm,light_vs_no_rain,2,column_minus_cloud_cover_mean,225.0,True
lightgbm,light_vs_no_rain,2,column_plus_cloud_cover_mean,184.0,True
lightgbm,light_vs_no_rain,2,neighbor_precipitation_mean_minus_center,46.0,True
lightgbm,light_vs_no_rain,2,neighbor_cloud_cover_mean_minus_center,46.0,True
lightgbm,light_vs_no_rain,2,neighbor_relative_humidity_mean_minus_center,148.0,True
lightgbm,light_vs_no_rain,2,center_pressure_msl_minus_neighbor_mean,142.0,True
lightgbm,strong_vs_rest,3,temperature_2m,439.0,False
lightgbm,strong_vs_rest,3,relative_humidity_2m,71.0,False
lightgbm,strong_vs_rest,3,pressure_msl,503.0,False
lightgbm,strong_vs_rest,3,surface_pressure,405.0,False
lightgbm,strong_vs_rest,3,dew_point_2m,435.0,False
lightgbm,strong_vs_rest,3,precipitation,65.0,False
lightgbm,strong_vs_rest,3,cloud_cover,72.0,False
lightgbm,strong_vs_rest,3,wind_speed_10m,319.0,False
lightgbm,strong_vs_rest,3,wind_direction_10m,1539.0,False
lightgbm,strong_vs_rest,3,temperature_dew_point_spread,124.0,False
lightgbm,strong_vs_rest,3,pressure_msl_change_3h,1515.0,False
lightgbm,strong_vs_rest,3,pressure_msl_change_6h,1668.0,False
lightgbm,strong_vs_rest,3,precipitation_lag_1h,154.0,False
lightgbm,strong_vs_rest,3,precipitation_lag_2h,154.0,False
lightgbm,strong_vs_rest,3,precipitation_lag_3h,188.0,False
lightgbm,strong_vs_rest,3,precipitation_lag_6h,299.0,False
lightgbm,strong_vs_rest,3,precipitation_sum_past_3h,223.0,False
lightgbm,strong_vs_rest,3,precipitation_sum_past_6h,286.0,False
lightgbm,strong_vs_rest,3,precipitation_sum_past_12h,555.0,False
lightgbm,strong_vs_rest,3,precipitation_sum_past_24h,905.0,False
lightgbm,strong_vs_rest,3,cloud_cover_lag_1h,380.0,False
lightgbm,strong_vs_rest,3,cloud_cover_lag_3h,516.0,False
lightgbm,strong_vs_rest,3,cloud_cover_lag_6h,631.0,False
lightgbm,strong_vs_rest,3,humidity_lag_1h,407.0,False
lightgbm,strong_vs_rest,3,humidity_lag_3h,576.0,False
lightgbm,strong_vs_rest,3,humidity_lag_6h,870.0,False
lightgbm,strong_vs_rest,3,wind_speed_lag_1h,550.0,False
lightgbm,strong_vs_rest,3,wind_speed_lag_3h,820.0,False
lightgbm,strong_vs_rest,3,hour_sin,822.0,False
lightgbm,strong_vs_rest,3,hour_cos,920.0,False
lightgbm,strong_vs_rest,3,month_sin,1143.0,False
lightgbm,strong_vs_rest,3,month_cos,1067.0,False
lightgbm,strong_vs_rest,3,grid_row,275.0,False
lightgbm,strong_vs_rest,3,grid_column,287.0,False
lightgbm,strong_vs_rest,3,latitude,51.0,False
lightgbm,strong_vs_rest,3,longitude,69.0,False
lightgbm,strong_vs_rest,3,neighbor_count,61.0,True
lightgbm,strong_vs_rest,3,neighbor_precipitation_mean,332.0,True
lightgbm,strong_vs_rest,3,neighbor_precipitation_max,232.0,True
lightgbm,strong_vs_rest,3,neighbor_precipitation_sum,110.0,True
lightgbm,strong_vs_rest,3,neighbor_rain_count,29.0,True
lightgbm,strong_vs_rest,3,neighbor_rain_rate,152.0,True
lightgbm,strong_vs_rest,3,neighbor_cloud_cover_mean,422.0,True
lightgbm,strong_vs_rest,3,neighbor_cloud_cover_max,213.0,True
lightgbm,strong_vs_rest,3,neighbor_relative_humidity_mean,372.0,True
lightgbm,strong_vs_rest,3,neighbor_relative_humidity_max,422.0,True
lightgbm,strong_vs_rest,3,neighbor_pressure_msl_mean,1174.0,True
lightgbm,strong_vs_rest,3,neighbor_pressure_msl_min,997.0,True
lightgbm,strong_vs_rest,3,neighbor_pressure_msl_max,820.0,True
lightgbm,strong_vs_rest,3,neighbor_temperature_2m_mean,992.0,True
lightgbm,strong_vs_rest,3,neighbor_dew_point_2m_mean,1515.0,True
lightgbm,strong_vs_rest,3,neighbor_temperature_dew_point_spread_mean,345.0,True
lightgbm,strong_vs_rest,3,neighbor_wind_speed_10m_mean,764.0,True
lightgbm,strong_vs_rest,3,neighbor_wind_speed_10m_max,630.0,True
lightgbm,strong_vs_rest,3,row_minus_precipitation_mean,154.0,True
lightgbm,strong_vs_rest,3,row_plus_precipitation_mean,116.0,True
lightgbm,strong_vs_rest,3,column_minus_precipitation_mean,164.0,True
lightgbm,strong_vs_rest,3,column_plus_precipitation_mean,111.0,True
lightgbm,strong_vs_rest,3,row_minus_cloud_cover_mean,291.0,True
lightgbm,strong_vs_rest,3,row_plus_cloud_cover_mean,288.0,True
lightgbm,strong_vs_rest,3,column_minus_cloud_cover_mean,329.0,True
lightgbm,strong_vs_rest,3,column_plus_cloud_cover_mean,303.0,True
lightgbm,strong_vs_rest,3,neighbor_precipitation_mean_minus_center,74.0,True
lightgbm,strong_vs_rest,3,neighbor_cloud_cover_mean_minus_center,71.0,True
lightgbm,strong_vs_rest,3,neighbor_relative_humidity_mean_minus_center,137.0,True
lightgbm,strong_vs_rest,3,center_pressure_msl_minus_neighbor_mean,77.0,True
lightgbm,light_vs_no_rain,3,temperature_2m,431.0,False
lightgbm,light_vs_no_rain,3,relative_humidity_2m,60.0,False
lightgbm,light_vs_no_rain,3,pressure_msl,515.0,False
lightgbm,light_vs_no_rain,3,surface_pressure,326.0,False
lightgbm,light_vs_no_rain,3,dew_point_2m,484.0,False
lightgbm,light_vs_no_rain,3,precipitation,29.0,False
lightgbm,light_vs_no_rain,3,cloud_cover,51.0,False
lightgbm,light_vs_no_rain,3,wind_speed_10m,227.0,False
lightgbm,light_vs_no_rain,3,wind_direction_10m,1713.0,False
lightgbm,light_vs_no_rain,3,temperature_dew_point_spread,128.0,False
lightgbm,light_vs_no_rain,3,pressure_msl_change_3h,1293.0,False
lightgbm,light_vs_no_rain,3,pressure_msl_change_6h,1491.0,False
lightgbm,light_vs_no_rain,3,precipitation_lag_1h,98.0,False
lightgbm,light_vs_no_rain,3,precipitation_lag_2h,110.0,False
lightgbm,light_vs_no_rain,3,precipitation_lag_3h,181.0,False
lightgbm,light_vs_no_rain,3,precipitation_lag_6h,169.0,False
lightgbm,light_vs_no_rain,3,precipitation_sum_past_3h,171.0,False
lightgbm,light_vs_no_rain,3,precipitation_sum_past_6h,283.0,False
lightgbm,light_vs_no_rain,3,precipitation_sum_past_12h,515.0,False
lightgbm,light_vs_no_rain,3,precipitation_sum_past_24h,957.0,False
lightgbm,light_vs_no_rain,3,cloud_cover_lag_1h,374.0,False
lightgbm,light_vs_no_rain,3,cloud_cover_lag_3h,486.0,False
lightgbm,light_vs_no_rain,3,cloud_cover_lag_6h,710.0,False
lightgbm,light_vs_no_rain,3,humidity_lag_1h,293.0,False
lightgbm,light_vs_no_rain,3,humidity_lag_3h,590.0,False
lightgbm,light_vs_no_rain,3,humidity_lag_6h,1019.0,False
lightgbm,light_vs_no_rain,3,wind_speed_lag_1h,367.0,False
lightgbm,light_vs_no_rain,3,wind_speed_lag_3h,611.0,False
lightgbm,light_vs_no_rain,3,hour_sin,1038.0,False
lightgbm,light_vs_no_rain,3,hour_cos,1183.0,False
lightgbm,light_vs_no_rain,3,month_sin,1591.0,False
lightgbm,light_vs_no_rain,3,month_cos,1304.0,False
lightgbm,light_vs_no_rain,3,grid_row,265.0,False
lightgbm,light_vs_no_rain,3,grid_column,215.0,False
lightgbm,light_vs_no_rain,3,latitude,63.0,False
lightgbm,light_vs_no_rain,3,longitude,42.0,False
lightgbm,light_vs_no_rain,3,neighbor_count,28.0,True
lightgbm,light_vs_no_rain,3,neighbor_precipitation_mean,305.0,True
lightgbm,light_vs_no_rain,3,neighbor_precipitation_max,164.0,True
lightgbm,light_vs_no_rain,3,neighbor_precipitation_sum,70.0,True
lightgbm,light_vs_no_rain,3,neighbor_rain_count,36.0,True
lightgbm,light_vs_no_rain,3,neighbor_rain_rate,174.0,True
lightgbm,light_vs_no_rain,3,neighbor_cloud_cover_mean,424.0,True
lightgbm,light_vs_no_rain,3,neighbor_cloud_cover_max,306.0,True
lightgbm,light_vs_no_rain,3,neighbor_relative_humidity_mean,400.0,True
lightgbm,light_vs_no_rain,3,neighbor_relative_humidity_max,409.0,True
lightgbm,light_vs_no_rain,3,neighbor_pressure_msl_mean,1155.0,True
lightgbm,light_vs_no_rain,3,neighbor_pressure_msl_min,1069.0,True
lightgbm,light_vs_no_rain,3,neighbor_pressure_msl_max,859.0,True
lightgbm,light_vs_no_rain,3,neighbor_temperature_2m_mean,1053.0,True
lightgbm,light_vs_no_rain,3,neighbor_dew_point_2m_mean,1749.0,True
lightgbm,light_vs_no_rain,3,neighbor_temperature_dew_point_spread_mean,430.0,True
lightgbm,light_vs_no_rain,3,neighbor_wind_speed_10m_mean,710.0,True
lightgbm,light_vs_no_rain,3,neighbor_wind_speed_10m_max,639.0,True
lightgbm,light_vs_no_rain,3,row_minus_precipitation_mean,82.0,True
lightgbm,light_vs_no_rain,3,row_plus_precipitation_mean,70.0,True
lightgbm,light_vs_no_rain,3,column_minus_precipitation_mean,91.0,True
lightgbm,light_vs_no_rain,3,column_plus_precipitation_mean,60.0,True
lightgbm,light_vs_no_rain,3,row_minus_cloud_cover_mean,326.0,True
lightgbm,light_vs_no_rain,3,row_plus_cloud_cover_mean,228.0,True
lightgbm,light_vs_no_rain,3,column_minus_cloud_cover_mean,215.0,True
lightgbm,light_vs_no_rain,3,column_plus_cloud_cover_mean,193.0,True
lightgbm,light_vs_no_rain,3,neighbor_precipitation_mean_minus_center,54.0,True
lightgbm,light_vs_no_rain,3,neighbor_cloud_cover_mean_minus_center,56.0,True
lightgbm,light_vs_no_rain,3,neighbor_relative_humidity_mean_minus_center,166.0,True
lightgbm,light_vs_no_rain,3,center_pressure_msl_minus_neighbor_mean,96.0,True
lightgbm,strong_vs_rest,4,temperature_2m,489.0,False
lightgbm,strong_vs_rest,4,relative_humidity_2m,76.0,False
lightgbm,strong_vs_rest,4,pressure_msl,508.0,False
lightgbm,strong_vs_rest,4,surface_pressure,423.0,False
lightgbm,strong_vs_rest,4,dew_point_2m,438.0,False
lightgbm,strong_vs_rest,4,precipitation,61.0,False
lightgbm,strong_vs_rest,4,cloud_cover,54.0,False
lightgbm,strong_vs_rest,4,wind_speed_10m,265.0,False
lightgbm,strong_vs_rest,4,wind_direction_10m,1653.0,False
lightgbm,strong_vs_rest,4,temperature_dew_point_spread,158.0,False
lightgbm,strong_vs_rest,4,pressure_msl_change_3h,1470.0,False
lightgbm,strong_vs_rest,4,pressure_msl_change_6h,1569.0,False
lightgbm,strong_vs_rest,4,precipitation_lag_1h,134.0,False
lightgbm,strong_vs_rest,4,precipitation_lag_2h,177.0,False
lightgbm,strong_vs_rest,4,precipitation_lag_3h,201.0,False
lightgbm,strong_vs_rest,4,precipitation_lag_6h,271.0,False
lightgbm,strong_vs_rest,4,precipitation_sum_past_3h,241.0,False
lightgbm,strong_vs_rest,4,precipitation_sum_past_6h,322.0,False
lightgbm,strong_vs_rest,4,precipitation_sum_past_12h,512.0,False
lightgbm,strong_vs_rest,4,precipitation_sum_past_24h,923.0,False
lightgbm,strong_vs_rest,4,cloud_cover_lag_1h,449.0,False
lightgbm,strong_vs_rest,4,cloud_cover_lag_3h,499.0,False
lightgbm,strong_vs_rest,4,cloud_cover_lag_6h,614.0,False
lightgbm,strong_vs_rest,4,humidity_lag_1h,369.0,False
lightgbm,strong_vs_rest,4,humidity_lag_3h,654.0,False
lightgbm,strong_vs_rest,4,humidity_lag_6h,864.0,False
lightgbm,strong_vs_rest,4,wind_speed_lag_1h,542.0,False
lightgbm,strong_vs_rest,4,wind_speed_lag_3h,888.0,False
lightgbm,strong_vs_rest,4,hour_sin,865.0,False
lightgbm,strong_vs_rest,4,hour_cos,867.0,False
lightgbm,strong_vs_rest,4,month_sin,1141.0,False
lightgbm,strong_vs_rest,4,month_cos,1111.0,False
lightgbm,strong_vs_rest,4,grid_row,277.0,False
lightgbm,strong_vs_rest,4,grid_column,238.0,False
lightgbm,strong_vs_rest,4,latitude,42.0,False
lightgbm,strong_vs_rest,4,longitude,57.0,False
lightgbm,strong_vs_rest,4,neighbor_count,66.0,True
lightgbm,strong_vs_rest,4,neighbor_precipitation_mean,280.0,True
lightgbm,strong_vs_rest,4,neighbor_precipitation_max,217.0,True
lightgbm,strong_vs_rest,4,neighbor_precipitation_sum,94.0,True
lightgbm,strong_vs_rest,4,neighbor_rain_count,39.0,True
lightgbm,strong_vs_rest,4,neighbor_rain_rate,131.0,True
lightgbm,strong_vs_rest,4,neighbor_cloud_cover_mean,376.0,True
lightgbm,strong_vs_rest,4,neighbor_cloud_cover_max,186.0,True
lightgbm,strong_vs_rest,4,neighbor_relative_humidity_mean,415.0,True
lightgbm,strong_vs_rest,4,neighbor_relative_humidity_max,472.0,True
lightgbm,strong_vs_rest,4,neighbor_pressure_msl_mean,1267.0,True
lightgbm,strong_vs_rest,4,neighbor_pressure_msl_min,928.0,True
lightgbm,strong_vs_rest,4,neighbor_pressure_msl_max,895.0,True
lightgbm,strong_vs_rest,4,neighbor_temperature_2m_mean,1001.0,True
lightgbm,strong_vs_rest,4,neighbor_dew_point_2m_mean,1537.0,True
lightgbm,strong_vs_rest,4,neighbor_temperature_dew_point_spread_mean,348.0,True
lightgbm,strong_vs_rest,4,neighbor_wind_speed_10m_mean,713.0,True
lightgbm,strong_vs_rest,4,neighbor_wind_speed_10m_max,609.0,True
lightgbm,strong_vs_rest,4,row_minus_precipitation_mean,136.0,True
lightgbm,strong_vs_rest,4,row_plus_precipitation_mean,102.0,True
lightgbm,strong_vs_rest,4,column_minus_precipitation_mean,145.0,True
lightgbm,strong_vs_rest,4,column_plus_precipitation_mean,127.0,True
lightgbm,strong_vs_rest,4,row_minus_cloud_cover_mean,267.0,True
lightgbm,strong_vs_rest,4,row_plus_cloud_cover_mean,260.0,True
lightgbm,strong_vs_rest,4,column_minus_cloud_cover_mean,258.0,True
lightgbm,strong_vs_rest,4,column_plus_cloud_cover_mean,299.0,True
lightgbm,strong_vs_rest,4,neighbor_precipitation_mean_minus_center,93.0,True
lightgbm,strong_vs_rest,4,neighbor_cloud_cover_mean_minus_center,108.0,True
lightgbm,strong_vs_rest,4,neighbor_relative_humidity_mean_minus_center,142.0,True
lightgbm,strong_vs_rest,4,center_pressure_msl_minus_neighbor_mean,67.0,True
lightgbm,light_vs_no_rain,4,temperature_2m,412.0,False
lightgbm,light_vs_no_rain,4,relative_humidity_2m,50.0,False
lightgbm,light_vs_no_rain,4,pressure_msl,512.0,False
lightgbm,light_vs_no_rain,4,surface_pressure,307.0,False
lightgbm,light_vs_no_rain,4,dew_point_2m,492.0,False
lightgbm,light_vs_no_rain,4,precipitation,22.0,False
lightgbm,light_vs_no_rain,4,cloud_cover,52.0,False
lightgbm,light_vs_no_rain,4,wind_speed_10m,183.0,False
lightgbm,light_vs_no_rain,4,wind_direction_10m,1864.0,False
lightgbm,light_vs_no_rain,4,temperature_dew_point_spread,93.0,False
lightgbm,light_vs_no_rain,4,pressure_msl_change_3h,1268.0,False
lightgbm,light_vs_no_rain,4,pressure_msl_change_6h,1490.0,False
lightgbm,light_vs_no_rain,4,precipitation_lag_1h,98.0,False
lightgbm,light_vs_no_rain,4,precipitation_lag_2h,126.0,False
lightgbm,light_vs_no_rain,4,precipitation_lag_3h,185.0,False
lightgbm,light_vs_no_rain,4,precipitation_lag_6h,191.0,False
lightgbm,light_vs_no_rain,4,precipitation_sum_past_3h,143.0,False
lightgbm,light_vs_no_rain,4,precipitation_sum_past_6h,281.0,False
lightgbm,light_vs_no_rain,4,precipitation_sum_past_12h,512.0,False
lightgbm,light_vs_no_rain,4,precipitation_sum_past_24h,890.0,False
lightgbm,light_vs_no_rain,4,cloud_cover_lag_1h,344.0,False
lightgbm,light_vs_no_rain,4,cloud_cover_lag_3h,516.0,False
lightgbm,light_vs_no_rain,4,cloud_cover_lag_6h,681.0,False
lightgbm,light_vs_no_rain,4,humidity_lag_1h,307.0,False
lightgbm,light_vs_no_rain,4,humidity_lag_3h,645.0,False
lightgbm,light_vs_no_rain,4,humidity_lag_6h,1123.0,False
lightgbm,light_vs_no_rain,4,wind_speed_lag_1h,345.0,False
lightgbm,light_vs_no_rain,4,wind_speed_lag_3h,600.0,False
lightgbm,light_vs_no_rain,4,hour_sin,968.0,False
lightgbm,light_vs_no_rain,4,hour_cos,1015.0,False
lightgbm,light_vs_no_rain,4,month_sin,1612.0,False
lightgbm,light_vs_no_rain,4,month_cos,1365.0,False
lightgbm,light_vs_no_rain,4,grid_row,279.0,False
lightgbm,light_vs_no_rain,4,grid_column,210.0,False
lightgbm,light_vs_no_rain,4,latitude,57.0,False
lightgbm,light_vs_no_rain,4,longitude,37.0,False
lightgbm,light_vs_no_rain,4,neighbor_count,10.0,True
lightgbm,light_vs_no_rain,4,neighbor_precipitation_mean,361.0,True
lightgbm,light_vs_no_rain,4,neighbor_precipitation_max,178.0,True
lightgbm,light_vs_no_rain,4,neighbor_precipitation_sum,71.0,True
lightgbm,light_vs_no_rain,4,neighbor_rain_count,36.0,True
lightgbm,light_vs_no_rain,4,neighbor_rain_rate,146.0,True
lightgbm,light_vs_no_rain,4,neighbor_cloud_cover_mean,495.0,True
lightgbm,light_vs_no_rain,4,neighbor_cloud_cover_max,244.0,True
lightgbm,light_vs_no_rain,4,neighbor_relative_humidity_mean,431.0,True
lightgbm,light_vs_no_rain,4,neighbor_relative_humidity_max,370.0,True
lightgbm,light_vs_no_rain,4,neighbor_pressure_msl_mean,1183.0,True
lightgbm,light_vs_no_rain,4,neighbor_pressure_msl_min,1010.0,True
lightgbm,light_vs_no_rain,4,neighbor_pressure_msl_max,950.0,True
lightgbm,light_vs_no_rain,4,neighbor_temperature_2m_mean,1080.0,True
lightgbm,light_vs_no_rain,4,neighbor_dew_point_2m_mean,1829.0,True
lightgbm,light_vs_no_rain,4,neighbor_temperature_dew_point_spread_mean,336.0,True
lightgbm,light_vs_no_rain,4,neighbor_wind_speed_10m_mean,787.0,True
lightgbm,light_vs_no_rain,4,neighbor_wind_speed_10m_max,627.0,True
lightgbm,light_vs_no_rain,4,row_minus_precipitation_mean,80.0,True
lightgbm,light_vs_no_rain,4,row_plus_precipitation_mean,55.0,True
lightgbm,light_vs_no_rain,4,column_minus_precipitation_mean,119.0,True
lightgbm,light_vs_no_rain,4,column_plus_precipitation_mean,54.0,True
lightgbm,light_vs_no_rain,4,row_minus_cloud_cover_mean,309.0,True
lightgbm,light_vs_no_rain,4,row_plus_cloud_cover_mean,218.0,True
lightgbm,light_vs_no_rain,4,column_minus_cloud_cover_mean,238.0,True
lightgbm,light_vs_no_rain,4,column_plus_cloud_cover_mean,219.0,True
lightgbm,light_vs_no_rain,4,neighbor_precipitation_mean_minus_center,35.0,True
lightgbm,light_vs_no_rain,4,neighbor_cloud_cover_mean_minus_center,43.0,True
lightgbm,light_vs_no_rain,4,neighbor_relative_humidity_mean_minus_center,123.0,True
lightgbm,light_vs_no_rain,4,center_pressure_msl_minus_neighbor_mean,88.0,True
lightgbm,strong_vs_rest,5,temperature_2m,427.0,False
lightgbm,strong_vs_rest,5,relative_humidity_2m,86.0,False
lightgbm,strong_vs_rest,5,pressure_msl,517.0,False
lightgbm,strong_vs_rest,5,surface_pressure,398.0,False
lightgbm,strong_vs_rest,5,dew_point_2m,445.0,False
lightgbm,strong_vs_rest,5,precipitation,43.0,False
lightgbm,strong_vs_rest,5,cloud_cover,72.0,False
lightgbm,strong_vs_rest,5,wind_speed_10m,330.0,False
lightgbm,strong_vs_rest,5,wind_direction_10m,1590.0,False
lightgbm,strong_vs_rest,5,temperature_dew_point_spread,162.0,False
lightgbm,strong_vs_rest,5,pressure_msl_change_3h,1464.0,False
lightgbm,strong_vs_rest,5,pressure_msl_change_6h,1737.0,False
lightgbm,strong_vs_rest,5,precipitation_lag_1h,147.0,False
lightgbm,strong_vs_rest,5,precipitation_lag_2h,168.0,False
lightgbm,strong_vs_rest,5,precipitation_lag_3h,179.0,False
lightgbm,strong_vs_rest,5,precipitation_lag_6h,259.0,False
lightgbm,strong_vs_rest,5,precipitation_sum_past_3h,188.0,False
lightgbm,strong_vs_rest,5,precipitation_sum_past_6h,330.0,False
lightgbm,strong_vs_rest,5,precipitation_sum_past_12h,526.0,False
lightgbm,strong_vs_rest,5,precipitation_sum_past_24h,928.0,False
lightgbm,strong_vs_rest,5,cloud_cover_lag_1h,372.0,False
lightgbm,strong_vs_rest,5,cloud_cover_lag_3h,506.0,False
lightgbm,strong_vs_rest,5,cloud_cover_lag_6h,653.0,False
lightgbm,strong_vs_rest,5,humidity_lag_1h,361.0,False
lightgbm,strong_vs_rest,5,humidity_lag_3h,632.0,False
lightgbm,strong_vs_rest,5,humidity_lag_6h,922.0,False
lightgbm,strong_vs_rest,5,wind_speed_lag_1h,550.0,False
lightgbm,strong_vs_rest,5,wind_speed_lag_3h,895.0,False
lightgbm,strong_vs_rest,5,hour_sin,822.0,False
lightgbm,strong_vs_rest,5,hour_cos,756.0,False
lightgbm,strong_vs_rest,5,month_sin,1117.0,False
lightgbm,strong_vs_rest,5,month_cos,1089.0,False
lightgbm,strong_vs_rest,5,grid_row,253.0,False
lightgbm,strong_vs_rest,5,grid_column,226.0,False
lightgbm,strong_vs_rest,5,latitude,52.0,False
lightgbm,strong_vs_rest,5,longitude,54.0,False
lightgbm,strong_vs_rest,5,neighbor_count,61.0,True
lightgbm,strong_vs_rest,5,neighbor_precipitation_mean,297.0,True
lightgbm,strong_vs_rest,5,neighbor_precipitation_max,251.0,True
lightgbm,strong_vs_rest,5,neighbor_precipitation_sum,90.0,True
lightgbm,strong_vs_rest,5,neighbor_rain_count,39.0,True
lightgbm,strong_vs_rest,5,neighbor_rain_rate,148.0,True
lightgbm,strong_vs_rest,5,neighbor_cloud_cover_mean,479.0,True
lightgbm,strong_vs_rest,5,neighbor_cloud_cover_max,187.0,True
lightgbm,strong_vs_rest,5,neighbor_relative_humidity_mean,345.0,True
lightgbm,strong_vs_rest,5,neighbor_relative_humidity_max,424.0,True
lightgbm,strong_vs_rest,5,neighbor_pressure_msl_mean,1161.0,True
lightgbm,strong_vs_rest,5,neighbor_pressure_msl_min,922.0,True
lightgbm,strong_vs_rest,5,neighbor_pressure_msl_max,930.0,True
lightgbm,strong_vs_rest,5,neighbor_temperature_2m_mean,985.0,True
lightgbm,strong_vs_rest,5,neighbor_dew_point_2m_mean,1598.0,True
lightgbm,strong_vs_rest,5,neighbor_temperature_dew_point_spread_mean,358.0,True
lightgbm,strong_vs_rest,5,neighbor_wind_speed_10m_mean,700.0,True
lightgbm,strong_vs_rest,5,neighbor_wind_speed_10m_max,614.0,True
lightgbm,strong_vs_rest,5,row_minus_precipitation_mean,137.0,True
lightgbm,strong_vs_rest,5,row_plus_precipitation_mean,112.0,True
lightgbm,strong_vs_rest,5,column_minus_precipitation_mean,142.0,True
lightgbm,strong_vs_rest,5,column_plus_precipitation_mean,112.0,True
lightgbm,strong_vs_rest,5,row_minus_cloud_cover_mean,285.0,True
lightgbm,strong_vs_rest,5,row_plus_cloud_cover_mean,297.0,True
lightgbm,strong_vs_rest,5,column_minus_cloud_cover_mean,316.0,True
lightgbm,strong_vs_rest,5,column_plus_cloud_cover_mean,257.0,True
lightgbm,strong_vs_rest,5,neighbor_precipitation_mean_minus_center,106.0,True
lightgbm,strong_vs_rest,5,neighbor_cloud_cover_mean_minus_center,127.0,True
lightgbm,strong_vs_rest,5,neighbor_relative_humidity_mean_minus_center,178.0,True
lightgbm,strong_vs_rest,5,center_pressure_msl_minus_neighbor_mean,86.0,True
lightgbm,light_vs_no_rain,5,temperature_2m,429.0,False
lightgbm,light_vs_no_rain,5,relative_humidity_2m,52.0,False
lightgbm,light_vs_no_rain,5,pressure_msl,484.0,False
lightgbm,light_vs_no_rain,5,surface_pressure,321.0,False
lightgbm,light_vs_no_rain,5,dew_point_2m,456.0,False
lightgbm,light_vs_no_rain,5,precipitation,18.0,False
lightgbm,light_vs_no_rain,5,cloud_cover,35.0,False
lightgbm,light_vs_no_rain,5,wind_speed_10m,153.0,False
lightgbm,light_vs_no_rain,5,wind_direction_10m,1827.0,False
lightgbm,light_vs_no_rain,5,temperature_dew_point_spread,106.0,False
lightgbm,light_vs_no_rain,5,pressure_msl_change_3h,1197.0,False
lightgbm,light_vs_no_rain,5,pressure_msl_change_6h,1520.0,False
lightgbm,light_vs_no_rain,5,precipitation_lag_1h,83.0,False
lightgbm,light_vs_no_rain,5,precipitation_lag_2h,118.0,False
lightgbm,light_vs_no_rain,5,precipitation_lag_3h,139.0,False
lightgbm,light_vs_no_rain,5,precipitation_lag_6h,180.0,False
lightgbm,light_vs_no_rain,5,precipitation_sum_past_3h,126.0,False
lightgbm,light_vs_no_rain,5,precipitation_sum_past_6h,301.0,False
lightgbm,light_vs_no_rain,5,precipitation_sum_past_12h,515.0,False
lightgbm,light_vs_no_rain,5,precipitation_sum_past_24h,907.0,False
lightgbm,light_vs_no_rain,5,cloud_cover_lag_1h,279.0,False
lightgbm,light_vs_no_rain,5,cloud_cover_lag_3h,502.0,False
lightgbm,light_vs_no_rain,5,cloud_cover_lag_6h,645.0,False
lightgbm,light_vs_no_rain,5,humidity_lag_1h,265.0,False
lightgbm,light_vs_no_rain,5,humidity_lag_3h,622.0,False
lightgbm,light_vs_no_rain,5,humidity_lag_6h,1074.0,False
lightgbm,light_vs_no_rain,5,wind_speed_lag_1h,311.0,False
lightgbm,light_vs_no_rain,5,wind_speed_lag_3h,722.0,False
lightgbm,light_vs_no_rain,5,hour_sin,1045.0,False
lightgbm,light_vs_no_rain,5,hour_cos,1158.0,False
lightgbm,light_vs_no_rain,5,month_sin,1605.0,False
lightgbm,light_vs_no_rain,5,month_cos,1354.0,False
lightgbm,light_vs_no_rain,5,grid_row,300.0,False
lightgbm,light_vs_no_rain,5,grid_column,201.0,False
lightgbm,light_vs_no_rain,5,latitude,64.0,False
lightgbm,light_vs_no_rain,5,longitude,46.0,False
lightgbm,light_vs_no_rain,5,neighbor_count,11.0,True
lightgbm,light_vs_no_rain,5,neighbor_precipitation_mean,296.0,True
lightgbm,light_vs_no_rain,5,neighbor_precipitation_max,194.0,True
lightgbm,light_vs_no_rain,5,neighbor_precipitation_sum,57.0,True
lightgbm,light_vs_no_rain,5,neighbor_rain_count,36.0,True
lightgbm,light_vs_no_rain,5,neighbor_rain_rate,135.0,True
lightgbm,light_vs_no_rain,5,neighbor_cloud_cover_mean,492.0,True
lightgbm,light_vs_no_rain,5,neighbor_cloud_cover_max,260.0,True
lightgbm,light_vs_no_rain,5,neighbor_relative_humidity_mean,391.0,True
lightgbm,light_vs_no_rain,5,neighbor_relative_humidity_max,363.0,True
lightgbm,light_vs_no_rain,5,neighbor_pressure_msl_mean,1337.0,True
lightgbm,light_vs_no_rain,5,neighbor_pressure_msl_min,1109.0,True
lightgbm,light_vs_no_rain,5,neighbor_pressure_msl_max,992.0,True
lightgbm,light_vs_no_rain,5,neighbor_temperature_2m_mean,1091.0,True
lightgbm,light_vs_no_rain,5,neighbor_dew_point_2m_mean,1770.0,True
lightgbm,light_vs_no_rain,5,neighbor_temperature_dew_point_spread_mean,399.0,True
lightgbm,light_vs_no_rain,5,neighbor_wind_speed_10m_mean,764.0,True
lightgbm,light_vs_no_rain,5,neighbor_wind_speed_10m_max,591.0,True
lightgbm,light_vs_no_rain,5,row_minus_precipitation_mean,84.0,True
lightgbm,light_vs_no_rain,5,row_plus_precipitation_mean,58.0,True
lightgbm,light_vs_no_rain,5,column_minus_precipitation_mean,100.0,True
lightgbm,light_vs_no_rain,5,column_plus_precipitation_mean,57.0,True
lightgbm,light_vs_no_rain,5,row_minus_cloud_cover_mean,296.0,True
lightgbm,light_vs_no_rain,5,row_plus_cloud_cover_mean,219.0,True
lightgbm,light_vs_no_rain,5,column_minus_cloud_cover_mean,273.0,True
lightgbm,light_vs_no_rain,5,column_plus_cloud_cover_mean,228.0,True
lightgbm,light_vs_no_rain,5,neighbor_precipitation_mean_minus_center,33.0,True
lightgbm,light_vs_no_rain,5,neighbor_cloud_cover_mean_minus_center,44.0,True
lightgbm,light_vs_no_rain,5,neighbor_relative_humidity_mean_minus_center,100.0,True
lightgbm,light_vs_no_rain,5,center_pressure_msl_minus_neighbor_mean,60.0,True
lightgbm,strong_vs_rest,6,temperature_2m,405.0,False
lightgbm,strong_vs_rest,6,relative_humidity_2m,64.0,False
lightgbm,strong_vs_rest,6,pressure_msl,507.0,False
lightgbm,strong_vs_rest,6,surface_pressure,366.0,False
lightgbm,strong_vs_rest,6,dew_point_2m,450.0,False
lightgbm,strong_vs_rest,6,precipitation,50.0,False
lightgbm,strong_vs_rest,6,cloud_cover,57.0,False
lightgbm,strong_vs_rest,6,wind_speed_10m,258.0,False
lightgbm,strong_vs_rest,6,wind_direction_10m,1577.0,False
lightgbm,strong_vs_rest,6,temperature_dew_point_spread,147.0,False
lightgbm,strong_vs_rest,6,pressure_msl_change_3h,1428.0,False
lightgbm,strong_vs_rest,6,pressure_msl_change_6h,1647.0,False
lightgbm,strong_vs_rest,6,precipitation_lag_1h,141.0,False
lightgbm,strong_vs_rest,6,precipitation_lag_2h,162.0,False
lightgbm,strong_vs_rest,6,precipitation_lag_3h,218.0,False
lightgbm,strong_vs_rest,6,precipitation_lag_6h,254.0,False
lightgbm,strong_vs_rest,6,precipitation_sum_past_3h,186.0,False
lightgbm,strong_vs_rest,6,precipitation_sum_past_6h,363.0,False
lightgbm,strong_vs_rest,6,precipitation_sum_past_12h,505.0,False
lightgbm,strong_vs_rest,6,precipitation_sum_past_24h,935.0,False
lightgbm,strong_vs_rest,6,cloud_cover_lag_1h,389.0,False
lightgbm,strong_vs_rest,6,cloud_cover_lag_3h,495.0,False
lightgbm,strong_vs_rest,6,cloud_cover_lag_6h,714.0,False
lightgbm,strong_vs_rest,6,humidity_lag_1h,336.0,False
lightgbm,strong_vs_rest,6,humidity_lag_3h,631.0,False
lightgbm,strong_vs_rest,6,humidity_lag_6h,915.0,False
lightgbm,strong_vs_rest,6,wind_speed_lag_1h,582.0,False
lightgbm,strong_vs_rest,6,wind_speed_lag_3h,839.0,False
lightgbm,strong_vs_rest,6,hour_sin,866.0,False
lightgbm,strong_vs_rest,6,hour_cos,803.0,False
lightgbm,strong_vs_rest,6,month_sin,1211.0,False
lightgbm,strong_vs_rest,6,month_cos,1157.0,False
lightgbm,strong_vs_rest,6,grid_row,242.0,False
lightgbm,strong_vs_rest,6,grid_column,248.0,False
lightgbm,strong_vs_rest,6,latitude,50.0,False
lightgbm,strong_vs_rest,6,longitude,52.0,False
lightgbm,strong_vs_rest,6,neighbor_count,53.0,True
lightgbm,strong_vs_rest,6,neighbor_precipitation_mean,260.0,True
lightgbm,strong_vs_rest,6,neighbor_precipitation_max,274.0,True
lightgbm,strong_vs_rest,6,neighbor_precipitation_sum,96.0,True
lightgbm,strong_vs_rest,6,neighbor_rain_count,44.0,True
lightgbm,strong_vs_rest,6,neighbor_rain_rate,125.0,True
lightgbm,strong_vs_rest,6,neighbor_cloud_cover_mean,400.0,True
lightgbm,strong_vs_rest,6,neighbor_cloud_cover_max,195.0,True
lightgbm,strong_vs_rest,6,neighbor_relative_humidity_mean,366.0,True
lightgbm,strong_vs_rest,6,neighbor_relative_humidity_max,419.0,True
lightgbm,strong_vs_rest,6,neighbor_pressure_msl_mean,1185.0,True
lightgbm,strong_vs_rest,6,neighbor_pressure_msl_min,941.0,True
lightgbm,strong_vs_rest,6,neighbor_pressure_msl_max,986.0,True
lightgbm,strong_vs_rest,6,neighbor_temperature_2m_mean,1017.0,True
lightgbm,strong_vs_rest,6,neighbor_dew_point_2m_mean,1645.0,True
lightgbm,strong_vs_rest,6,neighbor_temperature_dew_point_spread_mean,404.0,True
lightgbm,strong_vs_rest,6,neighbor_wind_speed_10m_mean,811.0,True
lightgbm,strong_vs_rest,6,neighbor_wind_speed_10m_max,596.0,True
lightgbm,strong_vs_rest,6,row_minus_precipitation_mean,128.0,True
lightgbm,strong_vs_rest,6,row_plus_precipitation_mean,118.0,True
lightgbm,strong_vs_rest,6,column_minus_precipitation_mean,110.0,True
lightgbm,strong_vs_rest,6,column_plus_precipitation_mean,105.0,True
lightgbm,strong_vs_rest,6,row_minus_cloud_cover_mean,246.0,True
lightgbm,strong_vs_rest,6,row_plus_cloud_cover_mean,274.0,True
lightgbm,strong_vs_rest,6,column_minus_cloud_cover_mean,254.0,True
lightgbm,strong_vs_rest,6,column_plus_cloud_cover_mean,258.0,True
lightgbm,strong_vs_rest,6,neighbor_precipitation_mean_minus_center,85.0,True
lightgbm,strong_vs_rest,6,neighbor_cloud_cover_mean_minus_center,132.0,True
lightgbm,strong_vs_rest,6,neighbor_relative_humidity_mean_minus_center,156.0,True
lightgbm,strong_vs_rest,6,center_pressure_msl_minus_neighbor_mean,67.0,True
lightgbm,light_vs_no_rain,6,temperature_2m,377.0,False
lightgbm,light_vs_no_rain,6,relative_humidity_2m,38.0,False
lightgbm,light_vs_no_rain,6,pressure_msl,528.0,False
lightgbm,light_vs_no_rain,6,surface_pressure,320.0,False
lightgbm,light_vs_no_rain,6,dew_point_2m,407.0,False
lightgbm,light_vs_no_rain,6,precipitation,13.0,False
lightgbm,light_vs_no_rain,6,cloud_cover,48.0,False
lightgbm,light_vs_no_rain,6,wind_speed_10m,138.0,False
lightgbm,light_vs_no_rain,6,wind_direction_10m,1790.0,False
lightgbm,light_vs_no_rain,6,temperature_dew_point_spread,90.0,False
lightgbm,light_vs_no_rain,6,pressure_msl_change_3h,1297.0,False
lightgbm,light_vs_no_rain,6,pressure_msl_change_6h,1488.0,False
lightgbm,light_vs_no_rain,6,precipitation_lag_1h,67.0,False
lightgbm,light_vs_no_rain,6,precipitation_lag_2h,109.0,False
lightgbm,light_vs_no_rain,6,precipitation_lag_3h,144.0,False
lightgbm,light_vs_no_rain,6,precipitation_lag_6h,174.0,False
lightgbm,light_vs_no_rain,6,precipitation_sum_past_3h,129.0,False
lightgbm,light_vs_no_rain,6,precipitation_sum_past_6h,306.0,False
lightgbm,light_vs_no_rain,6,precipitation_sum_past_12h,552.0,False
lightgbm,light_vs_no_rain,6,precipitation_sum_past_24h,908.0,False
lightgbm,light_vs_no_rain,6,cloud_cover_lag_1h,329.0,False
lightgbm,light_vs_no_rain,6,cloud_cover_lag_3h,528.0,False
lightgbm,light_vs_no_rain,6,cloud_cover_lag_6h,755.0,False
lightgbm,light_vs_no_rain,6,humidity_lag_1h,312.0,False
lightgbm,light_vs_no_rain,6,humidity_lag_3h,601.0,False
lightgbm,light_vs_no_rain,6,humidity_lag_6h,930.0,False
lightgbm,light_vs_no_rain,6,wind_speed_lag_1h,396.0,False
lightgbm,light_vs_no_rain,6,wind_speed_lag_3h,686.0,False
lightgbm,light_vs_no_rain,6,hour_sin,1031.0,False
lightgbm,light_vs_no_rain,6,hour_cos,1110.0,False
lightgbm,light_vs_no_rain,6,month_sin,1679.0,False
lightgbm,light_vs_no_rain,6,month_cos,1383.0,False
lightgbm,light_vs_no_rain,6,grid_row,321.0,False
lightgbm,light_vs_no_rain,6,grid_column,200.0,False
lightgbm,light_vs_no_rain,6,latitude,60.0,False
lightgbm,light_vs_no_rain,6,longitude,47.0,False
lightgbm,light_vs_no_rain,6,neighbor_count,6.0,True
lightgbm,light_vs_no_rain,6,neighbor_precipitation_mean,294.0,True
lightgbm,light_vs_no_rain,6,neighbor_precipitation_max,196.0,True
lightgbm,light_vs_no_rain,6,neighbor_precipitation_sum,54.0,True
lightgbm,light_vs_no_rain,6,neighbor_rain_count,21.0,True
lightgbm,light_vs_no_rain,6,neighbor_rain_rate,152.0,True
lightgbm,light_vs_no_rain,6,neighbor_cloud_cover_mean,500.0,True
lightgbm,light_vs_no_rain,6,neighbor_cloud_cover_max,250.0,True
lightgbm,light_vs_no_rain,6,neighbor_relative_humidity_mean,414.0,True
lightgbm,light_vs_no_rain,6,neighbor_relative_humidity_max,332.0,True
lightgbm,light_vs_no_rain,6,neighbor_pressure_msl_mean,1352.0,True
lightgbm,light_vs_no_rain,6,neighbor_pressure_msl_min,1106.0,True
lightgbm,light_vs_no_rain,6,neighbor_pressure_msl_max,1047.0,True
lightgbm,light_vs_no_rain,6,neighbor_temperature_2m_mean,1124.0,True
lightgbm,light_vs_no_rain,6,neighbor_dew_point_2m_mean,1731.0,True
lightgbm,light_vs_no_rain,6,neighbor_temperature_dew_point_spread_mean,377.0,True
lightgbm,light_vs_no_rain,6,neighbor_wind_speed_10m_mean,725.0,True
lightgbm,light_vs_no_rain,6,neighbor_wind_speed_10m_max,562.0,True
lightgbm,light_vs_no_rain,6,row_minus_precipitation_mean,71.0,True
lightgbm,light_vs_no_rain,6,row_plus_precipitation_mean,46.0,True
lightgbm,light_vs_no_rain,6,column_minus_precipitation_mean,70.0,True
lightgbm,light_vs_no_rain,6,column_plus_precipitation_mean,35.0,True
lightgbm,light_vs_no_rain,6,row_minus_cloud_cover_mean,283.0,True
lightgbm,light_vs_no_rain,6,row_plus_cloud_cover_mean,243.0,True
lightgbm,light_vs_no_rain,6,column_minus_cloud_cover_mean,230.0,True
lightgbm,light_vs_no_rain,6,column_plus_cloud_cover_mean,294.0,True
lightgbm,light_vs_no_rain,6,neighbor_precipitation_mean_minus_center,26.0,True
lightgbm,light_vs_no_rain,6,neighbor_cloud_cover_mean_minus_center,42.0,True
lightgbm,light_vs_no_rain,6,neighbor_relative_humidity_mean_minus_center,85.0,True
lightgbm,light_vs_no_rain,6,center_pressure_msl_minus_neighbor_mean,41.0,True
