target,scheme,month,threshold,base_rate,rows
h1_0.1mm,global_f1,1,0.27455446124076843,0.0107286866359447,208320
h1_0.1mm,global_f1,2,0.27455446124076843,0.05054246876055387,189504
h1_0.1mm,global_f1,3,0.27455446124076843,0.04800787250384025,208320
h1_0.1mm,global_f1,4,0.27455446124076843,0.059712301587301585,201600
h1_0.1mm,global_f1,5,0.27455446124076843,0.2532786098310292,208320
h1_0.1mm,global_f1,6,0.27455446124076843,0.233872410639736,201208
h1_0.1mm,global_f1,7,0.27455446124076843,0.2855796237159017,207928
h1_0.1mm,global_f1,8,0.27455446124076843,0.271150153609831,208320
h1_0.1mm,global_f1,9,0.27455446124076843,0.4324801587301587,201600
h1_0.1mm,global_f1,10,0.27455446124076843,0.31663306451612905,208320
h1_0.1mm,global_f1,11,0.27455446124076843,0.14165178571428572,201600
h1_0.1mm,global_f1,12,0.27455446124076843,0.024452764976958526,208320
h1_0.1mm,monthly_f1,1,0.0514487624168396,0.0107286866359447,208320
h1_0.1mm,monthly_f1,2,0.17610205709934235,0.05054246876055387,189504
h1_0.1mm,monthly_f1,3,0.16569535434246063,0.04800787250384025,208320
h1_0.1mm,monthly_f1,4,0.2252165526151657,0.059712301587301585,201600
h1_0.1mm,monthly_f1,5,0.2601093053817749,0.2532786098310292,208320
h1_0.1mm,monthly_f1,6,0.23461854457855225,0.233872410639736,201208
h1_0.1mm,monthly_f1,7,0.2880758047103882,0.2855796237159017,207928
h1_0.1mm,monthly_f1,8,0.2909844219684601,0.271150153609831,208320
h1_0.1mm,monthly_f1,9,0.3065217435359955,0.4324801587301587,201600
h1_0.1mm,monthly_f1,10,0.2909844219684601,0.31663306451612905,208320
h1_0.1mm,monthly_f1,11,0.2118167281150818,0.14165178571428572,201600
h1_0.1mm,monthly_f1,12,0.10523632913827896,0.024452764976958526,208320
h1_0.1mm,monthly_tss,1,0.013920733705163002,0.0107286866359447,208320
h1_0.1mm,monthly_tss,2,0.045534152537584305,0.05054246876055387,189504
h1_0.1mm,monthly_tss,3,0.056477367877960205,0.04800787250384025,208320
h1_0.1mm,monthly_tss,4,0.06017699092626572,0.059712301587301585,201600
h1_0.1mm,monthly_tss,5,0.24617010354995728,0.2532786098310292,208320
h1_0.1mm,monthly_tss,6,0.23461854457855225,0.233872410639736,201208
h1_0.1mm,monthly_tss,7,0.30532214045524597,0.2855796237159017,207928
h1_0.1mm,monthly_tss,8,0.2880758047103882,0.271150153609831,208320
h1_0.1mm,monthly_tss,9,0.44664913415908813,0.4324801587301587,201600
h1_0.1mm,monthly_tss,10,0.32861778140068054,0.31663306451612905,208320
h1_0.1mm,monthly_tss,11,0.140359565615654,0.14165178571428572,201600
h1_0.1mm,monthly_tss,12,0.026639344170689583,0.024452764976958526,208320
h1_0.1mm,monthly_precision,1,0.07571396976709366,0.0107286866359447,208320
h1_0.1mm,monthly_precision,2,0.47115904092788696,0.05054246876055387,189504
h1_0.1mm,monthly_precision,3,0.46929240226745605,0.04800787250384025,208320
h1_0.1mm,monthly_precision,4,0.30198198556900024,0.059712301587301585,201600
h1_0.1mm,monthly_precision,5,0.3130679428577423,0.2532786098310292,208320
h1_0.1mm,monthly_precision,6,0.4523553252220154,0.233872410639736,201208
h1_0.1mm,monthly_precision,7,0.35980361700057983,0.2855796237159017,207928
h1_0.1mm,monthly_precision,8,0.30532214045524597,0.271150153609831,208320
h1_0.1mm,monthly_precision,9,0.2149564027786255,0.4324801587301587,201600
h1_0.1mm,monthly_precision,10,0.334624320268631,0.31663306451612905,208320
h1_0.1mm,monthly_precision,11,0.5185185074806213,0.14165178571428572,201600
h1_0.1mm,monthly_precision,12,0.35980361700057983,0.024452764976958526,208320
h3_0.1mm,global_f1,1,0.3265325129032135,0.022215821812596005,208320
h3_0.1mm,global_f1,2,0.3265325129032135,0.08526469098277609,189504
h3_0.1mm,global_f1,3,0.3265325129032135,0.08418778801843319,208320
h3_0.1mm,global_f1,4,0.3265325129032135,0.10381448412698413,201600
h3_0.1mm,global_f1,5,0.3265325129032135,0.3888104838709677,208320
h3_0.1mm,global_f1,6,0.3265325129032135,0.37915490437755955,201208
h3_0.1mm,global_f1,7,0.3265325129032135,0.43445808164364585,207928
h3_0.1mm,global_f1,8,0.3265325129032135,0.41728590629800305,208320
h3_0.1mm,global_f1,9,0.3265325129032135,0.6015376984126984,201600
h3_0.1mm,global_f1,10,0.3265325129032135,0.47846102150537634,208320
h3_0.1mm,global_f1,11,0.3265325129032135,0.24029761904761904,201600
h3_0.1mm,global_f1,12,0.3265325129032135,0.05118567588325653,208320
h3_0.1mm,monthly_f1,1,0.07275103777647018,0.022215821812596005,208320
h3_0.1mm,monthly_f1,2,0.21538209915161133,0.08526469098277609,189504
h3_0.1mm,monthly_f1,3,0.22098951041698456,0.08418778801843319,208320
h3_0.1mm,monthly_f1,4,0.21538209915161133,0.10381448412698413,201600
h3_0.1mm,monthly_f1,5,0.3148120939731598,0.3888104838709677,208320
h3_0.1mm,monthly_f1,6,0.29105934500694275,0.37915490437755955,201208
h3_0.1mm,monthly_f1,7,0.3346153795719147,0.43445808164364585,207928
h3_0.1mm,monthly_f1,8,0.3584875464439392,0.41728590629800305,208320
h3_0.1mm,monthly_f1,9,0.38502538204193115,0.6015376984126984,201600
h3_0.1mm,monthly_f1,10,0.3265325129032135,0.47846102150537634,208320
h3_0.1mm,monthly_f1,11,0.25609755516052246,0.24029761904761904,201600
h3_0.1mm,monthly_f1,12,0.15399795770645142,0.05118567588325653,208320
h3_0.1mm,monthly_tss,1,0.026647966355085373,0.022215821812596005,208320
h3_0.1mm,monthly_tss,2,0.08920007944107056,0.08526469098277609,189504
h3_0.1mm,monthly_tss,3,0.09360465407371521,0.08418778801843319,208320
h3_0.1mm,monthly_tss,4,0.09937276691198349,0.10381448412698413,201600
h3_0.1mm,monthly_tss,5,0.3840000033378601,0.3888104838709677,208320
h3_0.1mm,monthly_tss,6,0.3681831955909729,0.37915490437755955,201208
h3_0.1mm,monthly_tss,7,0.4512195289134979,0.43445808164364585,207928
h3_0.1mm,monthly_tss,8,0.4319066107273102,0.41728590629800305,208320
h3_0.1mm,monthly_tss,9,0.5928853750228882,0.6015376984126984,201600
h3_0.1mm,monthly_tss,10,0.47742408514022827,0.47846102150537634,208320
h3_0.1mm,monthly_tss,11,0.24862553179264069,0.24029761904761904,201600
h3_0.1mm,monthly_tss,12,0.05334797129034996,0.05118567588325653,208320
h3_0.1mm,monthly_precision,1,0.09937276691198349,0.022215821812596005,208320
h3_0.1mm,monthly_precision,2,0.3401183485984802,0.08526469098277609,189504
h3_0.1mm,monthly_precision,3,0.3584875464439392,0.08418778801843319,208320
h3_0.1mm,monthly_precision,4,0.3180429935455322,0.10381448412698413,201600
h3_0.1mm,monthly_precision,5,0.24862553179264069,0.3888104838709677,208320
h3_0.1mm,monthly_precision,6,0.3346153795719147,0.37915490437755955,201208
h3_0.1mm,monthly_precision,7,0.255850225687027,0.43445808164364585,207928
h3_0.1mm,monthly_precision,8,0.2434077113866806,0.41728590629800305,208320
h3_0.1mm,monthly_precision,9,0.06445762515068054,0.6015376984126984,201600
h3_0.1mm,monthly_precision,10,0.1301058977842331,0.47846102150537634,208320
h3_0.1mm,monthly_precision,11,0.4023565351963043,0.24029761904761904,201600
h3_0.1mm,monthly_precision,12,0.3734525740146637,0.05118567588325653,208320
h6_0.1mm,global_f1,1,0.3668016195297241,0.03762960829493087,208320
h6_0.1mm,global_f1,2,0.3668016195297241,0.12379158223573117,189504
h6_0.1mm,global_f1,3,0.3668016195297241,0.1275297619047619,208320
h6_0.1mm,global_f1,4,0.3668016195297241,0.15581349206349207,201600
h6_0.1mm,global_f1,5,0.3668016195297241,0.525043202764977,208320
h6_0.1mm,global_f1,6,0.3668016195297241,0.5320861993558904,201208
h6_0.1mm,global_f1,7,0.3668016195297241,0.5827738447924281,207928
h6_0.1mm,global_f1,8,0.3668016195297241,0.5678331413210446,208320
h6_0.1mm,global_f1,9,0.3668016195297241,0.7500099206349207,201600
h6_0.1mm,global_f1,10,0.3668016195297241,0.630270737327189,208320
h6_0.1mm,global_f1,11,0.3668016195297241,0.3464384920634921,201600
h6_0.1mm,global_f1,12,0.3668016195297241,0.08475902457757296,208320
h6_0.1mm,monthly_f1,1,0.09968847781419754,0.03762960829493087,208320
h6_0.1mm,monthly_f1,2,0.22295983135700226,0.12379158223573117,189504
h6_0.1mm,monthly_f1,3,0.2443220317363739,0.1275297619047619,208320
h6_0.1mm,monthly_f1,4,0.24980784952640533,0.15581349206349207,201600
h6_0.1mm,monthly_f1,5,0.3684188425540924,0.525043202764977,208320
h6_0.1mm,monthly_f1,6,0.3420599699020386,0.5320861993558904,201208
h6_0.1mm,monthly_f1,7,0.3668016195297241,0.5827738447924281,207928
h6_0.1mm,monthly_f1,8,0.4000369906425476,0.5678331413210446,208320
h6_0.1mm,monthly_f1,9,0.43412527441978455,0.7500099206349207,201600
h6_0.1mm,monthly_f1,10,0.3934442400932312,0.630270737327189,208320
h6_0.1mm,monthly_f1,11,0.29980501532554626,0.3464384920634921,201600
h6_0.1mm,monthly_f1,12,0.17380952835083008,0.08475902457757296,208320
h6_0.1mm,monthly_tss,1,0.037880849093198776,0.03762960829493087,208320
h6_0.1mm,monthly_tss,2,0.1310344785451889,0.12379158223573117,189504
h6_0.1mm,monthly_tss,3,0.13998404145240784,0.1275297619047619,208320
h6_0.1mm,monthly_tss,4,0.1513739973306656,0.15581349206349207,201600
h6_0.1mm,monthly_tss,5,0.5230125784873962,0.525043202764977,208320
h6_0.1mm,monthly_tss,6,0.5339311361312866,0.5320861993558904,201208
h6_0.1mm,monthly_tss,7,0.5861561298370361,0.5827738447924281,207928
h6_0.1mm,monthly_tss,8,0.5840446949005127,0.5678331413210446,208320
h6_0.1mm,monthly_tss,9,0.7503064274787903,0.7500099206349207,201600
h6_0.1mm,monthly_tss,10,0.6143266558647156,0.630270737327189,208320
h6_0.1mm,monthly_tss,11,0.3420599699020386,0.3464384920634921,201600
h6_0.1mm,monthly_tss,12,0.0959097370505333,0.08475902457757296,208320
h6_0.1mm,monthly_precision,1,0.1513739973306656,0.03762960829493087,208320
h6_0.1mm,monthly_precision,2,0.3128352165222168,0.12379158223573117,189504
h6_0.1mm,monthly_precision,3,0.32511916756629944,0.1275297619047619,208320
h6_0.1mm,monthly_precision,4,0.32692307233810425,0.15581349206349207,201600
h6_0.1mm,monthly_precision,5,0.00994691252708435,0.525043202764977,208320
h6_0.1mm,monthly_precision,6,0.028784288093447685,0.5320861993558904,201208
h6_0.1mm,monthly_precision,7,0.0289288517087698,0.5827738447924281,207928
h6_0.1mm,monthly_precision,8,0.035892799496650696,0.5678331413210446,208320
h6_0.1mm,monthly_precision,9,0.1330389529466629,0.7500099206349207,201600
h6_0.1mm,monthly_precision,10,0.020168457180261612,0.630270737327189,208320
h6_0.1mm,monthly_precision,11,0.3128352165222168,0.3464384920634921,201600
h6_0.1mm,monthly_precision,12,0.44457584619522095,0.08475902457757296,208320
h1_1.0mm,global_f1,1,0.17155204713344574,0.002222542242703533,208320
h1_1.0mm,global_f1,2,0.17155204713344574,0.011545930428909152,189504
h1_1.0mm,global_f1,3,0.17155204713344574,0.013608870967741936,208320
h1_1.0mm,global_f1,4,0.17155204713344574,0.013774801587301587,201600
h1_1.0mm,global_f1,5,0.17155204713344574,0.06942684331797234,208320
h1_1.0mm,global_f1,6,0.17155204713344574,0.05220468371038925,201208
h1_1.0mm,global_f1,7,0.17155204713344574,0.07336193297679966,207928
h1_1.0mm,global_f1,8,0.17155204713344574,0.0811491935483871,208320
h1_1.0mm,global_f1,9,0.17155204713344574,0.14041170634920636,201600
h1_1.0mm,global_f1,10,0.17155204713344574,0.0854502688172043,208320
h1_1.0mm,global_f1,11,0.17155204713344574,0.02662202380952381,201600
h1_1.0mm,global_f1,12,0.17155204713344574,0.002064132104454685,208320
h1_1.0mm,monthly_f1,1,0.014341250993311405,0.002222542242703533,208320
h1_1.0mm,monthly_f1,2,0.10036911070346832,0.011545930428909152,189504
h1_1.0mm,monthly_f1,3,0.07692012935876846,0.013608870967741936,208320
h1_1.0mm,monthly_f1,4,0.15108491480350494,0.013774801587301587,201600
h1_1.0mm,monthly_f1,5,0.13973383605480194,0.06942684331797234,208320
h1_1.0mm,monthly_f1,6,0.10803689062595367,0.05220468371038925,201208
h1_1.0mm,monthly_f1,7,0.1662292182445526,0.07336193297679966,207928
h1_1.0mm,monthly_f1,8,0.1875,0.0811491935483871,208320
h1_1.0mm,monthly_f1,9,0.2100403904914856,0.14041170634920636,201600
h1_1.0mm,monthly_f1,10,0.15467405319213867,0.0854502688172043,208320
h1_1.0mm,monthly_f1,11,0.12496280670166016,0.02662202380952381,201600
h1_1.0mm,monthly_f1,12,0.08025770634412766,0.002064132104454685,208320
h1_1.0mm,monthly_tss,1,0.0031037938315421343,0.002222542242703533,208320
h1_1.0mm,monthly_tss,2,0.00888028834015131,0.011545930428909152,189504
h1_1.0mm,monthly_tss,3,0.014341250993311405,0.013608870967741936,208320
h1_1.0mm,monthly_tss,4,0.026022305712103844,0.013774801587301587,201600
h1_1.0mm,monthly_tss,5,0.07119633257389069,0.06942684331797234,208320
h1_1.0mm,monthly_tss,6,0.05685892328619957,0.05220468371038925,201208
h1_1.0mm,monthly_tss,7,0.08760509639978409,0.07336193297679966,207928
h1_1.0mm,monthly_tss,8,0.08597797155380249,0.0811491935483871,208320
h1_1.0mm,monthly_tss,9,0.1373702436685562,0.14041170634920636,201600
h1_1.0mm,monthly_tss,10,0.09046292304992676,0.0854502688172043,208320
h1_1.0mm,monthly_tss,11,0.025136221200227737,0.02662202380952381,201600
h1_1.0mm,monthly_tss,12,0.0031037938315421343,0.002064132104454685,208320
h1_1.0mm,monthly_precision,1,0.09171091765165329,0.002222542242703533,208320
h1_1.0mm,monthly_precision,2,0.19906112551689148,0.011545930428909152,189504
h1_1.0mm,monthly_precision,3,0.1662292182445526,0.013608870967741936,208320
h1_1.0mm,monthly_precision,4,0.31153157353401184,0.013774801587301587,201600
h1_1.0mm,monthly_precision,5,0.37944984436035156,0.06942684331797234,208320
h1_1.0mm,monthly_precision,6,0.2887408435344696,0.05220468371038925,201208
h1_1.0mm,monthly_precision,7,0.4842364490032196,0.07336193297679966,207928
h1_1.0mm,monthly_precision,8,0.3991183936595917,0.0811491935483871,208320
h1_1.0mm,monthly_precision,9,0.37944984436035156,0.14041170634920636,201600
h1_1.0mm,monthly_precision,10,0.37944984436035156,0.0854502688172043,208320
h1_1.0mm,monthly_precision,11,0.3991183936595917,0.02662202380952381,201600
h1_1.0mm,monthly_precision,12,0.09105729311704636,0.002064132104454685,208320
h3_1.0mm,global_f1,1,0.19786730408668518,0.004637096774193548,208320
h3_1.0mm,global_f1,2,0.19786730408668518,0.02114467240797028,189504
h3_1.0mm,global_f1,3,0.19786730408668518,0.024956797235023042,208320
h3_1.0mm,global_f1,4,0.19786730408668518,0.024260912698412698,201600
h3_1.0mm,global_f1,5,0.19786730408668518,0.11923963133640553,208320
h3_1.0mm,global_f1,6,0.19786730408668518,0.09534412150610314,201208
h3_1.0mm,global_f1,7,0.19786730408668518,0.12404293794005618,207928
h3_1.0mm,global_f1,8,0.19786730408668518,0.135781490015361,208320
h3_1.0mm,global_f1,9,0.19786730408668518,0.21869047619047619,201600
h3_1.0mm,global_f1,10,0.19786730408668518,0.14404761904761904,208320
h3_1.0mm,global_f1,11,0.19786730408668518,0.048625992063492066,201600
h3_1.0mm,global_f1,12,0.19786730408668518,0.004809907834101382,208320
h3_1.0mm,monthly_f1,1,0.01145374495536089,0.004637096774193548,208320
h3_1.0mm,monthly_f1,2,0.12664908170700073,0.02114467240797028,189504
h3_1.0mm,monthly_f1,3,0.11603750288486481,0.024956797235023042,208320
h3_1.0mm,monthly_f1,4,0.20169880986213684,0.024260912698412698,201600
h3_1.0mm,monthly_f1,5,0.19492322206497192,0.11923963133640553,208320
h3_1.0mm,monthly_f1,6,0.15867042541503906,0.09534412150610314,201208
h3_1.0mm,monthly_f1,7,0.20509010553359985,0.12404293794005618,207928
h3_1.0mm,monthly_f1,8,0.21991084516048431,0.135781490015361,208320
h3_1.0mm,monthly_f1,9,0.25843432545661926,0.21869047619047619,201600
h3_1.0mm,monthly_f1,10,0.19786730408668518,0.14404761904761904,208320
h3_1.0mm,monthly_f1,11,0.16405856609344482,0.048625992063492066,201600
h3_1.0mm,monthly_f1,12,0.09261446446180344,0.004809907834101382,208320
h3_1.0mm,monthly_tss,1,0.003636363660916686,0.004637096774193548,208320
h3_1.0mm,monthly_tss,2,0.013865211978554726,0.02114467240797028,189504
h3_1.0mm,monthly_tss,3,0.028549129143357277,0.024956797235023042,208320
h3_1.0mm,monthly_tss,4,0.027910077944397926,0.024260912698412698,201600
h3_1.0mm,monthly_tss,5,0.13237746059894562,0.11923963133640553,208320
h3_1.0mm,monthly_tss,6,0.10342677682638168,0.09534412150610314,201208
h3_1.0mm,monthly_tss,7,0.13237746059894562,0.12404293794005618,207928
h3_1.0mm,monthly_tss,8,0.1387978196144104,0.135781490015361,208320
h3_1.0mm,monthly_tss,9,0.23407098650932312,0.21869047619047619,201600
h3_1.0mm,monthly_tss,10,0.121613048017025,0.14404761904761904,208320
h3_1.0mm,monthly_tss,11,0.044327668845653534,0.048625992063492066,201600
h3_1.0mm,monthly_tss,12,0.005394361447542906,0.004809907834101382,208320
h3_1.0mm,monthly_precision,1,0.02122923545539379,0.004637096774193548,208320
h3_1.0mm,monthly_precision,2,0.285669207572937,0.02114467240797028,189504
h3_1.0mm,monthly_precision,3,0.19786730408668518,0.024956797235023042,208320
h3_1.0mm,monthly_precision,4,0.3259523808956146,0.024260912698412698,201600
h3_1.0mm,monthly_precision,5,0.381472647190094,0.11923963133640553,208320
h3_1.0mm,monthly_precision,6,0.2897804379463196,0.09534412150610314,201208
h3_1.0mm,monthly_precision,7,0.509692370891571,0.12404293794005618,207928
h3_1.0mm,monthly_precision,8,0.381472647190094,0.135781490015361,208320
h3_1.0mm,monthly_precision,9,0.36060717701911926,0.21869047619047619,201600
h3_1.0mm,monthly_precision,10,0.47303709387779236,0.14404761904761904,208320
h3_1.0mm,monthly_precision,11,0.4849715828895569,0.048625992063492066,201600
h3_1.0mm,monthly_precision,12,0.19517283141613007,0.004809907834101382,208320
h6_1.0mm,global_f1,1,0.22822822630405426,0.008006912442396314,208320
h6_1.0mm,global_f1,2,0.22822822630405426,0.034257852077001015,189504
h6_1.0mm,global_f1,3,0.22822822630405426,0.04008256528417819,208320
h6_1.0mm,global_f1,4,0.22822822630405426,0.03961805555555555,201600
h6_1.0mm,global_f1,5,0.22822822630405426,0.1851334485407066,208320
h6_1.0mm,global_f1,6,0.22822822630405426,0.1550832968868037,201208
h6_1.0mm,global_f1,7,0.22822822630405426,0.1902196914316494,207928
h6_1.0mm,global_f1,8,0.22822822630405426,0.2089573732718894,208320
h6_1.0mm,global_f1,9,0.22822822630405426,0.31700396825396826,201600
h6_1.0mm,global_f1,10,0.22822822630405426,0.2181307603686636,208320
h6_1.0mm,global_f1,11,0.22822822630405426,0.07900297619047619,201600
h6_1.0mm,global_f1,12,0.22822822630405426,0.008818164362519202,208320
h6_1.0mm,monthly_f1,1,0.010355835780501366,0.008006912442396314,208320
h6_1.0mm,monthly_f1,2,0.14090535044670105,0.034257852077001015,189504
h6_1.0mm,monthly_f1,3,0.14090535044670105,0.04008256528417819,208320
h6_1.0mm,monthly_f1,4,0.20682533085346222,0.03961805555555555,201600
h6_1.0mm,monthly_f1,5,0.2267669439315796,0.1851334485407066,208320
h6_1.0mm,monthly_f1,6,0.16612516343593597,0.1550832968868037,201208
h6_1.0mm,monthly_f1,7,0.20682533085346222,0.1902196914316494,207928
h6_1.0mm,monthly_f1,8,0.2640334665775299,0.2089573732718894,208320
h6_1.0mm,monthly_f1,9,0.2640334665775299,0.31700396825396826,201600
h6_1.0mm,monthly_f1,10,0.24081578850746155,0.2181307603686636,208320
h6_1.0mm,monthly_f1,11,0.206418976187706,0.07900297619047619,201600
h6_1.0mm,monthly_f1,12,0.02277451381087303,0.008818164362519202,208320
h6_1.0mm,monthly_tss,1,0.0057817320339381695,0.008006912442396314,208320
h6_1.0mm,monthly_tss,2,0.02356293611228466,0.034257852077001015,189504
h6_1.0mm,monthly_tss,3,0.0443418025970459,0.04008256528417819,208320
h6_1.0mm,monthly_tss,4,0.0450606606900692,0.03961805555555555,201600
h6_1.0mm,monthly_tss,5,0.20186585187911987,0.1851334485407066,208320
h6_1.0mm,monthly_tss,6,0.14302277565002441,0.1550832968868037,201208
h6_1.0mm,monthly_tss,7,0.18519875407218933,0.1902196914316494,207928
h6_1.0mm,monthly_tss,8,0.20682533085346222,0.2089573732718894,208320
h6_1.0mm,monthly_tss,9,0.30491214990615845,0.31700396825396826,201600
h6_1.0mm,monthly_tss,10,0.20682533085346222,0.2181307603686636,208320
h6_1.0mm,monthly_tss,11,0.08394500613212585,0.07900297619047619,201600
h6_1.0mm,monthly_tss,12,0.007220896892249584,0.008818164362519202,208320
h6_1.0mm,monthly_precision,1,0.008845331147313118,0.008006912442396314,208320
h6_1.0mm,monthly_precision,2,0.3942839205265045,0.034257852077001015,189504
h6_1.0mm,monthly_precision,3,0.5793327689170837,0.04008256528417819,208320
h6_1.0mm,monthly_precision,4,0.34279999136924744,0.03961805555555555,201600
h6_1.0mm,monthly_precision,5,0.4233990013599396,0.1851334485407066,208320
h6_1.0mm,monthly_precision,6,0.3681640028953552,0.1550832968868037,201208
h6_1.0mm,monthly_precision,7,0.4233990013599396,0.1902196914316494,207928
h6_1.0mm,monthly_precision,8,0.35361430048942566,0.2089573732718894,208320
h6_1.0mm,monthly_precision,9,0.35361430048942566,0.31700396825396826,201600
h6_1.0mm,monthly_precision,10,0.4677858352661133,0.2181307603686636,208320
h6_1.0mm,monthly_precision,11,0.5594876408576965,0.07900297619047619,201600
h6_1.0mm,monthly_precision,12,0.2174023687839508,0.008818164362519202,208320
